AMPOC05179	AF-A0A3P8TB97-F1-model_v4	1.000	80	0	MSVEEQGYPDAALLLEAGPEWLRAEIERLSRELSETTNEKIQAAEYGLAVLEEKQQLKQQYDDLEIEYEAVRQELDQLKD	MSVEEQGYPDAALLLEAGPEWLRAEIERLSRELSETTNEKIQAAEYGLAVLEEKQQLKQQYDDLEIEYEAVRQELDQLKDAFGQAYSNHRKVAADGESREESLIQESACKEAYYEQRVLELQTDLRQTRNILANTQSENERLNTISQDMRENSQMVELQRNQLRDDIKEYKFRETRLLQDYTELEEENISLQKQVSVLKQSQVEFEGLKHEIRRLEEDTQFLNSQLEDAIRLKEIADRQLSEALETIKTERELKASLRKELSHYMSIGDTLYHSPLSISLDGLKFSDDAATEPNNDEALHGYENGFTKLANAIADDDNRISTPKKEDLFRPAPSLVDDLLSELNISEIQKLKQQLMQMEREKVNLLSTLQDSQKQLEQANGALCEHQEKVNRLTENLNAIRKLQASKERQSALDNEKERDSHEDGDYYEVDINGPEILECKYKVAVSEAGELKEELKTLKAEYQTCQSRYEEERNRLENDVTTLGEKLATLEKTSYVEREEKAKLEKELRKLSDVAGESQGSLSVAQDELVTFSEELATLYNHVCMCNNETPNRVMLDFYKEGKGGRSSPEGRGRRSPILLTKGLFPEPGRTDLSDGAPSPVSSLPSPVSDHRREPMNIYNLVAIIRDQIKHLQLAVDRTTELSRQRVASLELGTVADKDKEACMEEILKLKSLLSTKREQIATLRTVLKANKQTAEVALANLKSKYENEKAMVTETMMKLRNELKALKEDAATFSSLRAMFATRCDEYVTQLDEMQRQLAAAEDEKKTLNSLLRMAIQQKLALTQRLEDLEFDHEQTRRGGTAGRAKTRSKAASSTTNNPH	1	80	1	80	2.692E-40	152	1.000	0.097
AMPOC05179	AF-A0A3Q1B1T4-F1-model_v4	1.000	80	0	MSVEEQGYPDAALLLEAGPEWLRAEIERLSRELSETTNEKIQAAEYGLAVLEEKQQLKQQYDDLEIEYEAVRQELDQLKD	MSVEEQGYPDAALLLEAGPEWLRAEIERLSRELSETTNEKIQAAEYGLAVLEEKQQLKQQYDDLEIEYEAVRQELDQLKDAFGQAYSNHRKVAADGESREESLIQESACKEAYYEQRVLELQTDLRQTRNILANTQSENERLNTISQDMRENSQMVELQRNQLRDDIKEYKFRETRLLQDYTELEEENISLQKQVSVLKQSQVEFEGLKHEIRRLEEDTQFLNSQLEDAIRLKEIADRQLSEALETIKTERELKASLRKELSHYMSIGDTLYHSPLSISLDGLKFSDDAATEPNNDEALHGYENGFTKLANAIADDDNRISTPKKEDLFRPAPSLVDDLLSELNISEIQKLKQQLMQMEREKVNLLSTLQDSQKQLEQANGALCEHQEKVNRLTENLNAIRKLQASKERQSALDNEKERDSHEDGDYYEVDINGPEILECKYKVAVSEAGELKEELKTLKAEYQTCQSRYEEERNRLENDVTTLGEKLATLEKTSYVEREEKAKLEKELRKLSDVAGESQGSLSVAQDELVTFSEELATLYNHVCMCNNETPNRVMLDFYKEGKGGRSSPEGRGRRSPILLTKGLFPEPGRTDLSDGAPSPVSSLPSPVSDHRREPMNIYNLVAIIRDQIKHLQLAVDRTTELSRQRVASLELGTVADKDKEACMEEILKLKSLLSTKREQIATLRTVLKANKQTAEVALANLKSKYENEKAMVTETMMKLRNELKALKEDAATFSSLRAMFATRCDEYVTQLDEMQRQLAAAEDEKKTLNSLLRMAIQQKLALTQRLEDLEFDHEQTRRGGTAGRAKTRSKAASSTTNNPHVSQSLTCSGSGRPEHNNAMPNGILGGPVVFCSEKYKIYCD	1	80	1	80	2.692E-40	152	1.000	0.093
AMPOC05179	AF-A0A3Q1EYF7-F1-model_v4	0.987	80	1	MSVEEQGYPDAALLLEAGPEWLRAEIERLSRELSETTNEKIQAAEYGLAVLEEKQQLKQQYDDLEIEYEAVRQELDQLKD	MSVEEQGYPDAALLLEAGPEWLRAEIERLSRELSETTNEKIQAAEYGLAVLEEKQQLKQQYDDLEIDYEAVRQELDQLKDAFGQAYSNHRKVAADGESREESLIQESACKEAYYEQRVLELQTELRQTRNNLANTQSENERLNTISQDMRENSQVVELQRNQLRDDIKEYKFRETRLLQDYTELEEENISLQKQVSVLKQSQVEFEGLKHEIRRLEEDTQFLNSQLEDAIRLKEIADRQLSEALETIKTERELKASLRKELSHYMSIGDTLYHSPLSISLDGLKFSDDAATEPNNDEALHGYENGFIKLANAIADDDNRISTPKKEELFRPAPSLVDDLLSELNISEIQKLKQQLMQMEREKVNLLSTLQDSQKQLEQANGALCEHQEKVNRLTENLNAIRKLQASKERQSALDNEKERDSHEDGDYYEVDINGPEILECKYKVAVSEAGELKEELKTLKAEYQTCQSRYEEERNRLENDVTTLGEKLATLEKTSYVEREEKAKLEKELRKLSDVAGESQGSLSVAQDELVTFSEELATLYNHVCMCNNETPNRVMLDFYKEGKGGRSSPEGRGRRSPILLTKGLFPEPGRTDLSDGAPSPVSSLPSPVSDHRREPMNIYNLVAIIRDQIKHLQLAVDRTTELSRQRVASLELGTVADKDKEACMEEILKLKSLLSTKREQIATLRTVLKANKQTAEVALANLKSKYENEKAMVTETMMKLRNELKALKEDAATFSSLRAMFATRCDEYVTQLDEMQRQLAAAEDEKKTLNSLLRMAIQQKLALTQRLEDLEFDHEQTRRGGNAGRAKTRSKAASSTTNNPH	1	80	1	80	6.957E-40	151	1.000	0.097
AMPOC05179	AF-A0A3Q1HHE1-F1-model_v4	0.987	80	1	MSVEEQGYPDAALLLEAGPEWLRAEIERLSRELSETTNEKIQAAEYGLAVLEEKQQLKQQYDDLEIEYEAVRQELDQLKD	MSVEEQGYPDAALLLEAGPEWLRAEIERLSRELSETTNEKIQAAEYGLAVLEEKQQLKQQYDDLEIDYEAVRQELDQLKDAFGQAYSNHRKVAADGESREESLIQESACKEAYYEQRVLELQTELRQTRNNLANTQSENERLNTISQDMRENSQVVELQRNQLRDDIKEYKFRETRLLQDYTELEEENISLQKQVSVLKQSQVEFEGLKHEIRRLEEDTQFLNSQLEDAIRLKEIADRQLSEALETIKTERELKASLRKELSHYMSIGDTLYHSPLSISLDGLKFSDDAATEPNNDEALHGYENGFIKLANAIADDDNRISTPKKEELFRPAPSLVDDLLSELNISEIQKLKQQLMQMEREKVNLLSTLQDSQKQLEQANGALCEHQEKVNRLTENLNAIRKLQASKERQSALDNEKERDSHEDGDYYEVDINGPEILECKYKVAVSEAGELKEELKTLKAEYQTCQSRYEEERNRLENDVTTLGEKLATLEKTSYVEREEKAKLEKELRKLSDVAGESQGSLSVAQDELVTFSEELATLYNHVCMCNNETPNRVMLDFYKEGKGGRSSPEGRGRRSPILLTKGLFPEPGRTDLSDGAPSPVSSLPSPVSDHRREPMNIYNLVAIIRDQIKHLQLAVDRTTELSRQRVASLELGTVADKDKEACMEEILKLKSLLSTKREQIATLRTVLKANKQTAEVALANLKSKYENEKAMVTETMMKLRNELKALKEDAATFSSLRAMFATRCDEYVTQLDEMQRQLAAAEDEKKTLNSLLRMAIQQKLALTQRLEDLEFDHEQTRRGGNAGRAKTRSKAASSTTNNPHIVSSLLPQHHHSPFN	1	80	1	80	6.957E-40	151	1.000	0.096
AMPOC05179	AF-A0A672IV96-F1-model_v4	0.950	80	4	MSVEEQGYPDAALLLEAGPEWLRAEIERLSRELSETTNEKIQAAEYGLAVLEEKQQLKQQYDDLEIEYEAVRQELDQLKD	MSVEEQGYPDAMMLLEAAPEWLRAEIERLSRELSETTNEKIQAAEYGLAVLEEKQQLKQQYDDLEIEYEAVRQELDQLKEAFGQAHSNHRKVAADGESREESLIQESACKEAYYEQRVLELQTELRQSRNILTNTQSENERLNSITQEMRENSQMVELQRNQLRDDIKEYKFRESRLLQDYTELEEENISLQKQVLVLKQSQVEFEGLKHEIRRLEEDTQFLNSQLEDAIRLKEISERQLSEALETIKTERELKASLRKELSHYMSIGDTLYHSPLSISLDGLKFSDDAATEPNNDEALHGYENGFIKLANAITDDNRISTPKNEELFRPAPSLVDDLLSELNICEIQKLKQQLMQMEREKVNLLSNLQDSQKQLEQANGALSEHQEKVNRLTENLNAIRKLQASKERQSALDNEKERDSHEDGDYYEVDINGPEILECKYKVAVSEAGELKEELKTLKAEYQACQSRYEEERTRLENDVTTLGEKLSSLEKSSRTEKEEKAKLEKELRKLSDVAGESQGSLSVAQDELVTFSEELATLYNHVCMCNNETPNRVMLDFYKEGKGGRSSPEGRGRRSPILLTKGLFPEPGKADLSDGVPSPVSSLPSPVSDHRREPMNIYNLVAIIRDQIKHLQLAVDRTTELSRQRVASLELGAVADKDKEACMEEILKLKSLLSTKREQIATLRTVLKANKQTAEVALANLKSKYENEKAMVTETMMKLRNELKALKEDAATFSSLRAMFATRCDEYVTQLDEMQRQLAAAEDEKKTLNSLLRMAIQQKLALTQRLEDLEFDHEQTRRGGNSGRAKARKAAGGTAGNPH	1	80	1	80	5.849E-38	145	1.000	0.098
AMPOC05179	AF-A0A672IV99-F1-model_v4	0.950	80	4	MSVEEQGYPDAALLLEAGPEWLRAEIERLSRELSETTNEKIQAAEYGLAVLEEKQQLKQQYDDLEIEYEAVRQELDQLKD	MSVEEQGYPDAMMLLEAAPEWLRAEIERLSRELSETTNEKIQAAEYGLAVLEEKQQLKQQYDDLEIEYEAVRQELDQLKEAFGQAHSNHRKVAADGESREESLIQESACKEAYYEQRVLELQTELRQSRNILTNTQSENERLNSITQEMRENSQMVELQRNQLRDDIKEYKFRESRLLQDYTELEEENISLQKQVLVLKQSQVEFEGLKHEIRRLEEDTQFLNSQLEDAIRLKEISERQLSEALETIKTERELKASLRKELSHYMSIGDTLYHSISLDGLKFSDDAATEPNNDEALHGYENGFIKLANAITDDNRISTPKNEELFRPAPSLVDDLLSELNICEIQKLKQQLMQMEREKVNLLSNLQDSQKQLEQANGALSEHQEKVNRLTENLNAIRKLQASKERQSALDNEKERDSHEDGDYYEVDINGPEILECKYKVAVSEAGELKEELKTLKAEYQACQSRYEEERTRLENDVTTLGEKLSSLEKSSRTEKEEKAKLEKELRKLSDVAGESQGSLSVAQDELVTFSEELATLYNHVCMCNNETPNRVMLDFYKEGKGGRSSPEGRGRRSPILLTKGLFPEPGKADLSDGVPSPVSSLPSPVSDHRREPMNIYNLVAIIRDQIKHLQLAVDRTTELSRQRVASLELGAVADKDKEACMEEILKLKSLLSTKREQIATLRTVLKANKQTAEVALANLKSKYENEKAMVTETMMKLRNELKALKEDAATFSSLRAMFATRCDEYVTQLDEMQRQLAAAEDEKKTLNSLLRMAIQQKLALTQRLEDLEFDHEQTRRGGNSGRAKARKAAVCTRRLDCSRHIRHVEYRAPGYIGGV	1	80	1	80	5.849E-38	145	1.000	0.096
AMPOC05179	AF-A0A672IVT7-F1-model_v4	0.950	80	4	MSVEEQGYPDAALLLEAGPEWLRAEIERLSRELSETTNEKIQAAEYGLAVLEEKQQLKQQYDDLEIEYEAVRQELDQLKD	MSVEEQGYPDAMMLLEAAPEWLRAEIERLSRELSETTNEKIQAAEYGLAVLEEKQQLKQQYDDLEIEYEAVRQELDQLKEAFGQAHSNHRKVAADGESREESLIQESACKEAYYEQRVLELQTELRQSRNILTNTQSENERLNSITQEMRENSQMVELQRNQLRDDIKEYKFRESRLLQDYTELEEENISLQKQVLVLKQSQVEFEGLKHEIRRLEEDTQFLNSQLEDAIRLKEISERQLSEALETIKTERELKASLRKELSHYMSIGDTLYHSPLSISLDGLKFSDDAATEPNNDEALHGYENGFIKLANAITDDNRISTPKNEELFRPAPSLVDDLLSELNICEIQKLKQQLMQMEREKVNLLSNLQDSQKQLEQANGALSEHQEKVNRLTENLNAIRKLQASKERQSALDNEKERDSHEDGDYYEVDINGPEILECKYKVAVSEAGELKEELKTLKAEYQACQSRYEEERTRLENDVTTLGEKLSSLEKSSRTEKEEKAKLEKELRKLSDVAGESQGSLSVAQDELVTFSEELATLYNHVCMCNNETPNRVMLDFYKEGKGGRSSPEGRGRRSPILLTKGLFPEPGKADLSDGVPSPVSSLPSPVSDHRREPMNIYNLVAIIRDQIKHLQLAVDRTTELSRQRVASLELGAVADKDKEACMEEILKLKSLLSTKREQIATLRTVLKANKQTAEVALANLKSKYENEKAMVTETMMKLRNELKALKEDAATFSSLRAMFATRCDEYVTQLDEMQRQLAAAEDEKKTLNSLLRMAIQQKLALTQRLEDLEFDHEQTRRGGNSAPRRSLASPSWRPQDRPALSGPLSNEMFTIRK	1	80	1	80	5.849E-38	145	1.000	0.096
AMPOC05179	AF-A0A672IUX5-F1-model_v4	0.950	80	4	MSVEEQGYPDAALLLEAGPEWLRAEIERLSRELSETTNEKIQAAEYGLAVLEEKQQLKQQYDDLEIEYEAVRQELDQLKD	MSVEEQGYPDAMMLLEAAPEWLRAEIERLSRELSETTNEKIQAAEYGLAVLEEKQQLKQQYDDLEIEYEAVRQELDQLKEAFGQAHSNHRKVAADGESREESLIQESACKEAYYEQRVLELQTELRQSRNILTNTQSENERLNSITQEMRENSQMVELQRNQLRDDIKEYKFRESRLLQDYTELEEENISLQKQVLVLKQSQVEFEGLKHEIRRLEEDTQFLNSQLEDAIRLKEISERQLSEALETIKTERELKASLRKELSHYMSIGDTLPLSISLDGLKFSDDAATEPNNDEALHGYENGFIKLANAITDDNRISTPKNEELFRPAPSLVDDLLSELNICEIQKLKQQLMQMEREKVNLLSNLQDSQKQLEQANGALSEHQEKVNRLTENLNAIRKLQASKERQSALDNEKERDSHEDGDYYEVDINGPEILECKYKVAVSEAGELKEELKTLKAEYQACQSRYEEERTRLENDVTTLGEKLSSLEKSSRTEKEEKAKLEKELRKLSDVAGESQGSLSVAQDELVTFSEELATLYNHVCMCNNETPNRVMLDFYKEGKGGRSSPEGRGRRSPILLTKGLFPEPGKADLSDGVPSPVSSLPSPVSDHRREPMNIYNLVAIIRDQIKHLQLAVDRTTELSRQRVASLELGAVADKDKEACMEEILKLKSLLSTKREQIATLRTVLKANKQTAEVALANLKSKYENEKAMVTETMMKLRNELKALKEDAATFSSLRAMFATRCDEYVTQLDEMQRQLAAAEDEKKTLNSLLRMAIQQKLALTQRLEDLEFDHEQTRRGGNSGRAKARKAAGGTAGNPHVTPSAFRLGEHQCDSTQKFRTHPWAIGIAMATSGQKRSTCDHGCLFQDHFKSCDASTPIL	1	80	1	80	5.849E-38	145	1.000	0.091
AMPOC05179	AF-A0A672ISK0-F1-model_v4	0.950	80	4	MSVEEQGYPDAALLLEAGPEWLRAEIERLSRELSETTNEKIQAAEYGLAVLEEKQQLKQQYDDLEIEYEAVRQELDQLKD	MSVEEQGYPDAMMLLEAAPEWLRAEIERLSRELSETTNEKIQAAEYGLAVLEEKQQLKQQYDDLEIEYEAVRQELDQLKEAFGQAHSNHRKVAADGESREESLIQESACKEAYYEQRVLELQTELRQSRNILTNTQSENERLNSITQEMRENSQMVELQRNQLRDDIKEYKFRESRLLQDYTELEEENISLQKQVLVLKQSQVEFEGLKHEIRRLEEDTQFLNSQLEDAIRLKEISERQLSEALETIKTERELKASLRKELSHYMSIGDTLPLSISLDGLKFSDDAATEPNNDEALHGYENGFIKLANAITDDNRISTPKNEELFRPAPSLVDDLLSELNICEIQKLKQQLMQMEREKVNLLSNLQDSQKQLEQANGALSEHQEKVNRLTENLNAIRKLQASKERQSALDNEKERDSHEDGDYYEVDINGPEILECKYKVAVSEAGELKEELKTLKAEYQACQSRYEEERTRLENDVTTLGEKLSSLEKSSRTEKEEKAKLEKELRKLSDVAGESQGSLSVAQDELVTFSEELATLYNHVCMCNNETPNRVMLDFYKEGKGGRSSPEGRGRRSPILLTKGLFPEPGKADLSDGVPSPVSSLPSPVSDHRREPMNIYNLVAIIRDQIKHLQLAVDRTTELSRQRVASLELGAVADKDKEACMEEILKLKSLLSTKREQIATLRTVLKANKQTAEVALANLKSKYENEKAMVTETMMKLRNELKALKEDAATFSSLRAMFATRCDEYVTQLDEMQRQLAAAEDEKKTLNSLLRMAIQQKLALTQRLEDLEFDHEQTRRGGNSGRAKARKAAGGTAGNPHVSQSLTCSGLPELNNSMPNGILGGPVVFCSGCKRPHGTAVYRGWGGGGGAARARRTLPALVLKSPTRSL	1	80	1	80	5.849E-38	145	1.000	0.090
AMPOC05179	AF-A0A3B4T4U3-F1-model_v4	0.937	80	5	MSVEEQGYPDAALLLEAGPEWLRAEIERLSRELSETTNEKIQAAEYGLAVLEEKQQLKQQYDDLEIEYEAVRQELDQLKD	MSVEEQGYPDAMRLLEAGPEWMRAEIERLSRELSETTNEKIQAAEYGLAVLEEKQQLKQQYDDLEIEYEAVRQEVDQLKEAFGQAYSNHRKVAADGESREESLIQESACKEAYYEQRVLELQTDLRQARNILTNTQSENERLNTISQEMKENSQMVELQRNQLRDDIKEYKFREARLLQDYTELEEENISLQKQVSVLKQSQVEFEGLKHEIRRLEEDTQFLNSQLEDAIRLKEIAERQLGEALETIKTERELKASLRKELSHYMSIGDTLYHSPLSISLDGLKFSDDAATEPNNDEALHGYENGFTKLANAITDDNRVSTPKKEELFRPAPSLVDDLLSELNISEIQKLKQQLIQMEREKVNLLSTLQDSQKQLEQANGALSEHQEKVNRLTENLNAIRKLQASKERQSALDNEKERDSHEDGDYYEVDINGPEILECKYKVAVSEAGELKEELKTLKTEYQACQSRYDEERNRLENDVTTLGEKLSTLEKTSQAEREQKAKLEKELRKLSDVAGESQGSLSVAQDELVTFSEELATLYNHVCMCNNETPNRVMLDFYKEGKGGRSSPEGRGRRSPILLTKGLFPEPGKTDLSDGVPSPVSSLPSPVSDHRREPMNIYNLVAIIRDQIKHLQLAVDRTTELSRQRVASLELGTVADKDKEACMEEILKLKSLLSTKREQIATLRTVLKANKQTAEVALTNLKSKYENEKAMVTETMMKLRNELKALKEDAATFSSLRAMFATRCDEYVTQLDEMQRQLAAAEDEKKTLNSLLRMAIQQKLALTQRLEDLEFDHEQTRRGGNAGRAKARSKAASGTANNPH	1	80	1	80	1.512E-37	144	1.000	0.097
AMPOC05179	AF-A0A3B4XCM4-F1-model_v4	0.937	80	5	MSVEEQGYPDAALLLEAGPEWLRAEIERLSRELSETTNEKIQAAEYGLAVLEEKQQLKQQYDDLEIEYEAVRQELDQLKD	MSVEEQGYPDAMRLLEAGPEWMRAEIERLSRELSETTNEKIQAAEYGLAVLEEKQQLKQQYDDLEIEYEAVRQEVDQLKEAFGQAYSNHRKVAADGESREESLIQESACKEAYYEQRVLELQTDLRQARNILTNTQSENERLNNISQEMKENSQMVELQRNQLRDDIKEYKFREARLLQDYTELEEENISLQKQVSVLKQSQVEFEGLKHEIRRLEEDTQFLNSQLEDAIRLKEIAERQLGEALETIKTERELKASLRKELSHYMSIGDTLYHSPLSISLDGLKFSDDAATEPNNDEALNGYENGFTKLANAITDDNRVSTPKKEELFRPAPSLVDDLLSELNISEIQKLKQQLIQMEREKVNLLSTLQDSQKQLEQANGALSEHQEKVNRLTENLNAIRKLQASKERQSALDNEKERDSHEDGDYYEVDINGPEILECKYKVAVSEAGELKEELKTLKTEYQACQSRYDEERTRLENDVTTLGEKLSTLEKTSQAEREQKAKLEKELRKLSDVAGESQGSLSVAQDELVTFSEELATLYNHVCMCNNETPNRVMLDFYKEGKGGRSSPEGRGRRSPILLTKGLFPEPGKTDLSDGVPSPVSSLPSPVSDHRREPMNIYNLVAIIRDQIKHLQLAVDRTTELSRQRVASLELGTVADKDKEACMEEILKLKSLLSTKREQIATLRTVLKANKQTAEVALTNLKSKYENEKAMVTETMMKLRNELKALKEDAATFSSLRAMFATRCDEYVTQLDEMQRQLAAAEDEKKTLNSLLRMAIQQKLALTQRLEDLEFDHEQTRRGGNAGRAKARSKAASGTANNPH	1	80	1	80	1.512E-37	144	1.000	0.097
AMPOC05179	AF-A0A3B4FAV3-F1-model_v4	0.937	80	5	MSVEEQGYPDAALLLEAGPEWLRAEIERLSRELSETTNEKIQAAEYGLAVLEEKQQLKQQYDDLEIEYEAVRQELDQLKD	MSVEEQGYPDAVLLMEAGPEWLRAEIGRLSRELSETTNEKIQAAEYGLAVLEEKQQLKQQYEDLEIEYEAVRQELDQLKEAFGQAYSNHRKVAADGESREESLIQESACKEAYYEQRVLELQNELRQTRNILTNTQSENERLNAISQDLRESSQMVELQRNQLRDDIKEYKFRESRLLQDYTELEEENISLQKQVSMLKQSQVEFEGLKHEIRRLEEDTQFLNSQLEDAIRLKEIAERQLSEALETIKTERELKASLRKELSHYMNIGDTLYNSPLSISLDGLKFSDDAATEPNNDEALHGYENGFIKLANAITDDNRIPMPKKEELFRPVPSLVDDLLSELNISEIQKLKQQLMQMEREKVNLMSTLQDSQKQLEQANGALSEHQEKVNRLTENLNAIRKLQASKERQSALDNEKERDSHEDVDYYEVDINGPEILECKYKVAVSEAGELKEELKTLKAEYQACQSRYEEERTRLATDVTTLKENLTTLEKTSHAEREEKAKLEKELRKVSDVAGESQGSLSVAQDELVTFSEELATLYNHVCMCNNETPNRVMLDFYKEGKGGRSSPEGRGRRSPILLTKGLFPEPSKTDLSDGAPSPISSLPSPVSDHRREPMNIYNLVAIIRDQIKHLQLAVDRTTELSRQRVASLELGTVADKDKEACMEEILKLKSLLSTKREQIATLRTVLKANKQTAEVALANLKSKYENEKAMVTETMMKLRNELKALKEDAATFSSLRAMFATRCDEYVTQLDEMQRQLAAAEDEKKTLNSLLRMAIQQKLALTQRLEDLEFDHEQTRRGGNAGRLAPPASPLTL	1	80	1	80	2.075E-37	143	1.000	0.098
AMPOC05179	AF-A0A3P9DIP5-F1-model_v4	0.937	80	5	MSVEEQGYPDAALLLEAGPEWLRAEIERLSRELSETTNEKIQAAEYGLAVLEEKQQLKQQYDDLEIEYEAVRQELDQLKD	MSVEEQGYPDAVLLMEAGPEWLRAEIGRLSRELSETTNEKIQAAEYGLAVLEEKQQLKQQYEDLEIEYEAVRQELDQLKEAFGQAYSNHRKVAADGESREESLIQESACKEAYYEQRVLELQNELRQTRNILTNTQSENERLNAISQDLRESSQMVELQRNQLRDDIKEYKFRESRLLQDYTELEEENISLQKQVSMLKQSQVEFEGLKHEIRRLEEDTQFLNSQLEDAIRLKEIAERQLSEALETIKTERELKASLRKELSHYMNIGDTLYNSPLSISLDGLKFSDDAATEPNNDEALHGYENGFIKLANAITDDNRIPMPKKEELFRPVPSLVDDLLSELNISEIQKLKQQLMQMEREKVNLMSTLQDSQKQLEQANGALSEHQEKVNRLTENLNAIRKLQASKERQSALDNEKERDSHEDVDYYEVDINGPEILECKYKVAVSEAGELKEELKTLKAEYQACQSRYEEERTRLATDVTTLKENLTTLEKTSHAEREEKAKLEKELRKVSDVAGESQGSLSVAQDELVTFSEELATLYNHVCMCNNETPNRVMLDFYKEGKGGRSSPEGRGRRSPILLTKGLFPEPSKTDLSDGAPSPISSLPSPVSDHRREPMNIYNLVAIIRDQIKHLQLAVDRTTELSRQRVASLELGTVADKDKEACMEEILKLKSLLSTKREQIATLRTVLKANKQTAEVALANLKSKYENEKAMVTETMMKLRNELKALKEDAATFSSLRAMFATRCDEYVTQLDEMQRQLAAAEDEKKTLNSLLRMAIQQKLALTQRLEDLEFDHEQTRRGGNAGRLAPPASPLTL	1	80	1	80	2.075E-37	143	1.000	0.098
AMPOC05179	AF-A0A3Q2X5K8-F1-model_v4	0.937	80	5	MSVEEQGYPDAALLLEAGPEWLRAEIERLSRELSETTNEKIQAAEYGLAVLEEKQQLKQQYDDLEIEYEAVRQELDQLKD	MSVEEQGYPDAVLLMEAGPEWLRAEIGRLSRELSETTNEKIQAAEYGLAVLEEKQQLKQQYEDLEIEYEAVRQELDQLKEAFGQAYSNHRKVAADGESREESLIQESACKEAYYEQRVLELQNELRQTRNILTNTQSENERLNAISQDLRESSQMVELQRNQLRDDIKEYKFRESRLLQDYTELEEENISLQKQVSMLKQSQVEFEGLKHEIRRLEEDTQFLNSQLEDAIRLKEIAERQLSEALETIKTERELKASLRKELSHYMNIGDTLPLSISLDGLKFSDDAATEPNNDEALHGYENGFIKLANAITDDNRIPMPKKEELFRPVPSLVDDLLSELNISEIQKLKQQLMQMEREKVNLMSTLQDSQKQLEQANGALSEHQEKVNRLTENLNAIRKLQASKERQSALDNEKERDSHEDVDYYEVDINGPEILECKYKVAVSEAGELKEELKTLKAEYQACQSRYEEERTRLATDVTTLKENLTTLEKTSHAEREEKAKLEKELRKVSDVAGESQGSLSVAQDELVTFSEELATLYNHVCMCNNETPNRVMLDFYKEGKGGRSSPEGRGRRSPILLTKGLFPEPSKTDLSDGAPSPISSLPSPVSDHRREPMNIYNLVAIIRDQIKHLQLAVDRTTELSRQRVASLELGTVADKDKEACMEEILKLKSLLSTKREQIATLRTVLKANKQTAEVALANLKSKYENEKAMVTETMMKLRNELKALKEDAATFSSLRAMFATRCDEYVTQLDEMQRQLAAAEDEKKTLNSLLRMAIQQKLALTQRLEDLEFDHEQTRRGGNAGRAKAPPTSPLSFTSHDASCF	1	80	1	80	2.075E-37	143	1.000	0.097
AMPOC05179	AF-A0A4W6EPH9-F1-model_v4	0.937	80	5	MSVEEQGYPDAALLLEAGPEWLRAEIERLSRELSETTNEKIQAAEYGLAVLEEKQQLKQQYDDLEIEYEAVRQELDQLKD	MSVEEQGYPDAMLLLEAAPEWVRAEIERLSRELSETTNEKIQAAEYGLAVLEEKQQLKQQYDDLEMEYEAVRQELDQLKEAFGQAYSNHRKVAADGESREESLIQESACKEAYYEQRVLELQTELRQARNILTNTQSENERLNTISQEMRENSQMVELQRNQLRDDIKEYKFREARLLQDYTELEEENISLQKQVSMLKQSQVEFEGLKHEIRRLEEDTQFLNSQLEDAIRLKEIAERQLGEALETIKTERELKASLRKELSHYMSIGDTLYHSPLSISLDGLKFSDDAATEPNNDEALHGYENGFTKLVNAITDDNRVSTPKKEELFHPAPSLVDNLLSELNISEIQKLKQQLMQMEREKVNLLSTLQDSQKQLEQANGALSEHQEKVNRLTENLNAIRKLQASKERQSALDNEKERDSHEDGDYYEVDINGPEILECKYKVAVSEAGELKEELKTLKAEYQACQSRYEEERNRLENDVTTLGEKLATLEKTSLTEREEKAKLEKELRKLSDVAGESQGSLSVAQDELVTFSEELATLYNHVCMCNNETPNRVMLDFYKEGKGGRSSPEGRGRRSPILLTKGLFPEPGKTDLSDGAPSPVSSLPSPVSDHRREPMNIYNLVAIIRDQIKHLQLAVDRTTELSRQRVASLELGTVADKDKEACMEEILKLKSLLSTKREQIATLRTVLKANKQTAEVALTNLKSKYENEKAMVTETMMKLRNELKALKEDAATFSSLRAMFATRCDEYVTQLDEMQRQLAAAEDEKKTLNSLLRMAIQQKLALTQRLEDLEFDHEQTRRGGNTGRAKTRSKAAAGTANNPH	1	80	1	80	2.075E-37	143	1.000	0.097
AMPOC05179	AF-A0A3Q2X4E4-F1-model_v4	0.937	80	5	MSVEEQGYPDAALLLEAGPEWLRAEIERLSRELSETTNEKIQAAEYGLAVLEEKQQLKQQYDDLEIEYEAVRQELDQLKD	MSVEEQGYPDAVLLMEAGPEWLRAEIGRLSRELSETTNEKIQAAEYGLAVLEEKQQLKQQYEDLEIEYEAVRQELDQLKEAFGQAYSNHRKVAADGESREESLIQESACKEAYYEQRVLELQNELRQTRNILTNTQSENERLNAISQDLRESSQMVELQRNQLRDDIKEYKFRESRLLQDYTELEEENISLQKQVSMLKQSQVEFEGLKHEIRRLEEDTQFLNSQLEDAIRLKEIAERQLSEALETIKTERELKASLRKELSHYMNIGDTLYNSPLSISLDGLKFSDDAATEPNNDEALHGYENGFIKLANAITDDNRIPMPKKEELFRPVPSLVDDLLSELNISEIQKLKQQLMQMEREKVNLMSTLQDSQKQLEQANGALSEHQEKVNRLTENLNAIRKLQASKERQSALDNEKERDSHEDVDYYEVDINGPEILECKYKVAVSEAGELKEELKTLKAEYQACQSRYEEERTRLATDVTTLKENLTTLEKTSHAEREEKAKLEKELRKLSDVAGESQGSLSVAQDELVTFSEELATLYNHVCMCNNETPNRVMLDFYKEGKGGRSSPEGRGRRSPILLTKGLFPEPSKTDLSDGAPSPISSLPSPVSDHRREPMNIYNLVAIIRDQIKHLQLAVDRTTELSRQRVASLELGTVADKDKEACMEEILKLKSLLSTKREQIATLRTVLKANKQTAEVALANLKSKYENEKAMVTETMMKLRNELKALKEDAATFSSLRAMFATRCDEYVTQLDEMQRQLAAAEDEKKTLNSLLRMAIQQKLALTQRLEDLEFDHEQTRRGGNAGRAKARSKAAGTASTTATTTTTTNNPH	1	80	1	80	2.075E-37	143	1.000	0.096
AMPOC05179	AF-A0A3P9DJS6-F1-model_v4	0.937	80	5	MSVEEQGYPDAALLLEAGPEWLRAEIERLSRELSETTNEKIQAAEYGLAVLEEKQQLKQQYDDLEIEYEAVRQELDQLKD	MSVEEQGYPDAVLLMEAGPEWLRAEIGRLSRELSETTNEKIQAAEYGLAVLEEKQQLKQQYEDLEIEYEAVRQELDQLKEAFGQAYSNHRKVAADGESREESLIQESACKEAYYEQRVLELQNELRQTRNILTNTQSENERLNAISQDLRESSQMVELQRNQLRDDIKEYKFRESRLLQDYTELEEENISLQKQVSMLKQSQVEFEGLKHEIRRLEEDTQFLNSQLEDAIRLKEIAERQLSEALETIKTERELKASLRKELSHYMNIGDTLYNSPLSISLDGLKFSDDAATEPNNDEALHGYENGFIKLANAITDDNRIPMPKKEELFRPVPSLVDDLLSELNISEIQKLKQQLMQMEREKVNLMSTLQDSQKQLEQANGALSEHQEKVNRLTENLNAIRKLQASKERQSALDNEKERDSHEDVDYYEVDINGPEILECKYKVAVSEAGELKEELKTLKAEYQACQSRYEEERTRLATDVTTLKENLTTLEKTSHAEREEKAKLEKELRKLSDVAGESQGSLSVAQDELVTFSEELATLYNHVCMCNNETPNRVMLDFYKEGKGGRSSPEGRGRRSPILLTKGLFPEPSKTDLSDGAPSPISSLPSPVSDHRREPMNIYNLVAIIRDQIKHLQLAVDRTTELSRQRVASLELGTVADKDKEACMEEILKLKSLLSTKREQIATLRTVLKANKQTAEVALANLKSKYENEKAMVTETMMKLRNELKALKEDAATFSSLRAMFATRCDEYVTQLDEMQRQLAAAEDEKKTLNSLLRMAIQQKLALTQRLEDLEFDHEQTRRGGNAGRAKARSKAAGTASAAAAATTTTNNPH	1	80	1	80	2.075E-37	143	1.000	0.096
AMPOC05179	AF-A0A4W6EQD2-F1-model_v4	0.937	80	5	MSVEEQGYPDAALLLEAGPEWLRAEIERLSRELSETTNEKIQAAEYGLAVLEEKQQLKQQYDDLEIEYEAVRQELDQLKD	MSVEEQGYPDAMLLLEAAPEWVRAEIERLSRELSETTNEKIQAAEYGLAVLEEKQQLKQQYDDLEMEYEAVRQELDQLKEAFGQAYSNHRKVAADGESREESLIQESACKEAYYEQRVLELQTELRQARNILTNTQSENERLNTISQEMRENSQMVELQRNQLRDDIKEYKFREARLLQDYTELEEENISLQKQVSMLKQSQVEFEGLKHEIRRLEEDTQFLNSQLEDAIRLKEIAERQLGEALETIKTERELKASLRKELSHYMSIGDTLYHSPLSISLDGLKFSDDAATEPNNDEALHGYENGFTKLVNAITDDNRVSTPKKEELFHPAPSLVDNLLSELNISEIQKLKQQLMQMEREKVNLLSTLQDSQKQLEQANGALSEHQEKVNRLTENLNAIRKLQASKERQSALDNEKERDSHEDGDYYEVDINGPEILECKYKVAVSEAGELKEELKTLKAEYQACQSRYEEERNRLENDVTTLGEKLATLEKTSLTEREEKAKLEKELRKLSDVAGESQGSLSVAQDELVTFSEELATLYNHVCMCNNETPNRVMLDFYKEGKGGRSSPEGRGRRSPILLTKGLFPEPGKTDLSDGAPSPVSSLPSPVSDHRREPMNIYNLVAIIRDQIKHLQLAVDRTTELSRQRVASLELGTVADKDKEACMEEILKLKSLLSTKREQIATLRTVLKANKQTAEVALTNLKSKYENEKAMVTETMMKLRNELKALKEDAATFSSLRAMFATRCDEYVTQLDEMQRQLAAAEDEKKTLNSLLRMAIQQKLALTQRLEDLEFDHEQTRRGGNTGRAKTRSKAAAGTANNPHIVSSLLPQHHHSPFN	1	80	1	80	2.075E-37	143	1.000	0.096
AMPOC05179	AF-A0A3Q3CDM9-F1-model_v4	0.937	80	5	MSVEEQGYPDAALLLEAGPEWLRAEIERLSRELSETTNEKIQAAEYGLAVLEEKQQLKQQYDDLEIEYEAVRQELDQLKD	MSVEEQGYPDAVLLMEAGPEWLRAEIGRLSRELSETTNEKIQAAEYGLAVLEEKQQLKQQYEDLEIEYEAVRQELDQLKEAFGQAYSNHRKVAADGESREESLIQESACKEAYYEQRVLELQNELRQTRNILTNTQSENERLNAISQDLRESSQMVELQRNQLRDDIKEYKFRESRLLQDYTELEEENISLQKQVSMLKQSQVEFEGLKHEIRRLEEDTQFLNSQLEDAIRLKEIAERQLSEALETIKTERELKASLRKELSHYMNIGDTLYNSPLSISLDGLKFSDDAATEPNNDEALHGYENGFIKLANAITDDNRIPMPKKEELFRPVPSLVDDLLSELNISEIQKLKQQLMQMEREKVNLMSTLQDSQKQLEQANGALSEHQEKVNRLTENLNAIRKLQASKERQSALDNEKERDSHEDVDYYEVDINGPEILECKYKVAVSEAGELKEELKTLKAEYQACQSRYEEERTRLATDVTTLKENLTTLEKTSHAEREEKAKLEKELRKLSDVAGESQGSLSVAQDELVTFSEELATLYNHVCMCNNETPNRVMLDFYKEGKGGRSSPEGRGRRSPILLTKGLFPEPSKTDLSDGAPSPISSLPSPVSDHRREPMNIYNLVAIIRDQIKHLQLAVDRTTELSRQRVASLELGTVADKDKEACMEEILKLKSLLSTKREQIATLRTVLKANKQTAEVALANLKSKYENEKAMVTETMMKLRNELKALKEDAATFSSLRAMFATRCDEYVTQLDEMQRQLAAAEDEKKTLNSLLRMAIQQKLALTQRLEDLEFDHEQTRRGGNAGRAKARSKAAGTASTTATTTTTTNNPHIVSSLLPQHHHSPFN	1	80	1	80	2.075E-37	143	1.000	0.095
AMPOC05179	AF-A0A3B4FBJ6-F1-model_v4	0.937	80	5	MSVEEQGYPDAALLLEAGPEWLRAEIERLSRELSETTNEKIQAAEYGLAVLEEKQQLKQQYDDLEIEYEAVRQELDQLKD	MSVEEQGYPDAVLLMEAGPEWLRAEIGRLSRELSETTNEKIQAAEYGLAVLEEKQQLKQQYEDLEIEYEAVRQELDQLKEAFGQAYSNHRKVAADGESREESLIQESACKEAYYEQRVLELQNELRQTRNILTNTQSENERLNAISQDLRESSQMVELQRNQLRDDIKEYKFRESRLLQDYTELEEENISLQKQVSMLKQSQVEFEGLKHEIRRLEEDTQFLNSQLEDAIRLKEIAERQLSEALETIKTERELKASLRKELSHYMNIGDTLYNSPLSISLDGLKFSDDAATEPNNDEALHGYENGFIKLANAITDDNRIPMPKKEELFRPVPSLVDDLLSELNISEIQKLKQQLMQMEREKVNLMSTLQDSQKQLEQANGALSEHQEKVNRLTENLNAIRKLQASKERQSALDNEKERDSHEDVDYYEVDINGPEILECKYKVAVSEAGELKEELKTLKAEYQACQSRYEEERTRLATDVTTLKENLTTLEKTSHAEREEKAKLEKELRKLSDVAGESQGSLSVAQDELVTFSEELATLYNHVCMCNNETPNRVMLDFYKEGKGGRSSPEGRGRRSPILLTKGLFPEPSKTDLSDGAPSPISSLPSPVSDHRREPMNIYNLVAIIRDQIKHLQLAVDRTTELSRQRVASLELGTVADKDKEACMEEILKLKSLLSTKREQIATLRTVLKANKQTAEVALANLKSKYENEKAMVTETMMKLRNELKALKEDAATFSSLRAMFATRCDEYVTQLDEMQRQLAAAEDEKKTLNSLLRMAIQQKLALTQRLEDLEFDHEQTRRGGNAGRAKARSKAAGTASAAAATTTTNNPHVSQSLTCSVSGRPEHSSSVPSGILGGPVVFCSEKYKIYCD	1	80	1	80	2.075E-37	143	1.000	0.092
AMPOC05179	AF-A0A6G0IQT9-F1-model_v4	0.937	80	5	MSVEEQGYPDAALLLEAGPEWLRAEIERLSRELSETTNEKIQAAEYGLAVLEEKQQLKQQYDDLEIEYEAVRQELDQLKD	MSVEEQGYSDAMLLLEAGPEWMRAEIERLSRELSETTNEKIQAAEYGLAVLEEKQQLKQQYDDLEIEYETVRQELDQLKEAFGQAYSNHRKVAADGESREESLIQESACKEAYYEQRVLELQTELRQTRNILTNTQSENERLNTINQEMRENSQMVELQRNQLRDDIKEYKFLEARLLQDYTELEEENISLQKQVSVLKQSQVEFEGLKHEIRRLEEDTQFLNSQLEDAIRLKEIAERQLGEALETIKTERELKASLRKELSHYMSIGDTLYHSPLSISLDGLKFSDDAGTEPNNDEALHGYENGFTKLANAITYDNCISTAKKEELFHPAPSLVDDLLSELNISEIQKLKQQLMQMEREKVNLLSTLQDSQKQLEQANGALSDHQEKVNRLTENLNAIRKLQASKERQSALDNEKERDSHEDGDYYEVDINGPEILECKYKVAVSEAGELKEELKTLKTEYQACQSRYEDERTRLERDVTTLGEKLATLEKTCLTEKEQKTKLEKELRKLSDVAGESQGSLSVAQDELVTFSEELATLYNHVCMCNNETPNRVMLDFYKEGKGGRSSPEGRGRRSPILLTKGLFPEPSKTDLSDGSPVSSLPSPVSDHRREPMNIYNLVAIIRDQIKHLQLAVDRTTELSRQRVASLELGTVADKDKEACMEEILKLKSLLSTKREQIATLRTVLKANKQTAEVALANLKSKYENEKAMVTETMMKLRNELKALKEDAATFSSLRAMFATRCDEYVTQLDEMQRQLAAAEDEKKTLNSLLRMAIQQKLALTQRLEDLEFDHEQTRRGGNSGRSKARSKATATGTANNPH	1	80	1	80	3.909E-37	143	1.000	0.098
AMPOC05179	AF-A0A2I4CLS1-F1-model_v4	0.925	80	6	MSVEEQGYPDAALLLEAGPEWLRAEIERLSRELSETTNEKIQAAEYGLAVLEEKQQLKQQYDDLEIEYEAVRQELDQLKD	MSVEEPGYPDAMLLLEAGPEWLRAEIERLSRELSETTSEKIQAAEYGLAVLEEKQQLKQQYDDMEVEYEAVRQELDQLKEAFGQAYTNHRKVAADGESREESLIQESACKEAYYEQRVLELQNELRQSRNILANTQSENEHLVAISQDLKENSQMVELQRSQLRDDIKEYKFRESRLLQDYTELEEENISLQKQVSVLKQSQVEFEGLKHEIRRLEEDTQFLNSQLEDAIRLKEIAERQLGEALETIKTERELKASLRKELSHYMNIGDTLYHSPLSVSLDGLKFSDDAATEPNNDEALYGYENSFSKLANTITDNNRMSLPEKEELFHPAPSLVDDLLSELNISEIQKLKQQLMQMEREKVNLLSNLQDSQKQLEQANGALSEHQEKVNRLTENLNTIRKLQASKERQSALDNEKERDSHEDGDYYEVDINGPEILECKYKVAVSEAGELKEELKTLKTEYQACQSRYEEERSRLENEVTTLGGKLASLEKTSHVEREEKAKLEKELRKLSDVAGESQGSLNVAQDELVTFSEELATLYNHVCMCNNETPNRVMLDFYKEGKGGRSSPEGRGRRSPILLTKGLFPEPYRTDLGDGAHSPGSSIPSPVSDHRREPMNIYNLVAIIRDQIKHLQLAVDRTTELSRQRVASLELGTVADKDKEACMEEILKLKSVLSTKREQIATLRTVLKANKQTAEVALANLKSKYENEKAMVTETMMKLRNELKALKEDAATFSSLRAMFATRCDEYVMQLEEMQRQLAAAEDEKKTLNSLLRMAIQQKLALTQRLEDLEFDHEQTRRGGGAGRSKVRSKPTATAAGNNPHVSQSLTCSASNRPEPNNALPNGILGGPVVFCSEKYKIYCD	1	80	1	80	3.909E-37	143	1.000	0.093
AMPOC05179	AF-A0A4U5UTA7-F1-model_v4	0.937	80	5	MSVEEQGYPDAALLLEAGPEWLRAEIERLSRELSETTNEKIQAAEYGLAVLEEKQQLKQQYDDLEIEYEAVRQELDQLKD	MSVEEQGYSDALLLLEAGPEWMRAEIERLSRELSETTNEKIQAAEYGLAVLEEKQQLKQQYDDLEIEYETVRQELDQLKEAPIVNRLVGLGPPIPVWCTRISRSPHFETFRHDWTGGESQREELRKRKGVKKGGAFGQAYSNHRKVAADGESREESLIQESACKEAYYEQRVLELQTELRQTRNILTNTQSENERLNTINQEMRENSQMVELQRNQLRDDIKEYKFLEARLLQDYTELEEENISLQKQVSVLKQSQVEFEGLKHEIRRLEEDTQFLNSQLEDAIRLKEIAERQLGEALETIKTERELKASLRKELSHYMSIGDTLYHSPLSISLDGLKFSDDVGTEPNNDEALHGYENGFTKLANAITYDNCISTAKKEELFHPAPSLVDDLLSELNISEIQKLKQQLMQMEREKVNLLSTLQDSQKQLEQANGALSDHQEKVNRLTENLNAIRKLQASKERQSALDNEKERDSHEDGDYYEVDINGPEILECKYKVAVSEAGELKEELKTLKTEYQACQSRYEDERTRLERDVTTLGEKLATLEKTCLTEKEQKTKLEKELRKLSDVAGESQGSLSVAQDELVTFSEELATLYNHVCMCNNETPNRVMLDFYKEGKGGRSSPEGRGRRSPILLTKGLFPEPSKTDLTDGSPVSSLPSPVSDHRREPMNIYNLVAIIRDQIKHLQLAVDRTTELSRQRVASLELGTMADKDKEACMEEILKLKSLLSTKREQIATLRTVLKANKQTAEVALANLKSKYENEKAMVTETMMKLRNELKALKEDAATFSSLRAMFATRCDEYVTQLDEMQRQLAAAEDEKKTLNSLLRMAIQQKLALTQRLEDLEFDHEQTRRGGNSGRSKARSKATAAVTTNNPHVSQSLTCSGSGRPEPNNAMPNGILGGPVVFCSEKYKIYCD	1	80	1	80	3.909E-37	143	1.000	0.088
AMPOC05179	AF-A0A671VUU4-F1-model_v4	0.925	80	6	MSVEEQGYPDAALLLEAGPEWLRAEIERLSRELSETTNEKIQAAEYGLAVLEEKQQLKQQYDDLEIEYEAVRQELDQLKD	MSVEEQGYPDAMLLREAGPEWMRAEIERLSRELGETTNEKIQAAEYGLAVLEEKQQLKQQYDDLEIEYEGVRQELDQLKEAFGQAYSNHRKVAADGESREESLIQESACKEAYYEQRVLELQNELRQTRNILTNTQSENERLNTISQELRENSQMVELQRNQLRDDIKEYKFLEARLLQDYTELEEENISLQKQVSALKQSQVEFEGLKHEIRRLEEDTQFLNSQLEDAIRLKEIAERQLSEALETIKTERELKASLRKELSHYMSIGDTLYHSPLSISLDGLKFSDDATTEPNNDEALHGYENGFTKLANAINFDNCVSTPTKEELFNPVPSLVDDLLSELNISEIQKLKQQLMQMEREKVNLLSTLQDSQKQLEQANGALSEHQEKVNRLTENLNAIRKLQASKERQSALDNEKERDSHEDGDYYEVDINGPEILECKYKVAVSEAGELKEELKTLKTEYQACQSRYEEERVRLESDVTTLGQKLAVLEKTSHIEREEKAKLEKELRKVSDVAGESQGSLSVAQDELVTFSEELATLYNHVCMCNNETPNRVMLDFYKEGKGGRSSPEGRGRRSPILLTKGLFPEPGKTDLSDGAPSPVSSLPSPVSDHRREPMNIYNLVAIIRDQIKHLQLAVDRTTELSRQRVASLELGTVADKDKEACMEEILKLKSLLSTKREQIATLRTVLKANKQTAEVALANLKSKYENEKAMVTETMMKLRNELKALKEDAATFSSLRAMFATRCDEYVTQLDEMQRQLAAAEDEKKTLNSLLRMAIQQKLALTQRLEDLEFDHEQTRRGGSSGRAKTRSKAAGSAPNNPH	1	80	1	80	7.363E-37	142	1.000	0.097
AMPOC05179	AF-A0A671VYC1-F1-model_v4	0.925	80	6	MSVEEQGYPDAALLLEAGPEWLRAEIERLSRELSETTNEKIQAAEYGLAVLEEKQQLKQQYDDLEIEYEAVRQELDQLKD	MSVEEQGYPDAMLLREAGPEWMRAEIERLSRELGETTNEKIQAAEYGLAVLEEKQQLKQQYDDLEIEYEGVRQELDQLKEAFGQAYSNHRKVAADGESREESLIQESACKEAYYEQRVLELQNELRQTRNILTNTQSENERLNTISQELRENSQMVELQRNQLRDDIKEYKFLEARLLQDYTELEEENISLQKQVSALKQSQVEFEGLKHEIRRLEEDTQFLNSQLEDAIRLKEIAERQLSEALETIKTERELKASLRKELSHYMSIGDTLYHSISLDGLKFSDDATTEPNNDEALHGYENGFTKLANAINFDNCVSTPTKEELFNPVPSLVDDLLSELNISEIQKLKQQLMQMEREKVNLLSTLQDSQKQLEQANGALSEHQEKVNRLTENLNAIRKLQASKERQSALDNEKERDSHEDGDYYEVDINGPEILECKYKVAVSEAGELKEELKTLKTEYQACQSRYEEERVRLESDVTTLGQKLAVLEKTSHIEREEKAKLEKELRKVSDVAGESQGSLSVAQDELVTFSEELATLYNHVCMCNNETPNRVMLDFYKEGKGGRSSPEGRGRRSPILLTKGLFPEPGKTDLSDGAPSPVSSLPSPVSDHRREPMNIYNLVAIIRDQIKHLQLAVDRTTELSRQRVASLELGTVADKDKEACMEEILKLKSLLSTKREQIATLRTVLKANKQTAEVALANLKSKYENEKAMVTETMMKLRNELKALKEDAATFSSLRAMFATRCDEYVTQLDEMQRQLAAAEDEKKTLNSLLRMAIQQKLALTQRLEDLEFDHEQTRRGGSSGRAKTRSKLKTLMSFLTVFLLSGVWDKTNSCINRALHC	1	80	1	80	7.363E-37	142	1.000	0.095
AMPOC05179	AF-A0A3Q3ARM2-F1-model_v4	0.912	80	7	MSVEEQGYPDAALLLEAGPEWLRAEIERLSRELSETTNEKIQAAEYGLAVLEEKQQLKQQYDDLEIEYEAVRQELDQLKD	MSVEEQGYPDAMLLLEAGPEWLRAEIKRLSRELTETTSEKIQAAEYGLAVLEEKQQLKQQYDDLEMEYEAIRQELDQLKEAFGQAYTNHRKVAADGESREESLIQESACKEAYYEQRVLELQNELRQARNGLANTQFENERLSAISQDMKENSQVVELQRNQLRDDIKEYKFRESRLLQDYTELEEENISLQKQVSVLKQSQVEFEGLKHEIRRLEEDTQFLNSQLEDAIRLKEIAERQLGEALETIKTERELKASLRKELSHYMNIGDTLYHSPLSVSLDGLKFSDDAATEPNNDEALHGYENGFSKLASTITDDNRMSTPSKEELFHPAPSLVDDLLSELNISEIQKLKQQLMQMEREKVNLLSNLQDSQKQLEQANWALSEHQEKVNRLTENLNAIRKLQASKERQSALDNEKERDSHEDGDYYEVDINGPEILECKYKVAVSEAGELKEELKTLKTEYQACQSRYEEERTRLENEVTTLGDKLATLEKTSHADREEKVKLEKELRKLSDVAGESQGSLSVAQDELVTFSEELATLYNHVCMCNNETPNRVMLDFYKEGKGGRSSPEGRGRRSPILLTKGLFPEPYKTDFGDGIPSPGSSIPSPVSDHRREPMNIYNLVAIIRDQIKHLQLAVDRTTELSRQRVASLELGTVADKDKEACMEEILKLKSLLSTKREQIATLRTVLKANKQTAEVALANLKSKYENEKAMVTETMMKLRNELKALKEDAATFSSLRAMFATRCDEYVTQLEEMQRQLAASEDEKKTLNSLLRMAIQQKLALTQRLEDLEFDHEQTRRGGGAGRAKARSKPAGSHPHVSQSLTCSGSGRPEPNNALPNGILGGPVNFCSEKYKIYCD	1	80	1	80	7.363E-37	142	1.000	0.093
AMPOC05179	AF-A0A671VYC6-F1-model_v4	0.925	80	6	MSVEEQGYPDAALLLEAGPEWLRAEIERLSRELSETTNEKIQAAEYGLAVLEEKQQLKQQYDDLEIEYEAVRQELDQLKD	MSVEEQGYPDAMLLREAGPEWMRAEIERLSRELGETTNEKIQAAEYGLAVLEEKQQLKQQYDDLEIEYEGVRQELDQLKEAFGQAYSNHRKVAADGESREESLIQESACKEAYYEQRVLELQNELRQTRNILTNTQSENERLNTISQELRENSQMVELQRNQLRDDIKEYKFLEARLLQDYTELEEENISLQKQVSALKQSQVEFEGLKHEIRRLEEDTQFLNSQLEDAIRLKEIAERQLSEALETIKTERELKASLRKELSHYMSIGDTLPLSISLDGLKFSDDATTEPNNDEALHGYENGFTKLANAINFDNCVSTPTKEELFNPVPSLVDDLLSELNISEIQKLKQQLMQMEREKVNLLSTLQDSQKQLEQANGALSEHQEKVNRLTENLNAIRKLQASKERQSALDNEKERDSHEDGDYYEVDINGPEILECKYKVAVSEAGELKEELKTLKTEYQACQSRYEEERVRLESDVTTLGQKLAVLEKTSHIEREEKAKLEKELRKVSDVAGESQGSLSVAQDELVTFSEELATLYNHVCMCNNETPNRVMLDFYKEGKGGRSSPEGRGRRSPILLTKGLFPEPGKTDLSDGAPSPVSSLPSPVSDHRREPMNIYNLVAIIRDQIKHLQLAVDRTTELSRQRVASLELGTVADKDKEACMEEILKLKSLLSTKREQIATLRTVLKANKQTAEVALANLKSKYENEKAMVTETMMKLRNELKALKEDAATFSSLRAMFATRCDEYVTQLDEMQRQLAAAEDEKKTLNSLLRMAIQQKLALTQRLEDLEFDHEQTRRGGSSGRAKTRSKAAGSAPNNPHVSQSLTCSGSGRPELNNAMPNGILGGPVVFCSGFQVRKGLLCTEGRGPPGRTLPALVLKSPTRSLSSLASLRSSRDCCVTNQLLMCASVYA	1	80	1	80	7.363E-37	142	1.000	0.088
AMPOC05179	AF-A0A671VWL6-F1-model_v4	0.925	80	6	MSVEEQGYPDAALLLEAGPEWLRAEIERLSRELSETTNEKIQAAEYGLAVLEEKQQLKQQYDDLEIEYEAVRQELDQLKD	MSVEEQGYPDAMLLREAGPEWMRAEIERLSRELGETTNEKIQAAEYGLAVLEEKQQLKQQYDDLEIEYEGVRQELDQLKEAFGQAYSNHRKVAADGESREESLIQESACKEAYYEQRVLELQNELRQTRNILTNTQSENERLNTISQELRENSQMVELQRNQLRDDIKEYKFLEARLLQDYTELEEENISLQKQVSALKQSQVEFEGLKHEIRRLEEDTQFLNSQLEDAIRLKEIAERQLSEALETIKTERELKASLRKELSHYMSIGDTLYHSISLDGLKFSDDATTEPNNDEALHGYENGFTKLANAINFDNCVSTPTKEELFNPVPSLVDDLLSELNISEIQKLKQQLMQMEREKVNLLSTLQDSQKQLEQANGALSEHQEKVNRLTENLNAIRKLQASKERQSALDNEKERDSHEDGDYYEVDINGPEILECKYKVAVSEAGELKEELKTLKTEYQACQSRYEEERVRLESDVTTLGQKLAVLEKTSHIEREEKAKLEKELRKVSDVAGESQGSLSVAQDELVTFSEELATLYNHVCMCNNETPNRVMLDFYKEGKGGRSSPEGRGRRSPILLTKGLFPEPGKTDLSDGAPSPVSSLPSPVSDHRREPMNIYNLVAIIRDQIKHLQLAVDRTTELSRQRVASLELGTVADKDKEACMEEILKLKSLLSTKREQIATLRTVLKANKQTAEVALANLKSKYENEKAMVTETMMKLRNELKALKEDAATFSSLRAMFATRCDEYVTQLDEMQRQLAAAEDEKKTLNSLLRMAIQQKLALTQRLEDLEFDHEQTRRGGSSGRAKTRSKAAGSAPNNPHVSQSLTCSGSGRPELNNAMPNGILGGHVTKCDILCSSAHLSALVLLEKRLSPLSPGDRPVSSSPLSNQVMLEEKATLKKSKYAISPCFLARGAHLRFYKEIH	1	80	1	80	7.363E-37	142	1.000	0.087
AMPOC05179	AF-A0A6P7I9Z7-F1-model_v4	0.925	80	6	MSVEEQGYPDAALLLEAGPEWLRAEIERLSRELSETTNEKIQAAEYGLAVLEEKQQLKQQYDDLEIEYEAVRQELDQLKD	MSREEQGYPDAMLLLEAGPEWLRAEIERLSRELTETTNEKIQAAEYGLAVLEEKQQLKQQYDELEIEYEAVRQEVDQLKEAFGQAYSNHRKVAADGESREESLIQESACKEAYYEQRVLELQTELRQTRNILTNTQSENERLVTISQEMRENSQMVELQRNQLRDDIKEYKFRETRLLQDYTELEEENISLQKQVLVLKQSQVEFEGLKHEIRRLEEDTQFLNSQLEDAIRLKEIAERQLSEALETIKTERELKASLRKELSHYMSIGDTLYHSPLSISLDGLKFSDDAATEPNNDEALHGYENGFAKLANIIAEDNRISTPKKEELFRPAPSLVDDLLSELNISEIQKLKQQLMQMEREKVNLLSTLQDSQKQLEQAHGALSEHQEKVNRLTENLNAIRKLQASKERQSALDNEKERDSHEDGDYYEVDINGPEILECKYKVAVSEAAELKEELKTLKTEHQTCQSRYEEERTRLENDVTTLGQKLATLEKTSQADREEKSKMEKELRKLSDVAGESQGSLSVAQDELVTFSEELATLYNHVCMCNNETPNRVMLDFYKEGKGGRSSPEGRGRRSPILLTKGLFPEPGKTDLSDGTPSPVSSLPSPVSDHRREPMNIYNLVAIIRDQIKHLQLAVDRTTELSRQRVASLELGTVADKDKEACMEEILKLKSLLSTKREQIATLRTVLKANKQTAEVALANLKSKYENEKAMVTETMMKLRNELKALKEDAATFSSLRAMFATRCDEYVTQLDEMQRQLAAAEDEKKTLNSLLRMAIQQKLALTQRLEDLEFDHEQTRGRGGNSGRSKARSKAANSSSSSTSTNPH	1	80	1	80	1.011E-36	141	1.000	0.097
AMPOC05179	AF-A0A6P7IHI6-F1-model_v4	0.925	80	6	MSVEEQGYPDAALLLEAGPEWLRAEIERLSRELSETTNEKIQAAEYGLAVLEEKQQLKQQYDDLEIEYEAVRQELDQLKD	MSREEQGYPDAMLLLEAGPEWLRAEIERLSRELTETTNEKIQAAEYGLAVLEEKQQLKQQYDELEIEYEAVRQEVDQLKEAFGQAYSNHRKVAADGESREESLIQESACKEAYYEQRVLELQTELRQTRNILTNTQSENERLVTISQEMRENSQMVELQRNQLRDDIKEYKFRETRLLQDYTELEEENISLQKQVLVLKQSQVEFEGLKHEIRRLEEDTQFLNSQLEDAIRLKEIAERQLSEALETIKTERELKASLRKELSHYMSIGDTLYHSPLSISLDGLKFSDDAATEPNNDEALHGYENGFAKLANIIAEDNRISTPKKEELFRPAPSLVDDLLSELNISEIQKLKQQLMQMEREKVNLLSTLQDSQKQLEQAHGALSEHQEKVNRLTENLNAIRKLQASKERQSALDNEKERDSHEDGDYYEVDINGPEILECKYKVAVSEAAELKEELKTLKTEHQTCQSRYEEERTRLENDVTTLGQKLATLEKTSQADREEKSKMEKELRKLSDVAGESQGSLSVAQDELVTFSEELATLYNHVCMCNNETPNRVMLDFYKEGKGGRSSPEGRGRRSPILLTKGLFPEPGKTDLSDGTPSPVSSLPSPVSDHRREPMNIYNLVAIIRDQIKHLQLAVDRTTELSRQRVASLELGTVADKDKEACMEEILKLKSLLSTKREQIATLRTVLKANKQTAEVALANLKSKYENEKAMVTETMMKLRNELKALKEDAATFSSLRAMFATRCDEYVTQLDEMQRQLAAAEDEKKTLNSLLRMAIQQKLALTQRLEDLEFDHEQTRGRGGNSGRSKARSKAANSSSSSTSTNPHIVSSLLPQHHHSPFN	1	80	1	80	1.011E-36	141	1.000	0.095
AMPOC05179	AF-A0A6P7IJS9-F1-model_v4	0.925	80	6	MSVEEQGYPDAALLLEAGPEWLRAEIERLSRELSETTNEKIQAAEYGLAVLEEKQQLKQQYDDLEIEYEAVRQELDQLKD	MSREEQGYPDAMLLLEAGPEWLRAEIERLSRELTETTNEKIQAAEYGLAVLEEKQQLKQQYDELEIEYEAVRQEVDQLKEAFGQAYSNHRKVAADGESREESLIQESACKEAYYEQRVLELQTELRQTRNILTNTQSENERLVTISQEMRENSQMVELQRNQLRDDIKEYKFRETRLLQDYTELEEENISLQKQVLVLKQSQVEFEGLKHEIRRLEEDTQFLNSQLEDAIRLKEIAERQLSEALETIKTERELKASLRKELSHYMSIGDTLYHSPLSISLDGLKFSDDAATEPNNDEALHGYENGFAKLANIIAEDNRISTPKKEELFRPAPSLVDDLLSELNISEIQKLKQQLMQMEREKVNLLSTLQDSQKQLEQAHGALSEHQEKVNRLTENLNAIRKLQASKERQSALDNEKERDSHEDGDYYEVDINGPEILECKYKVAVSEAAELKEELKTLKTEHQTCQSRYEEERTRLENDVTTLGQKLATLEKTSQADREEKSKMEKELRKLSDVAGESQGSLSVAQDELVTFSEELATLYNHVCMCNNETPNRVMLDFYKEGKGGRSSPEGRGRRSPILLTKGLFPEPGKTDLSDGTPSPVSSLPSPVSDHRREPMNIYNLVAIIRDQIKHLQLAVDRTTELSRQRVASLELGTVADKDKEACMEEILKLKSLLSTKREQIATLRTVLKANKQTAEVALANLKSKYENEKAMVTETMMKLRNELKALKEDAATFSSLRAMFATRCDEYVTQLDEMQRQLAAAEDEKKTLNSLLRMAIQQKLALTQRLEDLEFDHEQTRGRGGNSGRSKARSKAANSSSSSTSTNPHVSQSLTCSGSGRPEHSNSVPNALLGGPVVFCSEKYKIYCD	1	80	1	80	1.011E-36	141	1.000	0.092
AMPOC05179	AF-A0A665VYU4-F1-model_v4	0.925	80	6	MSVEEQGYPDAALLLEAGPEWLRAEIERLSRELSETTNEKIQAAEYGLAVLEEKQQLKQQYDDLEIEYEAVRQELDQLKD	MSVEEQGYPDAMLLLEARPEWMRTEIERLSRELSETTNEKIQAAEYGLVVLEEKQQLKQQYDDLEIEYEAVRQELDQLKEAFGQAYSNHRKVAADGESREESLIQESACKEAYYERRVLELQTELRQARNILANTQSENERLNTISQEMRENSQMVELQRNQLRDDIKEYKFREARLLQDYTELEEENISLQKQVSVLKQSQVEFEGLKHEIRRLEEDTQFLNSQLEDAIRLKEIAERQLGEALETIKTERELKASLRKELSHYMTIGDTLYHSPLSISLDGLKFSDDAATEPNNDEALHGYENGFSKLASVIAEDNRVSTPKKEDLFRPVPSLVDDLLSELNISEIQKLKQQLIQMEREKVNLLSTLQDSQKQLEQANGALSEHQERVNRLTENLNAIRKLQASKERQSALDNEKERDSHEDGDYYEVDINGPEILECKYKVAVSEAGELKEELKTLKVEYQTCQSRYDEERKRLESDVTTLGEKLATLEKISQADREEKLKLEKDLRKLSDVAGESQGSLSVAQDELVTFSEELATLYNHVCMCNNETPNRVMLDFYKEGKGGRSSPEGRGRRSPILITKGLFAEPGKTDLSDGVPSPVSSLPSPVSDHRREPMNIYNLVAIIRDQIKHLQLAVDRTTELSRQRVATLELGTVADKDKEACMEEILKLKSLLSTKREQIATLRTVLKANKQTAEVALTNLKSKYENEKAMVTETMMKLRNELKALKEDAATFSSLRAMFATRCDEYVTQLDEMQRQLAAAEDEKKTLNSLLRMAIQQKLALTQRLEDLEFDHEQTRRGVCLLALVLLKKKNATPPFSLLCLSVLFPQD	1	80	1	80	1.387E-36	141	1.000	0.096
AMPOC05179	AF-A0A665VZR1-F1-model_v4	0.925	80	6	MSVEEQGYPDAALLLEAGPEWLRAEIERLSRELSETTNEKIQAAEYGLAVLEEKQQLKQQYDDLEIEYEAVRQELDQLKD	MSVEEQGYPDAMLLLEARPEWMRTEIERLSRELSETTNEKIQAAEYGLVVLEEKQQLKQQYDDLEIEYEAVRQELDQLKEAFGQAYSNHRKVAADGESREESLIQESACKEAYYERRVLELQTELRQARNILANTQSENERLNTISQEMRENSQMVELQRNQLRDDIKEYKFREARLLQDYTELEEENISLQKQVSVLKQSQVEFEGLKHEIRRLEEDTQFLNSQLEDAIRLKEIAERQLGEALETIKTERELKASLRKELSHYMTIGDTLYHSISLDGLKFSDDAATEPNNDEALHGYENGFSKLASVIAEDNRVSTPKKEDLFRPVPSLVDDLLSELNISEIQKLKQQLIQMEREKVNLLSTLQDSQKQLEQANGALSEHQERVNRLTENLNAIRKLQASKERQSALDNEKERDSHEDGDYYEVDINGPEILECKYKVAVSEAGELKEELKTLKVEYQTCQSRYDEERKRLESDVTTLGEKLATLEKISQADREEKLKLEKDLRKLSDVAGESQGSLSVAQDELVTFSEELATLYNHVCMCNNETPNRVMLDFYKEGKGGRSSPEGRGRRSPILITKGLFAEPGKTDLSDGVPSPVSSLPSPVSDHRREPMNIYNLVAIIRDQIKHLQLAVDRTTELSRQRVATLELGTVADKDKEACMEEILKLKSLLSTKREQIATLRTVLKANKQTAEVALTNLKSKYENEKAMVTETMMKLRNELKALKEDAATFSSLRAMFATRCDEYVTQLDEMQRQLAAAEDEKKTLNSLLRMAIQQKLALTQRLEDLEFDHEQTRRGGNAGRGRGPTGRTLPALLLKSPTCSLSSPASLRSSRDCCVTNQLLVCASVNA	1	80	1	80	1.387E-36	141	1.000	0.094
AMPOC05179	AF-A0A665VZP9-F1-model_v4	0.925	80	6	MSVEEQGYPDAALLLEAGPEWLRAEIERLSRELSETTNEKIQAAEYGLAVLEEKQQLKQQYDDLEIEYEAVRQELDQLKD	MSVEEQGYPDAMLLLEARPEWMRTEIERLSRELSETTNEKIQAAEYGLVVLEEKQQLKQQYDDLEIEYEAVRQELDQLKEAFGQAYSNHRKVAADGESREESLIQESACKEAYYERRVLELQTELRQARNILANTQSENERLNTISQEMRENSQMVELQRNQLRDDIKEYKFREARLLQDYTELEEENISLQKQVSVLKQSQVEFEGLKHEIRRLEEDTQFLNSQLEDAIRLKEIAERQLGEALETIKTERELKASLRKELSHYMTIGDTLYHSPLSISLDGLKFSDDAATEPNNDEALHGYENGFSKLASVIAEDNRVSTPKKEDLFRPVPSLVDDLLSELNISEIQKLKQQLIQMEREKVNLLSTLQDSQKQLEQANGALSEHQERVNRLTENLNAIRKLQASKERQSALDNEKERDSHEDGDYYEVDINGPEILECKYKVAVSEAGELKEELKTLKVEYQTCQSRYDEERKRLESDVTTLGEKLATLEKISQADREEKLKLEKDLRKLSDVAGESQGSLSVAQDELVTFSEELATLYNHVCMCNNETPNRVMLDFYKEGKGGRSSPEGRGRRSPILITKGLFAEPGKTDLSDGVPSPVSSLPSPVSDHRREPMNIYNLVAIIRDQIKHLQLAVDRTTELSRQRVATLELGTVADKDKEACMEEILKLKSLLSTKREQIATLRTVLKANKQTAEVALTNLKSKYENEKAMVTETMMKLRNELKALKEDAATFSSLRAMFATRCDEYVTQLDEMQRQLAAAEDEKKTLNSLLRMAIQQKLALTQRLEDLEFDHEQTRRGGNAGRAKARSKAASSAANNPHIVSSTIHPLNRRRNYGGKKLPSEYFSSVNIQ	1	80	1	80	1.387E-36	141	1.000	0.094
AMPOC05179	AF-A0A3Q0R481-F1-model_v4	0.912	80	7	MSVEEQGYPDAALLLEAGPEWLRAEIERLSRELSETTNEKIQAAEYGLAVLEEKQQLKQQYDDLEIEYEAVRQELDQLKD	MSVEEQGYPDAVLLMEAGPEWLRAEIGRLSRELSETTNEKIQAAEYGLAVLEEKQQLKQQYEDLEMEYEAVRQELDQLREAFGQAYSNHRKVAADGESREESLIQESACKEAYYERRVLELQNEVRQTRNILTNTQSENERLNAITQELRENSQMVELQRNQLRDDIKEYKFREARLLQDYTELEEENISLQKQVSVLKQSQVEFEGLKHEIRRLEEDTQFLNSQLEDAIRLKEIAERQLSEALETIKTERELKASLRKELSHYMSIGDTLYHSPLSISLDGLKFSDDAATEPNNDEALHGYENGFTKLANAIADDNRISTPKKDELFCPVPSLVDDLLSELNISEIQKLKQQLMQMEREKVNLVSTLQDSQKQLEQANGALSEHQEKVNRLTENLNAIRKLQASKERQSALDNEKERDSHEDVDYYEVDINGPEILECKYKVAVSEAGELKEELKTLKAEYQACQSRYEDERTRLANDVTTLKETLATLEKTSHAEKEEKAKLEKELRKLSDVAGESQGSLSVAQDELVTFSEELATLYNHVCMCNNETPNRVMLDFYKEGKGGRSSPEGRGRRSPILLAKGLFPEPGKTDLSDGAPSPISSLPSPVSDHRREPMNIYNLVAIIRDQIKHLQLAVDRTTELSRQRVASLELGTVADKDKEACMEEILKLKSLLSTKREQIATLRTVLKANKQTAEVALANLKSKYENEKAMVTETMMKLRNELKALKEDAATFSSLRAMFATRCDEYVTQLDEMQRQLAAAEDEKKTLNSLLRMAIQQKLALTQRLEDLEFDHEQTRRGGNAGRSKARSKAASSAASANSNPHVSQSLTCAGLGRPEHSSSVPNGILGGPVVFCSEKYKIYCD	1	80	1	80	1.387E-36	141	1.000	0.093
AMPOC05179	AF-A0A3Q4GKW7-F1-model_v4	0.925	80	6	MSVEEQGYPDAALLLEAGPEWLRAEIERLSRELSETTNEKIQAAEYGLAVLEEKQQLKQQYDDLEIEYEAVRQELDQLKD	MSVEEQGYPDAVLLMEADPEWLRAEIGRLSRELSETTNEKIQAAEYGLAVLEEKQQLKQQYEDLEIEYEAVRQELDQLKEVEDHFVRTD	1	80	1	80	1.904E-36	141	1.000	0.899
AMPOC05179	AF-A0A3P9MKF1-F1-model_v4	0.912	80	7	MSVEEQGYPDAALLLEAGPEWLRAEIERLSRELSETTNEKIQAAEYGLAVLEEKQQLKQQYDDLEIEYEAVRQELDQLKD	MSVDEQGYSDAMLLLEAGPEWLRAEIERLSRELTETTNEKIQAAEYGLAVLEEKQQLKQQYDDLEIEYDAVRQELDQVKEAFGQAHSNHKKVAADGESREESLIQESACKEAYYEQRVLDLQTEIRQTRNILTNTQSENERLGVIFQDMKDNCEMVELQRNQLRDDIKEYKFRESRLLQDYTELEEENISLQKQVSVLKQSQVEFEGLKHEIRRLEEDTQFLNSQLEDAIRLKEIAERQLGEALETIKTERELKASLRKELSHYMTIGDSLYHSPLSISLDGLKFSDDTATEPNNDEGLHGYENSFTKLANEIAEDNRVFTPKKEELFCPVPSLVDDLLSELNISEIQKLKQQLMQMEREKVNLLSNLQDSQKQLEQANGALSEHQEKVNRLTENLNAIRKLQASKERQSALDNEKERDSHEDGDYYEVDINGPEILECKYKVAVSEAGELKEELKTLKAEYQSCQSRYDEERIRLENDVTTLGEKLATLEKTSHIDREEKAKLEKELRKLSDVAGESQGSLSVAQDELVTFSEELATLYNHVCMCNNETPNRVMLDFYKEGKGGRCSPEGRGRRSPILLTRGLFPEPGKADLNDGAPSPVSSQPSPVSDHRREPMNIYNLVAIIRDQIKHLQLAVDRTTELSRQRVASLELGSVADKDKEACMEEILKLKSLLSTKREQIATLRTVLKANKQTAEIALSNLKSKYENEKAMVTETMMKLRNELKALKEDAATFSSLRAMFATRCDEYVTQLEEMQRQLAAAEDEKKTLNSLLRMAIQQKLALTQRLEDLEFDHEQTRRGGNSSRAKARRAASSTTTNPH	1	80	1	80	2.613E-36	140	1.000	0.098
AMPOC05179	AF-A0A3P9LCK6-F1-model_v4	0.912	80	7	MSVEEQGYPDAALLLEAGPEWLRAEIERLSRELSETTNEKIQAAEYGLAVLEEKQQLKQQYDDLEIEYEAVRQELDQLKD	MSVDEQGYSDAMLLLEAGPEWLRAEIERLSRELTETTNEKIQAAEYGLAVLEEKQQLKQQYDDLEIEYDAVRQELDQVKEAFGQAHSNHKKVAADGESREESLIQESACKEAYYEQRVLDLQTEIRQTRNILTNTQSENERLGVIFQDMKDNCEMVELQRNQLRDDIKEYKFRESRLLQDYTELEEENISLQKQVSVLKQSQVEFEGLKHEIRRLEEDTQFLNSQLEDAIRLKEIAERQLGEALETIKTERELKASLRKELSHYMTIGDSLYHSISLDGLKFSDDTATEPNNDEGLHGYENSFTKLANEIAEDNRVFTPKKEELFCPVPSLVDDLLSELNISEIQKLKQQLMQMEREKVNLLSNLQDSQKQLEQANGALSEHQEKVNRLTENLNAIRKLQASKERQSALDNEKERDSHEDGDYYEVDINGPEILECKYKVAVSEAGELKEELKTLKAEYQSCQSRYDEERIRLENDVTTLGEKLATLEKTSHIDREEKAKLEKELRKLSDVAGESQGSLSVAQDELVTFSEELATLYNHVCMCNNETPNRVMLDFYKEGKGGRCSPEGRGRRSPILLTRGLFPEPGKADLNDGAPSPVSSQPSPVSDHRREPMNIYNLVAIIRDQIKHLQLAVDRTTELSRQRVASLELGSVADKDKEACMEEILKLKSLLSTKREQIATLRTVLKANKQTAEIALSNLKSKYENEKAMVTETMMKLRNELKALKEDAATFSSLRAMFATRCDEYVTQLEEMQRQLAAAEDEKKTLNSLLRMAIQQKLALTQRLEDLEFDHEQTRRGGNSSRAKARVDFRIRFSSCDASTPIQ	1	80	1	80	2.613E-36	140	1.000	0.097
AMPOC05179	AF-A0A3P9LCW2-F1-model_v4	0.912	80	7	MSVEEQGYPDAALLLEAGPEWLRAEIERLSRELSETTNEKIQAAEYGLAVLEEKQQLKQQYDDLEIEYEAVRQELDQLKD	MSVDEQGYSDAMLLLEAGPEWLRAEIERLSRELTETTNEKIQAAEYGLAVLEEKQQLKQQYDDLEIEYDAVRQELDQVKEAFGQAHSNHKKVAADGESREESLIQESACKEAYYEQRVLDLQTEIRQTRNILTNTQSENERLGVIFQDMKDNCEMVELQRNQLRDDIKEYKFRESRLLQDYTELEEENISLQKQVSVLKQSQVEFEGLKHEIRRLEEDTQFLNSQLEDAIRLKEIAERQLGEALETIKTERELKASLRKELSHYMTIGDSLYHSPLSISLDGLKFSDDTATEPNNDEGLHGYENSFTKLANEIAEDNRVFTPKKEELFCPVPSLVDDLLSELNISEIQKLKQQLMQMEREKVNLLSNLQDSQKQLEQANGALSEHQEKVNRLTENLNAIRKLQASKERQSALDNEKERDSHEDGDYYEVDINGPEILECKYKVAVSEAGELKEELKTLKAEYQSCQSRYDEERIRLENDVTTLGEKLATLEKTSHIDREEKAKLEKELRKLSDVAGESQGSLSVAQDELVTFSEELATLYNHVCMCNNETPNRVMLDFYKEGKGGRCSPEGRGRRSPILLTRGLFPEPGKADLNDGAPSPVSSQPSPVSDHRREPMNIYNLVAIIRDQIKHLQLAVDRTTELSRQRVASLELGSVADKDKEACMEEILKLKSLLSTKREQIATLRTVLKANKQTAEIALSNLKSKYENEKAMVTETMMKLRNELKALKEDAATFSSLRAMFATRCDEYVTQLEEMQRQLAAAEDEKKTLNSLLRMAIQQKLALTQRLEDLEFDHEQTRRGGNSSRAKARRAASSTTTNPHIVSSLPHHSPFNYKEELRG	1	80	1	80	2.613E-36	140	1.000	0.095
AMPOC05179	AF-H2M6F0-F1-model_v4	0.912	80	7	MSVEEQGYPDAALLLEAGPEWLRAEIERLSRELSETTNEKIQAAEYGLAVLEEKQQLKQQYDDLEIEYEAVRQELDQLKD	MSVDEQGYTDAMLLLEAGPEWLRAEIERLSRELTETTNEKIQAAEYGLAVLEEKQQLKQQYDDLEIEYDAVRQELDQVKEAFGQAHSNHKKVAADGESREESLIQESACKEAYYEQRVLDLQTEIRQTRNILTNTQSENERLGVIFQDMKDNCEMVELQRNQLRDDIKEYKFRESRLLQDYTELEEENISLQKQVSVLKQSQVEFEGLKHEIRRLEEDTQFLNSQLEDAIRLKEIAERQLGEALETIKTERELKASLRKELSHYMTIGDSLYHSPLSISLDGLKFSDDTATEPNNDEGLHGYENSFTKLANEIAEDNRVFTPKKEELFCPVPSLVDDLLSELNISEIQKLKQQLMQMEREKVNLLSNLQDSQKQLEQANGALSEHQEKVNRLTENLNAIRKLQASKERQSALDNEKERDSHEDGDYYEVDINGPEILECKYKVAVSEAGELKEELKTLKAEYQSCQSRYDEERIRLENDVTTLGEKLATLEKTSQIDREEKAKLEKELRKLSDVAGESQGSLSVAQDELVTFSEELATLYNHVCMCNNETPNRVMLDFYKEGKGGRSSPEGRGRRSPILLTRGLFPEPGKADLSDGAPSPVSSQPSPVSDHRREPMNIYNLVAIIRDQIKHLQLAVDRTTELSRQRVASLELGSVADKDKEACMEEILKLKSLLSTKREQIATLRTVLKANKQTAEIALSNLKSKYENEKAMVTETMMKLRNELKALKEDAATFSSLRAMFATRCDEYVTQLEEMQRQLAAAEDEKKTLNSLLRMAIQQKLALTQRLEDLEFDHEQTRRGGNSSRAKARRAASSTTTNPHIVSSLPHHSPFNYKEELRG	1	80	1	80	2.613E-36	140	1.000	0.095
AMPOC05179	AF-A0A669EK75-F1-model_v4	0.912	80	7	MSVEEQGYPDAALLLEAGPEWLRAEIERLSRELSETTNEKIQAAEYGLAVLEEKQQLKQQYDDLEIEYEAVRQELDQLKD	MSVEEQGYPDAVLLMEAAPEWLRAEIGRLSRELSETTNEKIQAAEYGLAVLEEKQQLKQQYEDLEMEYEAVRQELDQLKEAFGQAYSNHRKVAADGESREESLIQESACKEAYYEQRVLELQNELRQTRNILTNTQSENERLNAISQDLRESSQMVELQRNQLRDDIKEYKFRESRLLQDYTELEEENISLQKQVSMLKQSQVEFEGLKHEIRRLEEDTQFLNSQLEDAIRLKEIAERQLSEALETIKTERELKASLRKELSHYMNIGDTLYNSPLSISLDGLKFSDDAATEPNNDEALHGYENGFIKLANAITDDNRISMPKKEELFRPVPSLVDDLLSELNISEIQKLKQQLMQMEREKVNLMSTLQDSQKQLEQANGALSEHQEKVNRLTENLNAIRKLQASKERQSALDNEKERDSHEDVDYYEVDINGPEILECKYKVAVSEAGELKEELKTLKAEYQACQSRYEEERTRLATDVTTLKENLATLEKTSHVEREEKAKLEKELRKLSDVAGESQGSLSVAQDELVTFSEELATLYNHVCMCNNETPNRVMLDFYKEGKGGRSSPEGRGRRSPSSPSPISSLPSPVSDHRREPMNIYNLVAIIRDQIKHLQLAVDRTTELSRQRVASLELGTVADKDKEACMEEILKLKSLLSTKREQIATLRTVLKANKQTAEVALANLKSKYENEKAMVTETMMKLRNELKALKEDAATFSSLRAMFATRCDEYVTQLDEMQRQLAAAEDEKKTLNSLLRMAIQQKLALTQRLEDLEFDHEQTRRGGEGAHGPKPSLP	1	80	1	80	3.586E-36	140	1.000	0.101
AMPOC05179	AF-A0A668VWE4-F1-model_v4	0.912	80	7	MSVEEQGYPDAALLLEAGPEWLRAEIERLSRELSETTNEKIQAAEYGLAVLEEKQQLKQQYDDLEIEYEAVRQELDQLKD	MSVEEQGYPDAVLLMEAAPEWLRAEIGRLSRELSETTNEKIQAAEYGLAVLEEKQQLKQQYEDLEMEYEAVRQELDQLKEAFGQAYSNHRKVAADGESREESLIQESACKEAYYEQRVLELQNELRQTRNILTNTQSENERLNAISQDLRESSQMVELQRNQLRDDIKEYKFRESRLLQDYTELEEENISLQKQVSMLKQSQVEFEGLKHEIRRLEEDTQFLNSQLEDAIRLKEIAERQLSEALETIKTERELKASLRKELSHYMNIGDTLYNSPLSISLDGLKFSDDAATEPNNDEALHGYENGFIKLANAITDDNRISMPKKEELFRPVPSLVDDLLSELNISEIQKLKQQLMQMEREKVNLMSTLQDSQKQLEQANGALSEHQEKVNRLTENLNAIRKLQASKERQSALDNEKERDSHEDVDYYEVDINGPEILECKYKVAVSEAGELKEELKTLKAEYQACQSRYEEERTRLATDVTTLKDNLATLEKTSHVEREEKAKLEKELRKLSDVAGESQGSLSVAQDELVTFSEELATLYNHVCMCNNETPNRVMLDFYKEGKGGRSSPEGRGRRSPILLTKGLFPEPSKTDLSDGAPSPISSLPSPVSDHRREPMNIYNLVAIIRDQIKHLQLAVDRTTELSRQRVASLELGTVADKDKEACMEEILKLKSLLSTKREQIATLRTVLKANKQTAEVALANLKSKYENEKAMVTETMMKLRNELKALKEDAATFSSLRAMFATRCDEYVTQLDEMQRQLAAAEDEKKTLNSLLRMAIQQKLALTQRLEDLEFDHEQTRRGGNAGRAKGAHGPKPSLP	1	80	1	80	3.586E-36	140	1.000	0.098
AMPOC05179	AF-I3KKN9-F1-model_v4	0.912	80	7	MSVEEQGYPDAALLLEAGPEWLRAEIERLSRELSETTNEKIQAAEYGLAVLEEKQQLKQQYDDLEIEYEAVRQELDQLKD	MSVEEQGYPDAVLLMEAAPEWLRAEIGRLSRELSETTNEKIQAAEYGLAVLEEKQQLKQQYEDLEMEYEAVRQELDQLKEAFGQAYSNHRKVAADGESREESLIQESACKEAYYEQRVLELQNELRQTRNILTNTQSENERLNAISQDLRESSQMVELQRNQLRDDIKEYKFRESRLLQDYTELEEENISLQKQVSMLKQSQVEFEGLKHEIRRLEEDTQFLNSQLEDAIRLKEIAERQLSEALETIKTERELKASLRKELSHYMNIGDTLYNSPLSISLDGLKFSDDAATEPNNDEALHGYENGFIKLANAITDDNRISMPKKEELFRPVPSLVDDLLSELNISEIQKLKQQLMQMEREKVNLMSTLQDSQKQLEQANGALSEHQEKVNRLTENLNAIRKLQASKERQSALDNEKERDSHEDVDYYEVDINGPEILECKYKVAVSEAGELKEELKTLKAEYQACQSRYEEERTRLATDVTTLKENLATLEKTSHVEREEKAKLEKELRKLSDVAGESQGSLSVAQDELVTFSEELATLYNHVCMCNNETPNRVMLDFYKEGKGGRSSPEGRGRRSPSSPSPISSLPSPVSDHRREPMNIYNLVAIIRDQIKHLQLAVDRTTELSRQRVASLELGTVADKDKEACMEEILKLKSLLSTKREQIATLRTVLKANKQTAEVALANLKSKYENEKAMVTETMMKLRNELKALKEDAATFSSLRAMFATRCDEYVTQLDEMQRQLAAAEDEKKTLNSLLRMAIQQKLALTQRLEDLEFDHEQTRRGGNAGRAKARSKAASTASATAHSNSVPSGILGGPVVFCSEKYKIYCD	1	80	1	80	3.586E-36	140	1.000	0.097
AMPOC05179	AF-A0A668VWD7-F1-model_v4	0.912	80	7	MSVEEQGYPDAALLLEAGPEWLRAEIERLSRELSETTNEKIQAAEYGLAVLEEKQQLKQQYDDLEIEYEAVRQELDQLKD	MSVEEQGYPDAVLLMEAAPEWLRAEIGRLSRELSETTNEKIQAAEYGLAVLEEKQQLKQQYEDLEMEYEAVRQELDQLKEAFGQAYSNHRKVAADGESREESLIQESACKEAYYEQRVLELQNELRQTRNILTNTQSENERLNAISQDLRESSQMVELQRNQLRDDIKEYKFRESRLLQDYTELEEENISLQKQVSMLKQSQVEFEGLKHEIRRLEEDTQFLNSQLEDAIRLKEIAERQLSEALETIKTERELKASLRKELSHYMNIGDTLYNSPLSISLDGLKFSDDAATEPNNDEALHGYENGFIKLANAITDDNRISMPKKEELFRPVPSLVDDLLSELNISEIQKLKQQLMQMEREKVNLMSTLQDSQKQLEQANGALSEHQEKVNRLTENLNAIRKLQASKERQSALDNEKERDSHEDVDYYEVDINGPEILECKYKVAVSEAGELKEELKTLKAEYQACQSRYEEERTRLATDVTTLKDNLATLEKTSHVEREEKAKLEKELRKLSDVAGESQGSLSVAQDELVTFSEELATLYNHVCMCNNETPNRVMLDFYKEGKGGRSSPEGRGRRSPILLTKGLFPEPSKTDLSDGAPSPISSLPSPVSDHRREPMNIYNLVAIIRDQIKHLQLAVDRTTELSRQRVASLELGTVADKDKEACMEEILKLKSLLSTKREQIATLRTVLKANKQTAEVALANLKSKYENEKAMVTETMMKLRNELKALKEDAATFSSLRAMFATRCDEYVTQLDEMQRQLAAAEDEKKTLNSLLRMAIQQKLALTQRLEDLEFDHEQTRRGGNAGRAKARSKAAGTASAAAATNATNNPH	1	80	1	80	3.586E-36	140	1.000	0.097
AMPOC05179	AF-A0A668VWE2-F1-model_v4	0.912	80	7	MSVEEQGYPDAALLLEAGPEWLRAEIERLSRELSETTNEKIQAAEYGLAVLEEKQQLKQQYDDLEIEYEAVRQELDQLKD	MSVEEQGYPDAVLLMEAAPEWLRAEIGRLSRELSETTNEKIQAAEYGLAVLEEKQQLKQQYEDLEMEYEAVRQELDQLKEAFGQAYSNHRKVAADGESREESLIQESACKEAYYEQRVLELQNELRQTRNILTNTQSENERLNAISQDLRESSQMVELQRNQLRDDIKEYKFRESRLLQDYTELEEENISLQKQVSMLKQSQVEFEGLKHEIRRLEEDTQFLNSQLEDAIRLKEIAERQLSEALETIKTERELKASLRKELSHYMNIGDTLYNSPLSISLDGLKFSDDAATEPNNDEALHGYENGFIKLANAITDDNRISMPKKEELFRPVPSLVDDLLSELNISEIQKLKQQLMQMEREKVNLMSTLQDSQKQLEQANGALSEHQEKVNRLTENLNAIRKLQASKERQSALDNEKERDSHEDVDYYEVDINGPEILECKYKVAVSEAGELKEELKTLKAEYQACQSRYEEERTRLATDVTTLKDNLATLEKTSHVEREEKAKLEKELRKLSDVAGESQGSLSVAQDELVTFSEELATLYNHVCMCNNETPNRVMLDFYKEGKGGRSSPEGRGRRSPILLTKGLFPEPSKTDLSDGAPSPISSLPSPVSDHRREPMNIYNLVAIIRDQIKHLQLAVDRTTELSRQRVASLELGTVADKDKEACMEEILKLKSLLSTKREQIATLRTVLKANKQTAEVALANLKSKYENEKAMVTETMMKLRNELKALKEDAATFSSLRAMFATRCDEYVTQLDEMQRQLAAAEDEKKTLNSLLRMAIQQKLALTQRLEDLEFDHEQTRRGGNAGRAKARSKAAGTASAAAHSISVPSGILGGPVVFCSEKYKIYCD	1	80	1	80	3.586E-36	140	1.000	0.095
AMPOC05179	AF-A0A669EWE9-F1-model_v4	0.912	80	7	MSVEEQGYPDAALLLEAGPEWLRAEIERLSRELSETTNEKIQAAEYGLAVLEEKQQLKQQYDDLEIEYEAVRQELDQLKD	MSVEEQGYPDAVLLMEAAPEWLRAEIGRLSRELSETTNEKIQAAEYGLAVLEEKQQLKQQYEDLEMEYEAVRQELDQLKEAFGQAYSNHRKVAADGESREESLIQESACKEAYYEQRVLELQNELRQTRNILTNTQSENERLNAISQDLRESSQMVELQRNQLRDDIKEYKFRESRLLQDYTELEEENISLQKQVSMLKQSQVEFEGLKHEIRRLEEDTQFLNSQLEDAIRLKEIAERQLSEALETIKTERELKASLRKELSHYMNIGDTLYNSPLSISLDGLKFSDDAATEPNNDEALHGYENGFIKLANAITDDNRISMPKKEELFRPVPSLVDDLLSELNISEIQKLKQQLMQMEREKVNLMSTLQDSQKQLEQANGALSEHQEKVNRLTENLNAIRKLQASKERQSALDNEKERDSHEDVDYYEVDINGPEILECKYKVAVSEAGELKEELKTLKAEYQACQSRYEEERTRLATDVTTLKENLATLEKTSHVEREEKAKLEKELRKLSDVAGESQGSLSVAQDELVTFSEELATLYNHVCMCNNETPNRVMLDFYKEGKGGRSSPEGRGRRSPSSPSPISSLPSPVSDHRREPMNIYNLVAIIRDQIKHLQLAVDRTTELSRQRVASLELGTVADKDKEACMEEILKLKSLLSTKREQIATLRTVLKANKQTAEVALANLKSKYENEKAMVTETMMKLRNELKALKEDAATFSSLRAMFATRCDEYVTQLDEMQRQLAAAEDEKKTLNSLLRMAIQQKLALTQRLEDLEFDHEQTRRGGNAGRAKARSKAASTASATAATNTTTNNPHVSQSLTCSVSGRPEHSNSVPSGILGGPVVFCSEKYKIYCD	1	80	1	80	3.586E-36	140	1.000	0.094
AMPOC05179	AF-A0A834BQF8-F1-model_v4	0.912	80	7	MSVEEQGYPDAALLLEAGPEWLRAEIERLSRELSETTNEKIQAAEYGLAVLEEKQQLKQQYDDLEIEYEAVRQELDQLKD	MSVEEQSYTDAALLLEAGPEWLRAEIERLSRELTETTNEKIQAAEYGLVVLEEKQQLKQQYDDLEIEYDAVRQELDQVKEAFGQAYSNHKKVAADGESREESLIQESACKEAYYEQRVLDLQTEIRQTRNILTNTQSENERLGVIFQDMKDNCEMVELQRNQLRDDIKEYKFRESRLLQDYTELEEENISLQKQVSVLKQSQVEFEGLKHEIRRLEEDTQFLNSQLEDAIRLKEIAERQLGEALETIKTERELKASLRKELSNYMNIGDSLYHSPLSISLDGLKFSDDTATEPNNDEALHGYENSFAKLANEIADDNRISSPKKEELFCPVPSLVDDLLSELNISEIQKLKQQLMQSAAGM	1	80	1	80	4.921E-36	139	1.000	0.222
AMPOC05179	AF-A0A3B3D8U6-F1-model_v4	0.912	80	7	MSVEEQGYPDAALLLEAGPEWLRAEIERLSRELSETTNEKIQAAEYGLAVLEEKQQLKQQYDDLEIEYEAVRQELDQLKD	MSVEEQSYTDAALLLEAGPEWLRAEIERLSRELTETTNEKIQAAEYGLVVLEEKQQLKQQYDDLEIEYDAVRQELDQVKEAFGQAYSNHKKVAADGESREESLIQESACKEAYYEQRVLDLQTEIRQTRNILTNTQSENERLGVIFQDMKDNCEMVELQRNQLRDDIKEYKFRESRLLQDYTELEEENISLQKQVSVLKQSQVEFEGLKHEIRRLEEDTQFLNSQLEDAIRLKEIAERQLGEALETIKTERELKASLRKELSNYMNIGDSLYHSPLSISLDGLKFSDDTATEPNNDEALHGYENSFAKLANEIADDNRISSPKKEELFCPVPSLVDDLLSELNISEIQKLKQQLMQMEREKVNLLSNLQDSQKQLEQANGALSEHQEKVNRLTENLNAIRKLQASKERQSALDNEKERDSHEDGDYYEVDINGPEILECKYKVAVSEAGELKEELKTLKAEYQTCQSRYDEERTRLENDVTTLGEKLASLEKSSQIDREEKAKLEKELRKLSDVAGESQGSLSVAQDELVTFCEELATLYNHVCMCNNETPNRVMLDFYKEGKGGRSSPEGRGRRSPILLTRGLFPEPGKADLSDGTPSPVSSHPSPVSDHRREPMNIYNLVAIIRDQIRHLQLAVDRTTELSRQRVASLELGSVADKDKEACMEEILKLKSLLSTKREQIATLRTVLKANKQTAEVALANLKSKYENEKAMVTETMMKLRNELKALKEDAATFSSLRAMFATRCDEYVTQLEEMQRQLAAAEDEKKTLNSLLRMAIQQKLALTQRLEDLEFDHEQTRRGGNSGRAKARKAAQSAASNPH	1	80	1	80	4.921E-36	139	1.000	0.098
AMPOC05179	AF-A0A834FCN2-F1-model_v4	0.912	80	7	MSVEEQGYPDAALLLEAGPEWLRAEIERLSRELSETTNEKIQAAEYGLAVLEEKQQLKQQYDDLEIEYEAVRQELDQLKD	MSVEEQSYTDAALLLEAGPEWLRAEIERLSRELTETTNEKIQAAEYGLVVLEEKQQLKQQYDDLEIEYDAVRQELDQVKEAFGQAYSNHKKVAADGESREESLIQESACKEAYYEQRVLDLQTEIRQTRNILTNTQSENERLGVIFQDMKDNCEMVELQRNQLRDDIKEYKFRESRLLQDYTELEEENISLQKQVSVLKQSQVEFEGLKHEIRRLEEDTQFLNSQLEDAIRLKEIAERQLGEALETIKTERELKASLRKELSNYMNIGDSLYHSPLSISLDGLKFSDDTATEPNNDEALHGYENSFAKLANEIADDNRISSPKKEELFCPVPSLVDDLLSELNISEIQKLKQQLMQMEREKVNLLSNLQDSQKQLEQANGALSEHQEKVNRLTENLNAIRKLQASKERQSALDNEKERDSHEDGDYYEVDINGPEILECKYKVAVSEAGELKEELKTLKAEYQTCQSRYDEERTRLENDVTTLGEKLASLEKSSQIDREEKAKLEKELRKLSDVAGESQGSLSVAQDELVTFCEELATLYNHVCMCNNETPNRVMLDFYKEGKGGRSSPEGRGRRSPILLTRGLFPEPGKADLSDGTPSPVSSHPSPVSDHRREPMNIYNLVAIIRDQIKHLQLAVDRTTELSRQRVASLELGSVADKDKEACMEEILKLKSLLSTKREQIATLRTVLKANKQTAEVALANLKSKYENEKAMVTETMMKLRNELKALKEDAATFSSLRAMFATRCDEYVTQLEEMQRQLAAAEDEKKTLNSLLRMAIQQKLALTQRLEDLEFDHEQTRRGGNSGRAKARKAAQSAASNPHVSQSLTCSGLGRPELNNVMPNGILGGPVVFCSEKYKIYCD	1	80	1	80	4.921E-36	139	1.000	0.093
AMPOC05179	AF-A0A6G1Q3P0-F1-model_v4	0.900	80	8	MSVEEQGYPDAALLLEAGPEWLRAEIERLSRELSETTNEKIQAAEYGLAVLEEKQQLKQQYDDLEIEYEAVRQELDQLKD	MSVEEQGYPGALPLLEAGPEWMRAEIERLSRELSETTSEKIQAAEYGLAVLEEKQQLKQQYDDLEIDYEAIRQELDQLKEAFGQAYSNHRKVAADGESREESLIQESACKEAYYEQRVLELQTELRQTRNILTNTQSENERLNTIFQEMKENSQMVELQRNQLRDDIKEYKFRESRLLQDYTELEEENISMQKQVSMLKQSQVEFEGLKHEIRRLEEDTQFLNSQLEDAVRLKEIAERQLAEALETIKTERELKASLRKELSHYMSIGDTLYHSPLSISLDGLKFSDDAATEPNNDEALYGFENGFNKLANAITDDNRISTPQNAELFRPAPSLVDDLLSELNISEIQKLKQQLMQMEREKVNLLSTLQDSQKQLEQAHGALSEHQEKVNRLTENLNAIRKLQASKERQSALDNEKERDSHEDGDYYEVDINGPEILECKYKVAVSEAGELKEELKTLKAEYQACQSRYEEERTRLENDVTTLGDKLEILEKISQAERAEKAKLEKELRKLSDVAGESQGSLSVAQDELVTFSEELATLYNHVCMCNNETPNRVMLDFYKEGKGGRSSPEGRGRRSPILLTKGLFPEPGKADLSDGAHSPVSSLPSPVSDHRREPMNIYNLVAIIRDQIKHLQLAVDRTTELSRQRVASLELGTVADKDKEACMEEILKLKSLLSTKREQIATLRTVLKANKQTAEVALANLKSKYENEKAMVTETMMKLRNELKALKEDAATFSSLRAMFATRCDEYVTQLDEMQRQLAAAEDEKKTLNSLLRMAIQQKLALTQRLEDLEFDHEQTRRGGNTGRAKARNKSTTSTTNNNPHVSPSLTCPVSSRPEHNNAVPSGILGGPVVFCSEKYKIYCD	1	80	1	80	1.272E-35	138	1.000	0.093
AMPOC05179	AF-A0A315W8F7-F1-model_v4	0.900	80	8	MSVEEQGYPDAALLLEAGPEWLRAEIERLSRELSETTNEKIQAAEYGLAVLEEKQQLKQQYDDLEIEYEAVRQELDQLKD	MAVDCYLSFLHCKGHDLDHVQNDELYISKFLEKYLLLFSMNTSGRLRRPYVFSSQISWRTLVDRIMSTEEQGYPEAMLLEAGPEWLRAEVERLSRELSETTSEKIQAAEYGLAVLEEKQQLKQQYDDLEVEYEAVRQELDQLKEERAKEAKDKISSKLQDGTGEMTFRMKVNLYAFGQAYTNHRKVAADGESREESLIQESACKEAYYEQRVLELQNELRQTRNILTNTQSENERLVAISQEMKELCAIKISIARADGFSNSAYLQNGEMVELQRNQLRDDIKEYKFREGRLLQDYTELEEENISLQKQVSVLKQSQVEFEGLKHEIRRLEEDTQFLNSQLEDAIRLKEIAERQLGEALETIKTERELKTSLRKELSHYMNIGDSLYHSPLSISLDGLKFSDDAATEPNNDEALLGYENSFTKLANTINEDNRISTPEKEELFCPVPSLVDDLLSELNISEIQKLKQQLMQMERDKVNLLSNLQDSQKQLEQANGALSEHQEKVNRLTENLNAIRKLQASKERQSALDNEKERDSHEDGDYYEVDINGPEILECKYKVAVSEAGELKEELKTLKAEYQACQSRYDDERSRLENDVRSLGDKLSNLERTTFAEREEKAKLEKELRKLSDVAGESQGSLSVAQDELVTFSEELATLYNHVCMCNNETPNRVMLDFYKEGKGGRSSPEGRGRRSPILLTKGLFPEHGRTDLSDGAPSPVSSLPSPVADHRREPMNIYNLVAIIRDQIKHLQLAVDRTTELSRQRVASLELGTMADKDKEACMEEILKLKSLLSTKREQIATLRTVLKANKQTAEVALANLKSKYENEKAMVTETMMKLRNELKALKEDAATFSSLRAMFATRCDEYVTQLEEMQRQLAAAEDEKKTLNSLLRMAIQQKLALTQRLEDLEFDHEQTRRGGNSGRSKARSKAAGTTATSNPHVSQSLTCSGSGRPELNNAMPNGILGGPAIFCSEKYKIYCD	1	80	66	144	2.397E-35	138	1.000	0.081
AMPOC05179	AF-A0A3P9JEP4-F1-model_v4	0.900	80	8	MSVEEQGYPDAALLLEAGPEWLRAEIERLSRELSETTNEKIQAAEYGLAVLEEKQQLKQQYDDLEIEYEAVRQELDQLKD	MSVDEQGCTDAMLLLEAGPEWLRAEIERLSRELTETTNEKIQAAEYGLAVLEEKQQLKQQYDDLEIEYDAVRQELDQVKEAFGQAHSNHKKVAADGESREESLIQESACKEAYYEQRVLDLQTEIRQTRNILTNTQSENERLGVIFQDMKDNYEMVELQRNQLRDDIKEYKFRESRLLQDYTELEEENISLQKQVSVLKQSQVEFEGLKHEIRRLEEDTQFLNSQLEDAIRLKEIAERQLGEALETIKTERELKASLRKELSHYMTIGDSLYHSISLDGLKFSDDTATEPNNDEGLHGYENSFTKLANEIADDNRIFTPKKEELFCPVPSLVDDLLSELNISEIQKLKQQLMQMEREKVNLLSNLQDSQKQLEQANGALSEHQEKVNRLTENLNAIRKLQASKERQSALDNEKERDSHEDGDYYEVDINGPEILECKYKVAVSEAGELKEELKTLKAEYQSCQSRYDEERIRLENDVTTLGEKLATLEKTSQIDREEKAKLEKELRKLSDVAGESQGSLSVAQDELVTFSEELATLYNHVCMCNNETPNRVMLDFYKEGKGGRSSPEGRGRRSPILLTRGLFPEPGKADLSDGAHSPVSSQPSPVSDHRREPMNIYNLVAIIRDQIKHLQLAVDRTTELSRQRVASLELGSVADKDKEACMEEILKLKSLLSTKREQIATLRTVLKANKQTAEIALSNLKSKYENEKAMVTETMMKLRNELKALKEDAATFSSLRAMFATRCDEYVTQLEEMQRQLAAAEDEKKTLNSLLRMAIQQKLALTQRLEDLEFDHEQTRRGGNSTRAKARVDFRIRFSSCDASTPIQLSQ	1	80	1	80	4.515E-35	137	1.000	0.097
AMPOC05179	AF-A0A3P9I1D9-F1-model_v4	0.900	80	8	MSVEEQGYPDAALLLEAGPEWLRAEIERLSRELSETTNEKIQAAEYGLAVLEEKQQLKQQYDDLEIEYEAVRQELDQLKD	MSVDEQGCTDAMLLLEAGPEWLRAEIERLSRELTETTNEKIQAAEYGLAVLEEKQQLKQQYDDLEIEYDAVRQELDQVKEAFGQAHSNHKKVAADGESREESLIQESACKEAYYEQRVLDLQTEIRQTRNILTNTQSENERLGVIFQDMKDNYEMVELQRNQLRDDIKEYKFRESRLLQDYTELEEENISLQKQVSVLKQSQVEFEGLKHEIRRLEEDTQFLNSQLEDAIRLKEIAERQLGEALETIKTERELKASLRKELSHYMTIGDSLYHSPLSISLDGLKFSDDTATEPNNDEGLHGYENSFTKLANEIADDNRIFTPKKEELFCPVPSLVDDLLSELNISEIQKLKQQLMQMEREKVNLLSNLQDSQKQLEQANGALSEHQEKVNRLTENLNAIRKLQASKERQSALDNEKERDSHEDGDYYEVDINGPEILECKYKVAVSEAGELKEELKTLKAEYQSCQSRYDEERIRLENDVTTLGEKLATLEKTSQIDREEKAKLEKELRKLSDVAGESQGSLSVAQDELVTFSEELATLYNHVCMCNNETPNRVMLDFYKEGKGGRSSPEGRGRRSPILLTRGLFPEPGKADLSDGAHSPVSSQPSPVSDHRREPMNIYNLVAIIRDQIKHLQLAVDRTTELSRQRVASLELGSVADKDKEACMEEILKLKSLLSTKREQIATLRTVLKANKQTAEIALSNLKSKYENEKAMVTETMMKLRNELKALKEDAATFSSLRAMFATRCDEYVTQLEEMQRQLAAAEDEKKTLNSLLRMAIQQKLALTQRLEDLEFDHEQTRRGGNSTRAKARRATSSTTTNPHIVSSLPHHSPFNYKEELRG	1	80	1	80	4.515E-35	137	1.000	0.095
AMPOC05179	AF-A0A3B5B3M3-F1-model_v4	0.937	80	5	MSVEEQGYPDAALLLEAGPEWLRAEIERLSRELSETTNEKIQAAEYGLAVLEEKQQLKQQYDDLEIEYEAVRQELDQLKD	MSVEEHWYTDAMLLLEAGPECLRAEIERLSRELSETTNEKIQAAEYGLAVLEEKQQLKQQYDDLEIEYEAVRQELDQLKDAFGQAYSNHRKVAADGESREESLIQESACKEAYYEQRVLELQTDLRQARNVLTNTQSENERLNTISQEMRESSQMVELQRNQLRDDIKEYKFRETRLLQDYTELEEENISLQKQVSVLKQSQVEFEGLKHEIRRLEEDTQFLNSQLEDAIRLKEIAERQLGEALETIKTERELKASLRKELSHYMSIGDTLYHSPLSISLDGLKFSDDAATEPNNDEALHGYENGFTKLANAIADDNRISTPKKEELFCPAPSLVDDLLSELNISEIQKLKQQLMQMEREKVNLLSTLQDSQKQLEQANGALCEHQEKVNRLTENLNAIRKLQASKERQSALDNEKERDSHEDGDYYEVDINGPEILECKYKVAVSEAGELKEELKTLKAEYQTCQSRYEEERNRLESDVTTLGEKLATLEKTSYVEREEKAKLEKELRKLSDVAGESQGSLSVAQDELVTFSEELATLYNHVCMCNNETPNRVMLDFYKEGKGGRSSPEGRGRRSPILLTKGLFPEPGKTSFSDGVPSPVSSLPSPVSDHRREPMNIYNLVAIIRDQIKHLQLAVDRTTELSRQRVASLELGTVADKDKEACMEEILKLKSLLSTKREQIATLRTVLKANKQTAEVALANLKSKYENEKAMVTETIVKLRNELKALKEDAATFSSLRAMFATRCDEYVTQLDEMQRQLAAAEDEKKTLNSLLRMAIQQKLALTQRLEDLEFDHEQTRRGGNSGRAKARSKAASSTTTTTNNPH	1	80	1	80	6.197E-35	136	1.000	0.097
AMPOC05179	AF-A0A3B5B3K9-F1-model_v4	0.937	80	5	MSVEEQGYPDAALLLEAGPEWLRAEIERLSRELSETTNEKIQAAEYGLAVLEEKQQLKQQYDDLEIEYEAVRQELDQLKD	MSVEEHWYTDAMLLLEAGPECLRAEIERLSRELSETTNEKIQAAEYGLAVLEEKQQLKQQYDDLEIEYEAVRQELDQLKDAFGQAYSNHRKVAADGESREESLIQESACKEAYYEQRVLELQTDLRQARNVLTNTQSENERLNTISQEMRESSQMVELQRNQLRDDIKEYKFRETRLLQDYTELEEENISLQKQVSVLKQSQVEFEGLKHEIRRLEEDTQFLNSQLEDAIRLKEIAERQLGEALETIKTERELKASLRKELSHYMSIGDTLYHSPLSISLDGLKFSDDAATEPNNDEALHGYENGFTKLANAIADDNRISTPKKEELFCPAPSLVDDLLSELNISEIQKLKQQLMQMEREKVNLLSTLQDSQKQLEQANGALCEHQEKVNRLTENLNAIRKLQASKERQSALDNEKERDSHEDGDYYEVDINGPEILECKYKVAVSEAGELKEELKTLKAEYQTCQSRYEEERNRLESDVTTLGEKLATLEKTSYVEREEKAKLEKELRKLSDVAGESQGSLSVAQDELVTFSEELATLYNHVCMCNNETPNRVMLDFYKEGKGGRSSPEGRGRRSPILLTKGLFPEPGKTSFSDGVPSPVSSLPSPVSDHRREPMNIYNLVAIIRDQIKHLQLAVDRTTELSRQRVASLELGTVADKDKEACMEEILKLKSLLSTKREQIATLRTVLKANKQTAEVALANLKSKYENEKAMVTETIVKLRNELKALKEDAATFSSLRAMFATRCDEYVTQLDEMQRQLAAAEDEKKTLNSLLRMAIQQKLALTQRLEDLEFDHEQTRRGGNSGRAKARSKAASSTTTTTNNPHVVSSLLPQHHHSPFN	1	80	1	80	6.197E-35	136	1.000	0.095
AMPOC05179	AF-A0A667Z639-F1-model_v4	0.900	80	8	MSVEEQGYPDAALLLEAGPEWLRAEIERLSRELSETTNEKIQAAEYGLAVLEEKQQLKQQYDDLEIEYEAVRQELDQLKD	MSVEEQRYSDAMLLRDAGPEWLRAEIERLSRELTETTNEKIQAAEYGLAVLEEKQQLKQQYDDLEIEYETVRQELDQLKEAFGQAYSNHRKVAADGESREESLIQESACKEAYYEQKVLELQTELRQARNILTNTQSENERLTTIAQDMRESSQVVELQRNQLRDDIKEYKFREARLLQDYTELEEENISLQKQVSMLKQSQVEFEGLKHEIRRLEEDTQFLNSQLEDAIRLKEIAERQLGEALETIKTERELKSSLRKELSHYMSIGDTLYHSPLSISLDGLKFSDDAATEPNNDEALHGYENGFSKLANAITEDNRISTPKKDELFRPVPSLVDDLLSELNISEIQKLKQQLMQMEREKVNLLSTLQDSQKQLEQANGALSEHQEKVNRLTENLNAIRKLQASKERQSALDNEKERDSHEDGDYYEVDINGPEILECKYKVAVSEAGELKEELKTLKAEYQSCQSRYDEERARLENDVTTLGEKLATLEKTSHAEREEKARLEKELRKVSDVAGESQGSLSVAQDELVTFSEELATLYNHVCMCNNETPNRVMLDFYKEGKGGRSSPEGRGRRSPILLTKGLFPEPGKTDLSDGAPSPVSSLPSPVSDHRREPMNIYNLVAIIRDQIKHLQLAVDRTTELSRQRMASLELGTVADKDKEACMEEILKLKSLLSTKREQIATLRTVLKANKQTAEVALANLKSKYENEKAMVTETMMKLRNELKALKEDAATFSSLRAMFATRCDEYVTQLDEMQRQLAAAEDEKKTLNSLLRMAIQQKLALTQRLEDLEFDHEQTRRGGSAGRAKASPALVLKSPTRSLSSLASLRSCRARCVSNLHMLTAAHAC	1	80	1	80	1.167E-34	136	1.000	0.094
AMPOC05179	AF-A0A667ZS77-F1-model_v4	0.900	80	8	MSVEEQGYPDAALLLEAGPEWLRAEIERLSRELSETTNEKIQAAEYGLAVLEEKQQLKQQYDDLEIEYEAVRQELDQLKD	MSVEEQRYSDAMLLRDAGPEWLRAEIERLSRELTETTNEKIQAAEYGLAVLEEKQQLKQQYDDLEIEYETVRQELDQLKEAFGQAYSNHRKVAADGESREESLIQESACKEAYYEQKVLELQTELRQARNILTNTQSENERLTTIAQDMRESSQVVELQRNQLRDDIKEYKFREARLLQDYTELEEENISLQKQVSMLKQSQVEFEGLKHEIRRLEEDTQFLNSQLEDAIRLKEIAERQLGEALETIKTERELKSSLRKELSHYMSIGDTLPLSISLDGLKFSDDAATEPNNDEALHGYENGFSKLANAITEDNRISTPKKDELFRPVPSLVDDLLSELNISEIQKLKQQLMQMEREKVNLLSTLQDSQKQLEQANGALSEHQEKVNRLTENLNAIRKLQASKERQSALDNEKERDSHEDGDYYEVDINGPEILECKYKVAVSEAGELKEELKTLKAEYQSCQSRYDEERARLENDVTTLGEKLATLEKTSHAEREEKARLEKELRKVSDVAGESQGSLSVAQDELVTFSEELATLYNHVCMCNNETPNRVMLDFYKEGKGGRSSPEGRGRRSPILLTKGLFPEPGKTDLSDGAPSPVSSLPSPVSDHRREPMNIYNLVAIIRDQIKHLQLAVDRTTELSRQRMASLELGTVADKDKEACMEEILKLKSLLSTKREQIATLRTVLKANKQTAEVALANLKSKYENEKAMVTETMMKLRNELKALKEDAATFSSLRAMFATRCDEYVTQLDEMQRQLAAAEDEKKTLNSLLRMAIQQKLALTQRLEDLEFDHEQTRRGGSAGRAKGRSKAATSTANNPHVSQSVTCSGSGHPEHNNALPNGIIGGPMVFCSG	1	80	1	80	1.167E-34	136	1.000	0.094
AMPOC05179	AF-A0A667Z666-F1-model_v4	0.900	80	8	MSVEEQGYPDAALLLEAGPEWLRAEIERLSRELSETTNEKIQAAEYGLAVLEEKQQLKQQYDDLEIEYEAVRQELDQLKD	MSVEEQRYSDAMLLRDAGPEWLRAEIERLSRELTETTNEKIQAAEYGLAVLEEKQQLKQQYDDLEIEYETVRQELDQLKEAFGQAYSNHRKVAADGESREESLIQESACKEAYYEQKVLELQTELRQARNILTNTQSENERLTTIAQDMRESSQVVELQRNQLRDDIKEYKFREARLLQDYTELEEENISLQKQVSMLKQSQVEFEGLKHEIRRLEEDTQFLNSQLEDAIRLKEIAERQLGEALETIKTERELKSSLRKELSHYMSIGDTLYHSPLSISLDGLKFSDDAATEPNNDEALHGYENGFSKLANAITEDNRISTPKKDELFRPVPSLVDDLLSELNISEIQKLKQQLMQMEREKVNLLSTLQDSQKQLEQANGALSEHQEKVNRLTENLNAIRKLQASKERQSALDNEKERDSHEDGDYYEVDINGPEILECKYKVAVSEAGELKEELKTLKAEYQSCQSRYDEERARLENDVTTLGEKLATLEKTSHAEREEKARLEKELRKVSDVAGESQGSLSVAQDELVTFSEELATLYNHVCMCNNETPNRVMLDFYKEGKGGRSSPEGRGRRSPILLTKGLFPEPGKTDLSDGAPSPVSSLPSPVSDHRREPMNIYNLVAIIRDQIKHLQLAVDRTTELSRQRMASLELGTVADKDKEACMEEILKLKSLLSTKREQIATLRTVLKANKQTAEVALANLKSKYENEKAMVTETMMKLRNELKALKEDAATFSSLRAMFATRCDEYVTQLDEMQRQLAAAEDEKKTLNSLLRMAIQQKLALTQRLEDLEFDHEQTRRGGSAGRAKGRSKAATSTANNPHVSQSVTCSGSGHPEHNNALPNGIIGGPMVFCSEKYKIYCD	1	80	1	80	1.167E-34	136	1.000	0.093
