ANAPP09801	AF-A0A493SWN1-F1-model_v4	1.000	80	0	MSRGADMSLGAEEEEEYGRLVMESEPEWLRSEVKRLCQELGETTREKIQAAEYGLAVLEEKQQLKQQYEELELEYETIRA	MSRGADMSLGAEEEEEYGRLVMESEPEWLRSEVKRLCQELGETTREKIQAAEYGLAVLEEKQQLKQQYEELELEYETIRAEMEQLKEAFGQAHTNHKKVAADGESREETLIQESATKEEYYMKKELKEVNQNVEIQRARLRDDIKEYKFREARLLQDYTELEEENICLQKQVSVLKQNQVEFEGLKHEIKRLEEETEFLNSQLEDAIRLKEISERQLEEALETLKTEREQKNNLRKELSHYMNINDSMYNSHLNISLDGLKFSDEATEPNNDEIMNGFEQNCLSKLSNGKNTSTPRKNEGFPPAPSLVSDLLSELNISEIQKLKQQLVQMEREKVNLLTTLQESQKQLENTRGALSEQHEKVGRLTENLNAMKKLQVSKERQSALDNEKDRDSHEDGDYYEVDINGPEILECKYKVAVAEITDLKEELKNLKTKYKECESKYEEDKSRYETESQALTEKIASLEKSSRHDREQVARLEKELKKVSDVAGETQGSLSVAQDELVTFSEELANLYHHVCMCNNETPNRVMLDYYKEGKGGRSSPETKGRRSPILLSKGLLTIELGKAENGSGDSSPSPVSSLPSPVSDPRKEPMNIYNLIAIIRDQIKHLQAAVDRTTELSRQRVATQELGPVVDKDKEALMEEILKLKSLLSTKREQIATLRTVLKANKQTAEVALANLKSKYENEKAMVTETMMKLRNELKALKEDAATFSSLRAMFATRCDEYVTQLDEMQRQLAAAEDEKKTLNSLLRMAIQQKLALTQRLEHLELDHEQSKRVRTKSASKAKSSNPSVSHIRSCGDRSEGSVLNNQVFCSEKYKIYCD	1	80	1	80	1.961E-40	152	1.000	0.097
ANAPP09801	AF-A0A493SYI2-F1-model_v4	1.000	80	0	MSRGADMSLGAEEEEEYGRLVMESEPEWLRSEVKRLCQELGETTREKIQAAEYGLAVLEEKQQLKQQYEELELEYETIRA	MSRGADMSLGAEEEEEYGRLVMESEPEWLRSEVKRLCQELGETTREKIQAAEYGLAVLEEKQQLKQQYEELELEYETIRAEMEQLKELSLQLEEGQEVVCLCVKTRPKCSSNIQAFGQAHTNHKKVAADGESREETLIQESATKEEYYMKKVMELQTELKQLRNVLANTQSENERLNSVAQELKEVNQNVEIQRARLRDDIKEYKFREARLLQDYTELEEENICLQKQVSVLKQNQVEFEGLKHEIKRLEEETEFLNSQLEDAIRLKEISERQLEEALETLKTEREQKNNLRKELSHYMNINDSMYNSHLNISLDGLKFSDEATEPNNDEIMNGFEQNCLSKLSNGKNTSTPRKNEGFPPAPSLVSDLLSELNISEIQKLKQQLVQMEREKVNLLTTLQESQKQLENTRGALSEQHEKVGRLTENLNAMKKLQVSKERQSALDNEKDRDSHEDGDYYEVDINGPEILECKYKVAVAEITDLKEELKNLKTKYKECESKYEEDKSRYETESQALTEKIASLEKSSRHDREQVARLEKELKKVSDVAGETQGSLSVAQDELVTFSEELANLYHHVCMCNNETPNRVMLDYYKEGKGGRSSPETKGRRSPILLSKGLLTIELGKAENGSGDSSPSPVSSLPSPVSDPRKEPMNIYNLIAIIRDQIKHLQAAVDRTTELSRQRVATQELGPVVDKDKEALMEEILKLKSLLSTKREQIATLRTVLKANKQTAEVALANLKSKYENEKAMVTETMMKLRNELKALKEDAATFSSLRAMFATRCDEYVTQLDEMQRQLAAAEDEKKTLNSLLRMAIQQKLALTQRLEHLELDHEQSKRVRTKSASKAKSSNPSL	1	80	1	80	1.961E-40	152	1.000	0.094
ANAPP09801	AF-U3J6N0-F1-model_v4	1.000	80	0	MSRGADMSLGAEEEEEYGRLVMESEPEWLRSEVKRLCQELGETTREKIQAAEYGLAVLEEKQQLKQQYEELELEYETIRA	MSRGADMSLGAEEEEEYGRLVMESEPEWLRSEVKRLCQELGETTREKIQAAEYGLAVLEEKQQLKQQYEELELEYETIRAEMEQLKEAFGQAHTNHKKVAADGESREETLIQESATKEEYYMKKVMELQTELKQLRNVLANTQSENERLNSVAQELKEVNQNVEIQRARLRDDIKEYKFREARLLQDYTELEEENICLQKQVSVLKQNQVEFEGLKHEIKRLEEETEFLNSQLEDAIRLKEISERQLEEALETLKTEREQKNNLRKELSHYMNINDSMYNSHLNISLDGLKFSDEATEPNNDEIMNGFEQNCLSKLSNGKNTSTPRKNEGFPPAPSLVSDLLSELNISEIQKLKQQLVQMEREKVNLLTTLQESQKQLENTRGALSEQHEKVGRLTENLNAMKKLQVSKERQSALDNEKDRDSHEDGDYYEVDINGPEILECKYKVAVAEITDLKEELKNLKTKYKECESKYEEDKSRYETESQALTEKIASLEKSSRHDREQVARLEKELKKVSDVAGETQGSLSVAQDELVTFSEELANLYHHVCMCNNETPNRVMLDYYKEGKGGRSSPETKGRRSPILLSKGLLTIELGKAENGSGDSSPSPVSSLPSPVSDPRKEPMNIYNLIAIIRDQIKHLQAAVDRTTELSRQRVATQELGPVVDKDKEALMEEILKLKSLLSTKREQIATLRTVLKANKQTAEVALANLKSKYENEKAMVTETMMKLRNELKALKEDAATFSSLRAMFATRCDEYVTQLDEMQRQLAAAEDEKKTLNSLLRMAIQQKLALTQRLEHLELDHEQSKRVRTKSASKAKSSNPSVSHIRSCGDRSEGSVLNNQVFCSEKYKIYCD	1	80	1	80	1.961E-40	152	1.000	0.094
ANAPP09801	AF-A0A493TRU9-F1-model_v4	1.000	80	0	MSRGADMSLGAEEEEEYGRLVMESEPEWLRSEVKRLCQELGETTREKIQAAEYGLAVLEEKQQLKQQYEELELEYETIRA	MSRGADMSLGAEEEEEYGRLVMESEPEWLRSEVKRLCQELGETTREKIQAAEYGLAVLEEKQQLKQQYEELELEYETIRAEMEQLKELSLQLEEGQEVVCLCVKTRPKCSSNIQAFGQAHTNHKKVAADGESREETLIQESATKEEYYMKKVMELQTELKQLRNVLANTQSENERLNSVAQELKEVNQNVEIQRARLRDDIKEYKFREARLLQDYTELEEENICLQKQVSVLKQNQVEFEGLKHEIKRLEEETEFLNSQLEDAIRLKEISERQLEEALETLKTEREQKNNLRKELSHYMNINDSMYNSHLNISLDGLKFSDEATEPNNDEIMNGFEQNCLSKLSNGKNTSTPRKNEGFPPAPSLVSDLLSELNISEIQKLKQQLVQMEREKVNLLTTLQESQKQLENTRGALSEQHEKVGRLTENLNAMKKLQVSKERQSALDNEKDRDSHEDGDYYEVDINGPEILECKYKVAVAEITDLKEELKNLKTKYKECESKYEEDKSRYETESQALTEKIASLEKSSRHDREQVARLEKELKKVSDVAGETQGSLSVAQDELVTFSEELANLYHHVCMCNNETPNRVMLDYYKEGKGGRSSPETKGRRSPILLSKGLLTIELGKAENGSGDSSPSPVSSLPSPVSDPRKEPMNIYNLIAIIRDQIKHLQAAVDRTTELSRQRVATQELGPVVDKDKEALMEEILKLKSLLSTKREQIATLRTVLKANKQTAEVALANLKSKYENEKAMVTETMMKLRNELKALKEDAATFSSLRAMFATRCDEYVTQLDEMQRQLAAAEDEKKTLNSLLRMAIQQKLALTQRLEHLELDHEQSKRVRTKSASKAKSSNPSMISSLLPVHCRSAYK	1	80	1	80	1.961E-40	152	1.000	0.093
ANAPP09801	AF-A0A493TDC9-F1-model_v4	1.000	80	0	MSRGADMSLGAEEEEEYGRLVMESEPEWLRSEVKRLCQELGETTREKIQAAEYGLAVLEEKQQLKQQYEELELEYETIRA	MSRGADMSLGAEEEEEYGRLVMESEPEWLRSEVKRLCQELGETTREKIQAAEYGLAVLEEKQQLKQQYEELELEYETIRAEMEQLKELSLQLEEGQEVVCLCVKTRPKCSSNIQAFGQAHTNHKKVAADGESREETLIQESATKEEYYMKKVMELQTELKQLRNVLANTQSENERLNSVAQELKEVNQNVEIQRARLRDDIKEYKFREARLLQDYTELEEENICLQKQVSVLKQNQVEFEGLKHEIKRLEEETEFLNSQLEDAIRLKEISERQLEEALETLKTEREQKNNLRKELSHYMNINDSMYNSHLNISLDGLKFSDEATEPNNDEIMNGFEQNCLSKLSNGKNTSTPRKNEGFPPAPSLVSDLLSELNISEIQKLKQQLVQMEREKVNLLTTLQESQKQLENTRGALSEQHEKVGRLTENLNAMKKLQVSKERQSALDNEKDRDSHEDGDYYEVDINGPEILECKYKVAVAEITDLKEELKNLKTKYKECESKYEEDKSRYETESQALTEKIASLEKSSRHDREQVARLEKELKKVSDVAGETQGSLSVAQDELVTFSEELANLYHHVCMCNNETPNRVMLDYYKEGKGGRSSPETKGRRSPILLSKGLLTIELGKAENGSGDSSPSPVSSLPSPVSDPRKEPMNIYNLIAIIRDQIKHLQAAVDRTTELSRQRVATQELGPVVDKDKEALMEEILKLKSLLSTKREQIATLRTVLKANKQTAEVALANLKSKYENEKAMVTETMMKLRNELKALKEDAATFSSLRAMFATRCDEYVTQLDEMQRQLAAAEDEKKTLNSLLRMAIQQKLALTQRLEHLELDHEQSKRVRTKSASKAKSSNPSVSHIRSCGDRSEGSVLNNQVFCSEKYKIYCD	1	80	1	80	1.961E-40	152	1.000	0.091
ANAPP09801	AF-A0A6J3DFH3-F1-model_v4	0.975	80	2	MSRGADMSLGAEEEEEYGRLVMESEPEWLRSEVKRLCQELGETTREKIQAAEYGLAVLEEKQQLKQQYEELELEYETIRA	MSRGADMSLGAEEEEEYGRLVMESEPEWLRSEVKRLCHELGETTRQKIQAAEYGLAVLEEKQQLKQQYEELELEYETIRAEMEQLKEAFGQAHTNHKKVAADGESREETLIQESATKEEYYMKKVMELQTELKQLRNVLANTQSENERLNSVAQELKEVNQNVEIQRARLRDDIKEYKFREARLLQDYTELEEENICLQKQVSVLKQNQVEFEGLKHEIKRLEEETEFLNSQLEDAIRLKEISERQLEEALETLKTEREQKNNLRKELSHYMNINDSMYNSHLNISLDGLKFSDEATEPNNDEIINGFEQNCLSKLSNGKNTSTPRKNEGFPPAPSLVSDLLSELNISEIQKLKQQLVQMEREKVNLLTTLQESQKQLENTRGALSEQHEKVGRLTENLNAMKKLQVSKERQSALDNEKDRDSHEDGDYYEVDINGPEILECKYKVAVAEITDLKEELKNLKTKYKECESKYEEDKSRYETESQALTEKIASLEKSSRHDREQVARLEKELKKVSDVAGETQGSLSVAQDELVTFSEELANLYHHVCMCNNETPNRVMLDYYKEGKGGRSSPETKGRRSPILLSKGLLTIELGKAENGSGDSSPSPVSSLPSPVSDPRKEPMNIYNLIAIIRDQIKHLQAAVDRTTELSRQRVATQELGPVVDKDKEALMEEILKLKSLLSTKREQIATLRTVLKANKQTAEVALANLKSKYENEKAMVTETMMKLRNELKALKEDAATFSSLRAMFATRCDEYVTQLDEMQRQLAAAEDEKKTLNSLLRMAIQQKLALTQRLEHLELDHEQSKRL	1	80	1	80	2.468E-39	149	1.000	0.099
ANAPP09801	AF-A0A6J3DJG0-F1-model_v4	0.975	80	2	MSRGADMSLGAEEEEEYGRLVMESEPEWLRSEVKRLCQELGETTREKIQAAEYGLAVLEEKQQLKQQYEELELEYETIRA	MSRGADMSLGAEEEEEYGRLVMESEPEWLRSEVKRLCHELGETTRQKIQAAEYGLAVLEEKQQLKQQYEELELEYETIRAEMEQLKEAFGQAHTNHKKVAADGESREETLIQESATKEEYYMKKVMELQTELKQLRNVLANTQSENERLNSVAQELKEVNQNVEIQRARLRDDIKEYKFREARLLQDYTELEEENICLQKQVSVLKQNQVEFEGLKHEIKRLEEETEFLNSQLEDAIRLKEISERQLEEALETLKTEREQKNNLRKELSHYMNINDSMYNSHLNISLDGLKFSDEATEPNNDEIINGFEQNCLSKLSNGKNTSTPRKNEGFPPAPSLVSDLLSELNISEIQKLKQQLVQMEREKVNLLTTLQESQKQLENTRGALSEQHEKVGRLTENLNAMKKLQVSKERQSALDNEKDRDSHEDGDYYEVDINGPEILECKYKVAVAEITDLKEELKNLKTKYKECESKYEEDKSRYETESQALTEKIASLEKSSRHDREQVARLEKELKKVSDVAGETQGSLSVAQDELVTFSEELANLYHHVCMCNNETPNRVMLDYYKEGKGGRSSPETKGRRSPILLSKGLLTIELGKAENGSGDSSPSPVSSLPSPVSDPRKEPMNIYNLIAIIRDQIKHLQAAVDRTTELSRQRVATQELGPVVDKDKEALMEEILKLKSLLSTKREQIATLRTVLKANKQTAEVALANLKSKYENEKAMVTETMMKLRNELKALKEDAATFSSLRAMFATRCDEYVTQLDEMQRQLAAAEDEKKTLNSLLRMAIQQKLALTQRLEHLELDHEQSKRMISSLLPVHCRSAYK	1	80	1	80	2.468E-39	149	1.000	0.098
ANAPP09801	AF-A0A6J3DLI3-F1-model_v4	0.975	80	2	MSRGADMSLGAEEEEEYGRLVMESEPEWLRSEVKRLCQELGETTREKIQAAEYGLAVLEEKQQLKQQYEELELEYETIRA	MSRGADMSLGAEEEEEYGRLVMESEPEWLRSEVKRLCHELGETTRQKIQAAEYGLAVLEEKQQLKQQYEELELEYETIRAEMEQLKEAFGQAHTNHKKVAADGESREETLIQESATKEEYYMKKVMELQTELKQLRNVLANTQSENERLNSVAQELKEVNQNVEIQRARLRDDIKEYKFREARLLQDYTELEEENICLQKQVSVLKQNQVEFEGLKHEIKRLEEETEFLNSQLEDAIRLKEISERQLEEALETLKTEREQKNNLRKELSHYMNINDSMYNSHLNISLDGLKFSDEATEPNNDEIINGFEQNCLSKLSNGKNTSTPRKNEGFPPAPSLVSDLLSELNISEIQKLKQQLVQMEREKVNLLTTLQESQKQLENTRGALSEQHEKVGRLTENLNAMKKLQVSKERQSALDNEKDRDSHEDGDYYEVDINGPEILECKYKVAVAEITDLKEELKNLKTKYKECESKYEEDKSRYETESQALTEKIASLEKSSRHDREQVARLEKELKKVSDVAGETQGSLSVAQDELVTFSEELANLYHHVCMCNNETPNRVMLDYYKEGKGGRSSPETKGRRSPILLSKGLLTIELGKAENGSGDSSPSPVSSLPSPVSDPRKEPMNIYNLIAIIRDQIKHLQAAVDRTTELSRQRVATQELGPVVDKDKEALMEEILKLKSLLSTKREQIATLRTVLKANKQTAEVALANLKSKYENEKAMVTETMMKLRNELKALKEDAATFSSLRAMFATRCDEYVTQLDEMQRQLAAAEDEKKTLNSLLRMAIQQKLALTQRLEHLELDHEQSKRVRTKSASKAKSSNPSL	1	80	1	80	2.468E-39	149	1.000	0.097
ANAPP09801	AF-A0A6J3DL13-F1-model_v4	0.975	80	2	MSRGADMSLGAEEEEEYGRLVMESEPEWLRSEVKRLCQELGETTREKIQAAEYGLAVLEEKQQLKQQYEELELEYETIRA	MSRGADMSLGAEEEEEYGRLVMESEPEWLRSEVKRLCHELGETTRQKIQAAEYGLAVLEEKQQLKQQYEELELEYETIRAEMEQLKEAFGQAHTNHKKVAADGESREETLIQESATKEEYYMKKVMELQTELKQLRNVLANTQSENERLNSVAQELKEVNQNVEIQRARLRDDIKEYKFREARLLQDYTELEEENICLQKQVSVLKQNQVEFEGLKHEIKRLEEETEFLNSQLEDAIRLKEISERQLEEALETLKTEREQKNNLRKELSHYMNINDSMYNSHLNISLDGLKFSDEATEPNNDEIINGFEQNCLSKLSNGKNTSTPRKNEGFPPAPSLVSDLLSELNISEIQKLKQQLVQMEREKVNLLTTLQESQKQLENTRGALSEQHEKVGRLTENLNAMKKLQVSKERQSALDNEKDRDSHEDGDYYEVDINGPEILECKYKVAVAEITDLKEELKNLKTKYKECESKYEEDKSRYETESQALTEKIASLEKSSRHDREQVARLEKELKKVSDVAGETQGSLSVAQDELVTFSEELANLYHHVCMCNNETPNRVMLDYYKEGKGGRSSPETKGRRSPILLSKGLLTIELGKAENGSGDSSPSPVSSLPSPVSDPRKEPMNIYNLIAIIRDQIKHLQAAVDRTTELSRQRVATQELGPVVDKDKEALMEEILKLKSLLSTKREQIATLRTVLKANKQTAEVALANLKSKYENEKAMVTETMMKLRNELKALKEDAATFSSLRAMFATRCDEYVTQLDEMQRQLAAAEDEKKTLNSLLRMAIQQKLALTQRLEHLELDHEQSKRVRTKSASKAKSSNPSMISSLLPVHCRSAYK	1	80	1	80	2.468E-39	149	1.000	0.096
ANAPP09801	AF-A0A6J3DJF5-F1-model_v4	0.975	80	2	MSRGADMSLGAEEEEEYGRLVMESEPEWLRSEVKRLCQELGETTREKIQAAEYGLAVLEEKQQLKQQYEELELEYETIRA	MSRGADMSLGAEEEEEYGRLVMESEPEWLRSEVKRLCHELGETTRQKIQAAEYGLAVLEEKQQLKQQYEELELEYETIRAEMEQLKEAFGQAHTNHKKVAADGESREETLIQESATKEEYYMKKVMELQTELKQLRNVLANTQSENERLNSVAQELKEVNQNVEIQRARLRDDIKEYKFREARLLQDYTELEEENICLQKQVSVLKQNQVEFEGLKHEIKRLEEETEFLNSQLEDAIRLKEISERQLEEALETLKTEREQKNNLRKELSHYMNINDSMYNSHLNISLDGLKFSDEATEPNNDEIINGFEQNCLSKLSNGKNTSTPRKNEGFPPAPSLVSDLLSELNISEIQKLKQQLVQMEREKVNLLTTLQESQKQLENTRGALSEQHEKVGRLTENLNAMKKLQVSKERQSALDNEKDRDSHEDGDYYEVDINGPEILECKYKVAVAEITDLKEELKNLKTKYKECESKYEEDKSRYETESQALTEKIASLEKSSRHDREQVARLEKELKKVSDVAGETQGSLSVAQDELVTFSEELANLYHHVCMCNNETPNRVMLDYYKEGKGGRSSPETKGRRSPILLSKGLLTIELGKAENGSGDSSPSPVSSLPSPVSDPRKEPMNIYNLIAIIRDQIKHLQAAVDRTTELSRQRVATQELGPVVDKDKEALMEEILKLKSLLSTKREQIATLRTVLKANKQTAEVALANLKSKYENEKAMVTETMMKLRNELKALKEDAATFSSLRAMFATRCDEYVTQLDEMQRQLAAAEDEKKTLNSLLRMAIQQKLALTQRLEHLELDHEQSKRVRTKSASKAKSSNPSVSHIRSCGDRSEGSVLNNQVFCSEKYKIYCD	1	80	1	80	2.468E-39	149	1.000	0.094
