DANRE43878	AF-A0A0G2L2S4-F1-model_v4	1.000	80	0	MQELQAELRQTRTILTNVQSENERLATITQELRENSQMVELQRSRLRDDIKEFKFRECRLLQDYSELEEENITLQKHVSV	MQELQAELRQTRTILTNVQSENERLATITQELRENSQMVELQRSRLRDDIKEFKFRECRLLQDYSELEEENITLQKHVSVLKQSQVEFEGLKHEIRRLEEDTQFLNSQLEDAIRLKEIAERQLGEALETIKTEREQKAALRKELSQYMSISDSMYHSPLSISLDGLKFSDDASIEPNNDEPLHVYENGFEKITDNNDNRVSTPKKSELFQPSSSLVDNLLNELNISEIQKLKQQLLQVEREKVTLLSTLQESQKQLEQANGALSEEHEKVGRLTENLNAIRKLQANKERQSALDNEKERDSHEDSEYYEVDINGPEILQCKYKVAVSEASQLKEELKTLKAEHSACQSQYQEERAQLESQVASLNAQLTSLERSSRSEREQLARLEKELRQASEVAGESQGSLNIAQDELATFSEELANLYHHVCMCNNETPNRIMLDYYREGKSGVNGTQTNGWCSPDGRGRRSPILLTRGLFPTAESSDGTSSPISSIPSPVADPRKEPMNIYNLVAIIRDQIRHLQLAVDRTTELSRQRMASLELGLGADREQEASVEEILKLKSLLSTKREQIATLRTVLKANKQTAEVALANLKSKYENEKAMVTETMMKLRNELKALKEDAATFSSLRAMFATRCDEYVTQLDEMQRQLAAAEDEKKTLNSLLRMAIQQKLALTQRLEDLEFDHEQIRRPGANGRTRNTAPRIKSSQTHLHSV	1	80	1	80	4.262E-38	145	1.000	0.113
DANRE43878	AF-A0A2R8QID4-F1-model_v4	1.000	80	0	MQELQAELRQTRTILTNVQSENERLATITQELRENSQMVELQRSRLRDDIKEFKFRECRLLQDYSELEEENITLQKHVSV	MQELQAELRQTRTILTNVQSENERLATITQELRENSQMVELQRSRLRDDIKEFKFRECRLLQDYSELEEENITLQKHVSVLKQSQVEFEGLKHEIRRLEEDTQFLNSQLEDAIRLKEIAERQLGEALETIKTEREQKAALRKELSQYMSISDSMYHSPLSISLDGLKFSDDASIEPNNDEPLHVYENGFEKITDNNDNRVSTPKKSELFQPSSSLVDNLLNELNISEIQKLKQQLLQVEREKVTLLSTLQESQKQLEQANGALSEEHEKVGRLTENLNAIRKLQANKERQSALDNEKERDSHEDSEYYEVDINGPEILQCKYKVAVSEASQLKEELKTLKAEHSACQSQYQEERAQLESQVASLNAQLTSLERSSRSEREQLARLEKELRQASEVAGESQGSLNIAQDELATFSEELANLYHHVCMCNNETPNRIMLDYYREGKSGVNGTQTNGWCSPDGRGRRSPILLTRGLFPTAESSDGTSSPISSIPSPVADPRKEPMNIYNLVAIIRDQIRHLQLAVDRTTELSRQRMASLELGLGADREQEASVEEILKLKSLLSTKREQIATLRTVLKANKQTAEVALANLKSKYENEKAMVTETMMKLRNELKALKEDAATFSSLRAMFATRCDEYVTQLDEMQRQLAAAEDEKKTLNSLLRMAIQQKLALTQRLEDLEFDHEQIRRPGANGRTRNTAPRIKSSQTHVSRSDSNGHTVAPVVFCSEKYKIYCD	1	80	1	80	4.262E-38	145	1.000	0.109
DANRE43878	AF-A0A673IC18-F1-model_v4	0.950	80	4	MQELQAELRQTRTILTNVQSENERLATITQELRENSQMVELQRSRLRDDIKEFKFRECRLLQDYSELEEENITLQKHVSV	DGESREESLIQESACKEAYYEQRMQELQAELRQARNILTNVQSENERLATITQELRESSQMVELQRSRLRDDIKEFKFREARLLQDYSELEEENITLQKHVSVLKQSQVEFEGLKHEIRRLEEDTQFLNSQLEDAIRLKEIAERQLGEALETIKTEREQKAALRKELSQYMTIGDSMYHSPLSISLDGLKFSDDTSIEPNNDEPLHIYENGFDKIDNNDNRVSTPKKGERFHPSSSLVDNLLNELNISEIQKLKQQLLQVEREKVTLLSTLQESQKQLEQAHGALSEQHEKVSRLTENLNAVRKLQASKERQSALDNEKDRDSHEDSEYYEVDINGPEILECKYKVAVSEASQLKEELKTLKAEHSACQSQYKEERVQLESQVASLSTQVSSLERSSRADREQLARLEKELRQASEVAGESQGSLNIAQDELATFSEELANLYHHVCMCNNETPNRIMLDYYREGKAGVNGTQTTGWGSPDGRGRRSPILLTRGLFPSDGASSPVSSVPSPVPDPRKEPMNIYNLVAIIRDQIRHLQLAVDRTTELSRQRIASLELGLGADRDQEASVEEILKLKSLLSTKREQIATLRTVLKANKQTAEVALANLKSKYENEKAMVTETMMKLRNELKALKEDAATFSSLRAMFATRCDEYVTQLDEMQRQLAAADDEKKTLNSLLRMAIQQKLALTQRLEDLEFDYEQTRRGGPFALVLCPSLSCL	1	80	24	103	8.506E-35	136	1.000	0.111
DANRE43878	AF-A0A673I6W3-F1-model_v4	0.950	80	4	MQELQAELRQTRTILTNVQSENERLATITQELRENSQMVELQRSRLRDDIKEFKFRECRLLQDYSELEEENITLQKHVSV	DGESREESLIQESACKEAYYEQRMQELQAELRQARNILTNVQSENERLATITQELRESSQMVELQRSRLRDDIKEFKFREARLLQDYSELEEENITLQKHVSVLKQSQVEFEGLKHEIRRLEEDTQFLNSQLEDAIRLKEIAERQLGEALETIKTEREQKAALRKELSQYMTIGDSMYHSPLSISLDGLKFSDDTSIEPNNDEPLHIYENGFDKIDNNDNRVSTPKKGERFHPSSSLVDNLLNELNISEIQKLKQQLLQVEREKVTLLSTLQESQKQLEQAHGALSEQHEKVSRLTENLNAVRKLQASKERQSALDNEKDRDSHEDSEYYEVDINGPEILECKYKVAVSEASQLKEELKTLKAEHSACQSQYKEERVQLESQVASLSTQVSSLERSSRADREQLARLEKELRQASEVAGESQGSLNIAQDELATFSEELANLYHHVCMCNNETPNRIMLDYYREGKAGVNGTQTTGWGSPDGRGRRSPILLTRGLFPSDGASSPVSSVPSPVPDPRKEPMNIYNLVAIIRDQIRHLQLAVDRTTELSRQRIASLELGLGADRDQEASVEEILKLKSLLSTKREQIATLRTVLKANKQTAEVALANLKSKYENEKAMVTETMMKLRNELKALKEDAATFSSLRAMFATRCDEYVTQLDEMQRQLAAADDEKKTLNSLLRMAIQQKLALTQRLEDLEFDYEQTRRGGANGRSKTASSLLPSL	1	80	24	103	8.506E-35	136	1.000	0.111
DANRE43878	AF-A0A673IFC3-F1-model_v4	0.950	80	4	MQELQAELRQTRTILTNVQSENERLATITQELRENSQMVELQRSRLRDDIKEFKFRECRLLQDYSELEEENITLQKHVSV	DGESREESLIQESACKEAYYEQRMQELQAELRQARNILTNVQSENERLATITQELRESSQMVELQRSRLRDDIKEFKFREARLLQDYSELEEENITLQKHVSVLKQSQVEFEGLKHEIRRLEEDTQFLNSQLEDAIRLKEIAERQLGEALETIKTEREQKAALRKELSQYMTIGDSMYHSPLSISLDGLKFSDDTSIEPNNDEPLHIYENGFDKIDNNDNRVSTPKKGERFHPSSSLVDNLLNELNISEIQKLKQQLLQVEREKVTLLSTLQESQKQLEQAHGALSEQHEKVSRLTENLNAVRKLQASKERQSALDNEKDRDSHEDSEYYEVDINGPEILECKYKVAVSEASQLKEELKTLKAEHSACQSQYKEERVQLESQVASLSTQVSSLERSSRADREQLARLEKELRQASEVAGESQGSLNIAQDELATFSEELANLYHHVCMCNNETPNRIMLDYYREGKAGVNGTQTTGWGSPDGRGRRSPILLTRGLFPSDGASSPVSSVPSPVPDPRKEPMNIYNLVAIIRDQIRHLQLAVDRTTELSRQRIASLELGLGADRDQEASVEEILKLKSLLSTKREQIATLRTVLKANKQTAEVALANLKSKYENEKAMVTETMMKLRNELKALKEDAATFSSLRAMFATRCDEYVTQLDEMQRQLAAADDEKKTLNSLLRMAIQQKLALTQRLEDLEFDYEQTRRGGANGRSKTASSRGKPTHSPSNQGTRVHMPEQTKYANLLPASLTCRKTLRIVPLL	1	80	24	103	8.506E-35	136	1.000	0.106
DANRE43878	AF-A0A673IFA4-F1-model_v4	0.950	80	4	MQELQAELRQTRTILTNVQSENERLATITQELRENSQMVELQRSRLRDDIKEFKFRECRLLQDYSELEEENITLQKHVSV	IRTKMQNTNNRLNTINECNKQFKFFFFQAFGQAHSNHRKVAADGESREESLIQESACKEAYYEQRMQELQAELRQARNILTNVQSENERLATITQELRESSQMVELQRSRLRDDIKEFKFREARLLQDYSELEEENITLQKHVSVLKQSQVEFEGLKHEIRRLEEDTQFLNSQLEDAIRLKEIAERQLGEALETIKTEREQKAALRKELSQYMTIGDSMYHSPLSISLDGLKFSDDTSIEPNNDEPLHIYENGFDKIDNNDNRVSTPKKGERFHPSSSLVDNLLNELNISEIQKLKQQLLQVEREKVTLLSTLQESQKQLEQAHGALSEQHEKVSRLTENLNAVRKLQASKERQSALDNEKDRDSHEDSEYYEVDINGPEILECKYKVAVSEASQLKEELKTLKAEHSACQSQYKEERVQLESQVASLSTQVSSLERSSRADREQLARLEKELRQASEVAGESQGSLNIAQDELATFSEELANLYHHVCMCNNETPNRIMLDYYREGKAGVNGTQTTGWGSPDGRGRRSPILLTRGLFPSDGASSPVSSVPSPVPDPRKEPMNIYNLVAIIRDQIRHLQLAVDRTTELSRQRIASLELGLGADRDQEASVEEILKLKSLLSTKREQIATLRTVLKANKQTAEVALANLKSKYENEKAMVTETMMKLRNELKALKEDAATFSSLRAMFATRCDEYVTQLDEMQRQLAAADDEKKTLNSLLRMAIQQKLALTQRLEDLEFDYEQTRRGGANGRSKTASSRGKPTQSHVSHPAAAATCGGRAEPNGLLGTPVVFCSEKYKIYCD	1	80	66	145	8.506E-35	136	1.000	0.100
DANRE43878	AF-A0A7J6CQB4-F1-model_v4	0.937	80	5	MQELQAELRQTRTILTNVQSENERLATITQELRENSQMVELQRSRLRDDIKEFKFRECRLLQDYSELEEENITLQKHVSV	MSAEQQRDWTRAEVQRLSRELAETTREKIQAAEYGLAVLEEKQQLKQQYDELEAEYESVRQELEQLREAFGQAHSNHKKVAADGESREESLIQESACKEAYYEQRMQELQSELRQARNILTNVQSENDRLATITQELRENSQMVELQRSRLRDDIKEFKFREARLLQDYSELEEENITLQKHVSVLKQSQVEFEGLKHEIRRLEEDTQFLNSQLEDAIRLKEIAERQLGEALETIKTEREQKAALRKELSQYMTIGDSMYHSPLSISLDGLKFSDDTSIEPNNDEPLHVYENGFDKIDNNDNRVSTPKKGELFHPSSSLVDNLLNELNISEIQKLKQQLLQVEREKVTLLSTLQESQKQLEQAHGALSEQHEKVSRLTENLNAVRKLQASKERQSALDNEKDRDSHEDSEYYEVDINGPEILECKYKVAVSEASQLKEELKTLKAEHSACQSEYKEERAQLESQVASLGTQVTSLERSGRADREQLARLEKELRQASEVAGESQGSLNIAQDELATFSEELANLYHHVCMCNNETPNRIMLDYYREGKAGVNGAQTSPDGRGRRSPILLTRGLFPSDGASSPVSSVPSPVADPRKEPMNIYNLVAIIRDQIRHLQLAVDRTTELSRQRMASLELGLGADRDQEASVEEILKLKSLLSTKREQIATLRTVLKANKQTAEVALANLKSKYENEKAMVTETMMKLRNELKALKEDAATFSSLRAMFATRCDEYVTQLDEMQRQLAAAEDEKKTLNSLLRMAIQQKLALTQRLEDLEFDHEQTRRGGANGRSKTAASRGKPTHSHYCSA	1	80	106	185	1.167E-34	136	1.000	0.099
DANRE43878	AF-A0A671KF86-F1-model_v4	0.937	80	5	MQELQAELRQTRTILTNVQSENERLATITQELRENSQMVELQRSRLRDDIKEFKFRECRLLQDYSELEEENITLQKHVSV	MSAEQQRDLTRAEVQRLSRELAETTREKIQAAEYGLAVLDEKQQLKQRYDELEAEHETVRQELEQLREAFGQAHSNHRKVAADGESREESLIQESACKEVYYEQRMQELQAELRQARNILTNVQSENERLATITQELRESSQMVELQRSRMRDDIKEFKFREARLLQDYSELEEENITLQKHVSVLKQSQVEFEGLKHEIRRLEEDTQFLNSQLEDAIRLKEIAERQLGEALETIKTEREQKARDDFLSFLCYYYYYLQLDIIIIIIDIILSLVDNLLNELNISEIQKLKQQLLQVEREKVTLLSTLQESQKQLEQTHGALSEQHEKVSRLTENLNAVRKLQASKEHQSALDNEKDRDSHEDSEYYEVDINGPEILECKYKVAVSEASQLKEELKTLKAEHSACQSQYKEERVQLESQVASLSTQVSSLERSSRADREQLARLEKELRQASEVAGESQGSLNIAQDELATFSEELANLYHHVCMCNNQTPNRIMLDYYREGKAGVNGTQTTGWGSPDGRGRRSPILLTRGLFPSDGASSPVSSVPSPVPDPRKEPMNIYNLVAIIRDQIRHLQLAVDRTTELSRQRMASLELGLGADRDQEASVEEILKLKSLLSTKREQIATLRTVLKANKQTAEVALANLKSKYENEKAMVTETMIKLRNELKALKEDAATFSSLRAMFATRCDEYVTQLDEMQRQLAAAEDEKKTLNSLLRMAIQQKLALTQRLEDLEFDHEQTRRGRAISRSKPSAGSSRGKPTQSHVSHPAAAATCGGRGEPNGLLGTPVVFCSEKYKIYCD	1	80	106	185	1.602E-34	135	1.000	0.100
DANRE43878	AF-A0A671KGS0-F1-model_v4	0.937	80	5	MQELQAELRQTRTILTNVQSENERLATITQELRENSQMVELQRSRLRDDIKEFKFRECRLLQDYSELEEENITLQKHVSV	MSAEQQRDLTRAEVQRLSRELAETTREKIQAAEYGLAVLDEKQQLKQRYDELEAEHETVRQELEQLREAFGQAHSNHRKVAADGESREESLIQESACKEVYYEQRMQELQAELRQARNILTNVQSENERLATITQELRESSQMVELQRSRMRDDIKEFKFREARLLQDYSELEEENITLQKHVSVLKQSQVEFEGLKHEIRRLEEDTQFLNSQLEDAIRLKEIAERQLGEALETIKTEREQKAALRKELSQYMTIGDSMYHSPLSISLDGLKFSDDTSIEPNNDEPLHIYENGFDKIDNNDNRVSTPKKGERFHPSSSLVDNLLNELNISEIQKLKQQLLQVEREKVTLLSTLQESQKQLEQTHGALSEQHEKVSRLTENLNAVRKLQASKEHQSALDNEKDRDSHEDSEYYEVDINGPEILECKYKVAVSEASQLKEELKTLKAEHSACQSQYKEERVQLESQVASLSTQVSSLERSSRADREQLARLEKELRQASEVAGESQGSLNIAQDELATFSEELANLYHHVCMCNNQTPNRIMLDYYREGKAGVNGTQTTGWGSPDGRGRRSPILLTRGLFPSDGASSPVSSVPSPVPDPRKEPMNIYNLVAIIRDQIRHLQLAVDRTTELSRQRMASLELGLGADRDQEASVEEILKLKSLLSTKREQIATLRTVLKANKQTAEVALANLKSKYENEKAMVTETMIKLRNELKALKEDAATFSSLRAMFATRCDEYVTQLDEMQRQLAAAEDEKKTLNSLLRMAIQQKLALTQRLEDLEFDHEQTRRGRAISRSKPSAGSSRGKPTQSH	1	80	106	185	1.602E-34	135	1.000	0.099
DANRE43878	AF-A0A3B4CNZ1-F1-model_v4	0.925	80	6	MQELQAELRQTRTILTNVQSENERLATITQELRENSQMVELQRSRLRDDIKEFKFRECRLLQDYSELEEENITLQKHVSV	MSTEEPLLAEAGAEWLRTELERMSRELSETTREKIQAAEYGLAVLEEKQGLKQQYDELEAEYEAVRQELEQLREAFGQAHSNHRKVAADGESREESLIQESACKEAYYEQRVQELQAELRQTRNVLTNTQSENERLATITQELRENSQMVELQRSRLRDDIKEYKFREARLLQDYSELEEENITLQKHVSVLKQSQVEFEGLKHEIRRLEEDTQFLNSQLEDAIRLKEIAERQLGEALETIKTEREQKAALRKELIHYMSIGDSMYHNPLNISLDGLKFSDDAATEPNNDDPIHGYENGFDKITNSDDNRISTPKKSELFHPAPSLVDDLLSELNISEIQKLKQQLVQVEREKVTLLSTLQDSQKQLEQANGALSEEHEKVSRLTENLNAMRKLQVSKERQSALDNEKERDSNEDGDYYEVDINGPEILECKYKVAVSEAGHLKEELKTLKAEYSTCQSQYEEDRTRLESQVASLRSQLSALEHSSRAEREQLTRLEKELRQASEVAGESQGSLSVAQDELATFSEELANLYHHVCMCNNETPNRVMLDFYREGKANPTGRSSPEGRGRRSPILLTRGLFPTPEGEASSPSSSSLPSPVADPRKEPMNIYNLVAIIRDQIRHLQLAVDRTTELSRQRVASMELGPGGDRDQEASLEEILKLKSLLSTKREQIATLRTVLKANKQTAEVALANLKSKYENEKAMVTETMMKLRNELKALKEDAATFSSLRAMFATRCDEYVTQLDEMQRQLAAAEDEKKTLNSLLRMAIQQKLALTQRLEDLEFDHEQSRRGGSGRTKSSRAKSVQNATQQSH	1	80	112	191	1.602E-34	135	1.000	0.099
DANRE43878	AF-A0A671KCC8-F1-model_v4	0.937	80	5	MQELQAELRQTRTILTNVQSENERLATITQELRENSQMVELQRSRLRDDIKEFKFRECRLLQDYSELEEENITLQKHVSV	MSAEQQRDLTRAEVQRLSRELAETTREKIQAAEYGLAVLDEKQQLKQRYDELEAEHETVRQELEQLREAFGQAHSNHRKVAADGESREESLIQESACKEVYYEQRMQELQAELRQARNILTNVQSENERLATITQELRESSQMVELQRSRMRDDIKEFKFREARLLQDYSELEEENITLQKHVSVLKQSQVEFEGLKHEIRRLEEDTQFLNSQLEDAIRLKEIAERQLGEALETIKTEREQKAALRKELSQYMTIGDSMYHSPLSISLDGLKFSDDTSIEPNNDEPLHIYENGFDKIDNNDNRVSTPKKGERFHPSSSLVDNLLNELNISEIQKLKQQLLQVEREKVTLLSTLQESQKQLEQTHGALSEQHEKVSRLTENLNAVRKLQASKEHQSALDNEKDRDSHEDSEYYEVDINGPEILECKYKVAVSEASQLKEELKTLKAEHSACQSQYKEERVQLESQVASLSTQVSSLERSSRADREQLARLEKELRQASEVAGESQGSLNIAQDELATFSEELANLYHHVCMCNNQTPNRIMLDYYREGKAGVNGTQTTGWGSPDGRGRRSPILLTRGLFPSDGASSPVSSVPSPVPDPRKEPMNIYNLVAIIRDQIRHLQLAVDRTTELSRQRMASLELGLGADRDQEASVEEILKLKSLLSTKREQIATLRTVLKANKQTAEVALANLKSKYENEKAMVTETMIKLRNELKALKEDAATFSSLRAMFATRCDEYVTQLDEMQRQLAAAEDEKKTLNSLLRMAIQQKLALTQRLEDLEFDHEQTRRGRAISRSKPSVEVFSSCENLWLPASCTSLPH	1	80	106	185	1.602E-34	135	1.000	0.098
DANRE43878	AF-A0A671KIQ7-F1-model_v4	0.937	80	5	MQELQAELRQTRTILTNVQSENERLATITQELRENSQMVELQRSRLRDDIKEFKFRECRLLQDYSELEEENITLQKHVSV	MSAEQQRDLTRAEVQRLSRELAETTREKIQAAEYGLAVLDEKQQLKQRYDELEAEHETVRQELEQLREAFGQAHSNHRKVAADGESREESLIQESACKEVYYEQRMQELQAELRQARNILTNVQSENERLATITQELRESSQMVELQRSRMRDDIKEFKFREARLLQDYSELEEENITLQKHVSVLKQSQVEFEGLKHEIRRLEEDTQFLNSQLEDAIRLKEIAERQLGEALETIKTEREQKAALRKELSQYMTIGDSMYHSPLSISLDGLKFSDDTSIEPNNDEPLHIYENGFDKIDNNDNRVSTPKKGERFHPSSSLVDNLLNELNISEIQKLKQQLLQVEREKVTLLSTLQESQKQLEQTHGALSEQHEKVSRLTENLNAVRKLQASKEHQSALDNEKDRDSHEDSEYYEVDINGPEILECKYKVAVSEASQLKEELKTLKAEHSACQSQYKEERVQLESQVASLSTQVSSLERSSRADREQLARLEKELRQASEVAGESQGSLNIAQDELATFSEELANLYHHVCMCNNQTPNRIMLDYYREGKAGVNGTQTTGWGSPDGRGRRSPILLTRGLFPSDGASSPVSSVPSPVPDPRKEPMNIYNLVAIIRDQIRHLQLAVDRTTELSRQRMASLELGLGADRDQEASVEEILKLKSLLSTKREQIATLRTVLKANKQTAEVALANLKSKYENEKAMVTETMIKLRNELKALKEDAATFSSLRAMFATRCDEYVTQLDEMQRQLAAAEDEKKTLNSLLRMAIQQKLALTQRLEDLEFDHEQTRRGRPMPLFGKQTIQSFMLSFSGLLKTFILNQRQIGLMPNS	1	80	106	185	1.602E-34	135	1.000	0.097
DANRE43878	AF-A0A671KCC3-F1-model_v4	0.937	80	5	MQELQAELRQTRTILTNVQSENERLATITQELRENSQMVELQRSRLRDDIKEFKFRECRLLQDYSELEEENITLQKHVSV	MSAEQQRDLTRAEVQRLSRELAETTREKIQAAEYGLAVLDEKQQLKQRYDELEAEHETVRQELEQLREAFGQAHSNHRKVAADGESREESLIQESACKEVYYEQRMQELQAELRQARNILTNVQSENERLATITQELRESSQMVELQRSRMRDDIKEFKFREARLLQDYSELEEENITLQKHVSVLKQSQVEFEGLKHEIRRLEEDTQFLNSQLEDAIRLKEIAERQLGEALETIKTEREQKAALRKELSQYMTIGDSMYHSPLSISLDGLKFSDDTSIEPNNDEPLHIYENGFDKIDNNDNRVSTPKKGERFHPSSSLVDNLLNELNISEIQKLKQQLLQVEREKVTLLSTLQESQKQLEQTHGALSEQHEKVSRLTENLNAVRKLQASKEHQSALDNEKDRDSHEDSEYYEVDINGPEILECKYKVAVSEASQLKEELKTLKAEHSACQSQYKEERVQLESQVASLSTQVSSLERSSRADREQLARLEKELRQASEVAGESQGSLNIAQDELATFSEELANLYHHVCMCNNQTPNRIMLDYYREGKAGVNGTQTTGWGSPDGRGRRSPILLTRGLFPSDGASSPVSSVPSPVPDPRKEPMNIYNLVAIIRDQIRHLQLAVDRTTELSRQRMASLELGLGADRDQEASVEEILKLKSLLSTKREQIATLRTVLKANKQTAEVALANLKSKYENEKAMVTETMIKLRNELKALKEDAATFSSLRAMFATRCDEYVTQLDEMQRQLAAAEDEKKTLNSLLRMAIQQKLALTQRLEDLEFDHEQTRRGRAISRSKPSAGSSRGKPTHSSNKYRRRSFCFQVSVILRANSGVLENVMFRQMV	1	80	106	185	1.602E-34	135	1.000	0.095
DANRE43878	AF-A0A3B4CRA6-F1-model_v4	0.925	80	6	MQELQAELRQTRTILTNVQSENERLATITQELRENSQMVELQRSRLRDDIKEFKFRECRLLQDYSELEEENITLQKHVSV	TSRPSEQTREAEWLRTELERMSRELSETTREKIQAAEYGLAVLEEKQGLKQQYDELEAEYEAVRQELEQLREAFGQAHSNHRKVAADGESREESLIQESACKEAYYEQRVQELQAELRQTRNVLTNTQSENERLATITQELRENSQMVELQRSRLRDDIKEYKFREARLLQDYSELEEENITLQKHVSVLKQSQVEFEGLKHEIRRLEEDTQFLNSQLEDAIRLKEIAERQLGEALETIKTEREQKAALRKELIHYMSIGDSMYHNPLNISLDGLKFSDDAATEPNNDDPIHGYENGFDKITNSDDNRISTPKKSELFHPAPSLVDDLLSELNISEIQKLKQQLVQVEREKVTLLSTLQDSQKQLEQANGALSEEHEKVSRLTENLNAMRKLQVSKERQSALDNEKERDSNEDGDYYEVDINGPEILECKYKVAVSEAGHLKEELKTLKAEYSTCQSQYEEDRTRLESQVASLRSQLSALEHSSRAEREQLTRLEKELRQASEVAGESQGSLSVAQDELATFSEELANLYHHVCMCNNETPNRVMLDFYREGKANPTGRSSPEGRGRRSPILLTRGLFPTPEGEASSPSSSSLPSPVADPRKEPMNIYNLVAIIRDQIRHLQLAVDRTTELSRQRVASMELGPGGDRDQEASLEEILKLKSLLSTKREQIATLRTVLKANKQTAEVALANLKSKYENEKAMVTETMMKLRNELKALKEDAATFSSLRAMFATRCDEYVTQLDEMQRQLAAAEDEKKTLNSLLRMAIQQKLALTQRLEDLEFDHEQSRRGGSGRTKSSRAKSVQNATQQSHVSPTLTATCGGRGEPNSLLGTPMVFCSEKYKIYCD	1	80	110	189	1.602E-34	135	1.000	0.095
DANRE43878	AF-A0A3B4E6X2-F1-model_v4	0.925	80	6	MQELQAELRQTRTILTNVQSENERLATITQELRENSQMVELQRSRLRDDIKEFKFRECRLLQDYSELEEENITLQKHVSV	MSTEEPLLAEAGAEWLRTELERMSRELSETTREKIQAAEYGLAVLEEKQGLKQQYDELEAEYEAVRQELEQLREAFGQAHSNHRKVAADGESREESLIQESACKEAYYEQRVQELQAELRQTRNVLTNTQSENERLATITQELRENSQMVELQRSRLRDDIKEYKFREARLLQDYSELEEENITLQKHVSVLKQSQVEFEGLKHEIRRLEEDTQFLNSQLEDAIRLKEIAERQLGEALETIKTEREQKAALRKELIHYMSIGDSMYHNPLNISLDGLKFSDDAATEPNNDDPIHGYENGFDKITNSDDNRISTPKKSELFHPAPSLVDDLLSELNISEIQKLKQQLVQVEREKVTLLSTLQDSQKQLEQANGALSEEHEKVSRLTENLNAMRKLQVSKERQSALDNEKERDSNEDGDYYEVDINGPEILECKYKVAVSEAGHLKEELKTLKAEYSTCQSQYEEDRTRLESQVASLRSQLSALEHSSRAEREQLTRLEKELRQASEVAGESQGSLSVAQDELATFSEELANLYHHVCMCNNETPNRVMLDFYREGKANPTGRSSPEGRGRRSPILLTRGLFPTPEGEASSPSSSSLPSPVADPRKEPMNIYNLVAIIRDQIRHLQLAVDRTTELSRQRVASMELGPGGDRDQEASLEEILKLKSLLSTKREQIATLRTVLKANKQTAEVALANLKSKYENEKAMVTETMMKLRNELKALKEDAATFSSLRAMFATRCDEYVTQLDEMQRQLAAAEDEKKTLNSLLRMAIQQKLALTQRLEDLEFDHEQSRRGGSGRTKSSRAKSVQNATQQSHVSPTLTATCGGRGEPNSLLGTPMVFCSEKYKIYCD	1	80	112	191	1.602E-34	135	1.000	0.094
DANRE43878	AF-A0A672N2Y1-F1-model_v4	0.937	80	5	MQELQAELRQTRTILTNVQSENERLATITQELRENSQMVELQRSRLRDDIKEFKFRECRLLQDYSELEEENITLQKHVSV	MSAEVQRLSRELAETTREKIQAAEYGLAVLDEKQRLKQRYDELEAEHETVRRELEQLREAFGQAHSNHRKVAADGESREESLIQESACKEAYYEQRMQELQAELRQGRNILTNVQSENERLATITQELRESSQIVELQRSRLRDDIKEFKFREARLLQDYSELEEENITLQKHVSVLKQSQVEFEGLKHEIRRLEEDTQFLNSQLEDAIRLKEIAERQLGEALETIKTEREQKAALRKELSQYMTIGDSMYHSPLSISLDGLKFSDDTSIEPNNDEPLHIYENGFDKIDNNDNRVSTPKKGERFHPSSSLVDNLLNELNISEIQKLKQQLLQVEREKGTLLSTLQESQKQLEQARRALSEQHEKVSGLTENLNAVRKLQASKERQSALENEKDRDSHEDSEYYEVDINGPEILECKYKVAVSEASQLKEELKTLKAEHSACQSQYKEERAQLESQVASLSTQASSLERSSRADREQLARLEKELRQASEVAGESQGSLNIAQDELATFSEELANLYHHVCMCNNETPNRIMLDYYREGKAGVNGTQTTGWGSPDGRGRRSPILLTRGLFPSDGASSPVSSVPSPVPDPRKEPMNIYNLVAIIRDQIRHLQLAVDRTTELSRQRMASLELGLGADRDQEASVEEILKLKSLLSTKREQIATLRTVLKANKQTAEVALANLKSKYENEKAMVTETMMKLRNELKALKEDAATFSSLRAMFATRCDEYVTQLDEMQRQLAAAEDEKKTLNSLLRMAIQQKLALTQRLEDLEFDHEQTRRGGANGRSKTTSSRGKPTQSH	1	80	97	176	5.687E-34	134	1.000	0.101
DANRE43878	AF-A0A672MUF5-F1-model_v4	0.937	80	5	MQELQAELRQTRTILTNVQSENERLATITQELRENSQMVELQRSRLRDDIKEFKFRECRLLQDYSELEEENITLQKHVSV	MAMKEVIDYQEYHYDVQRLSRELAETTREKIQAAEYGLAVLDEKQRLKQRYDELEAEHETVRRELEQLREAFGQAHSNHRKVAADGESREESLIQESACKEAYYEQRMQELQAELRQGRNILTNVQSENERLATITQELRESSQIVELQRSRLRDDIKEFKFREARLLQDYSELEEENITLQKHVSVLKQSQVEFEGLKHEIRRLEEDTQFLNSQLEDAIRLKEIAERQLGEALETIKTEREQKAALRKELSQYMTIGDSMYHSPLSISLDGLKFSDDTSIEPNNDEPLHIYENGFDKIDNNDNRVSTPKKGERFHPSSSLVDNLLNELNISEIQKLKQQLLQVEREKGTLLSTLQESQKQLEQARRALSEQHEKVSGLTENLNAVRKLQASKERQSALENEKDRDSHEDSEYYEVDINGPEILECKYKVAVSEASQLKEELKTLKAEHSACQSQYKEERAQLESQVASLSTQASSLERSSRADREQLARLEKELRQASEVAGESQGSLNIAQDELATFSEELANLYHHVCMCNNETPNRIMLDYYREGKAGVNGTQTTGWGSPDGRGRRSPILLTRGLFPSDGASSPVSSVPSPVPDPRKEPMNIYNLVAIIRDQIRHLQLAVDRTTELSRQRMASLELGLGADRDQEASVEEILKLKSLLSTKREQIATLRTVLKANKQTAEVALANLKSKYENEKAMVTETMMKLRNELKALKEDAATFSSLRAMFATRCDEYVTQLDEMQRQLAAAEDEKKTLNSLLRMAIQQKLALTQRLEDLEFDHEQTRRGGANGRSKTTSSRGKPTHYSRPLH	1	80	108	187	5.687E-34	134	1.000	0.099
DANRE43878	AF-A0A672MYA5-F1-model_v4	0.937	80	5	MQELQAELRQTRTILTNVQSENERLATITQELRENSQMVELQRSRLRDDIKEFKFRECRLLQDYSELEEENITLQKHVSV	MAMKEVIDYQEYHYDVQRLSRELAETTREKIQAAEYGLAVLDEKQRLKQRYDELEAEHETVRRELEQLREAFGQAHSNHRKVAADGESREESLIQESACKEAYYEQRMQELQAELRQGRNILTNVQSENERLATITQELRESSQIVELQRSRLRDDIKEFKFREARLLQDYSELEEENITLQKHVSVLKQSQVEFEGLKHEIRRLEEDTQFLNSQLEDAIRLKEIAERQLGEALETIKTEREQKAALRKELSQYMTIGDSMYHSPLSISLDGLKFSDDTSIEPNNDEPLHIYENGFDKIDNNDNRVSTPKKGERFHPSSSLVDNLLNELNISEIQKLKQQLLQVEREKGTLLSTLQESQKQLEQARRALSEQHEKVSGLTENLNAVRKLQASKERQSALENEKDRDSHEDSEYYEVDINGPEILECKYKVAVSEASQLKEELKTLKAEHSACQSQYKEERAQLESQVASLSTQASSLERSSRADREQLARLEKELRQASEVAGESQGSLNIAQDELATFSEELANLYHHVCMCNNETPNRIMLDYYREGKAGVNGTQTTGWGSPDGRGRRSPILLTRGLFPSDGASSPVSSVPSPVPDPRKEPMNIYNLVAIIRDQIRHLQLAVDRTTELSRQRMASLELGLGADRDQEASVEEILKLKSLLSTKREQIATLRTVLKANKQTAEVALANLKSKYENEKAMVTETMMKLRNELKALKEDAATFSSLRAMFATRCDEYVTQLDEMQRQLAAAEDEKKTLNSLLRMAIQQKLALTQRLEDLEFDHEQTRRGGANGRSKTTSSELVFTCPSKQNMQTSSLPR	1	80	108	187	5.687E-34	134	1.000	0.098
DANRE43878	AF-A0A672MYA0-F1-model_v4	0.937	80	5	MQELQAELRQTRTILTNVQSENERLATITQELRENSQMVELQRSRLRDDIKEFKFRECRLLQDYSELEEENITLQKHVSV	MSAEVQRLSRELAETTREKIQAAEYGLAVLDEKQRLKQRYDELEAEHETVRRELEQLREAFGQAHSNHRKVAADGESREESLIQESACKEAYYEQRMQELQAELRQGRNILTNVQSENERLATITQELRESSQIVELQRSRLRDDIKEFKFREARLLQDYSELEEENITLQKHVSVLKQSQVEFEGLKHEIRRLEEDTQFLNSQLEDAIRLKEIAERQLGEALETIKTEREQKAALRKELSQYMTIGDSMYHSPLSISLDGLKFSDDTSIEPNNDEPLHIYENGFDKIDNNDNRVSTPKKGERFHPSSSLVDNLLNELNISEIQKLKQQLLQVEREKGTLLSTLQESQKQLEQARRALSEQHEKVSGLTENLNAVRKLQASKERQSALENEKDRDSHEDSEYYEVDINGPEILECKYKVAVSEASQLKEELKTLKAEHSACQSQYKEERAQLESQVASLSTQASSLERSSRADREQLARLEKELRQASEVAGESQGSLNIAQDELATFSEELANLYHHVCMCNNETPNRIMLDYYREGKAGVNGTQTTGWGSPDGRGRRSPILLTRGLFPSDGASSPVSSVPSPVPDPRKEPMNIYNLVAIIRDQIRHLQLAVDRTTELSRQRMASLELGLGADRDQEASVEEILKLKSLLSTKREQIATLRTVLKANKQTAEVALANLKSKYENEKAMVTETMMKLRNELKALKEDAATFSSLRAMFATRCDEYVTQLDEMQRQLAAAEDEKKTLNSLLRMAIQQKLALTQRLEDLEFDHEQTRRGGANGRSKTTSSRGKPTHSPSNQGTRVHMPEQTKYANLLPASLTCRKTLRIVPLL	1	80	97	176	5.687E-34	134	1.000	0.096
DANRE43878	AF-A0A672MUB8-F1-model_v4	0.937	80	5	MQELQAELRQTRTILTNVQSENERLATITQELRENSQMVELQRSRLRDDIKEFKFRECRLLQDYSELEEENITLQKHVSV	MSAEVQRLSRELAETTREKIQAAEYGLAVLDEKQRLKQRYDELEAEHETVRRELEQLREAFGQAHSNHRKVAADGESREESLIQESACKEAYYEQRMQELQAELRQGRNILTNVQSENERLATITQELRESSQIVELQRSRLRDDIKEFKFREARLLQDYSELEEENITLQKHVSVLKQSQVEFEGLKHEIRRLEEDTQFLNSQLEDAIRLKEIAERQLGEALETIKTEREQKAALRKELSQYMTIGDSMYHSPLSISLDGLKFSDDTSIEPNNDEPLHIYENGFDKIDNNDNRVSTPKKGERFHPSSSLVDNLLNELNISEIQKLKQQLLQVEREKGTLLSTLQESQKQLEQARRALSEQHEKVSGLTENLNAVRKLQASKERQSALENEKDRDSHEDSEYYEVDINGPEILECKYKVAVSEASQLKEELKTLKAEHSACQSQYKEERAQLESQVASLSTQASSLERSSRADREQLARLEKELRQASEVAGESQGSLNIAQDELATFSEELANLYHHVCMCNNETPNRIMLDYYREGKAGVNGTQTTGWGSPDGRGRRSPILLTRGLFPSDGASSPVSSVPSPVPDPRKEPMNIYNLVAIIRDQIRHLQLAVDRTTELSRQRMASLELGLGADRDQEASVEEILKLKSLLSTKREQIATLRTVLKANKQTAEVALANLKSKYENEKAMVTETMMKLRNELKALKEDAATFSSLRAMFATRCDEYVTQLDEMQRQLAAAEDEKKTLNSLLRMAIQQKLALTQRLEDLEFDHEQTRRGGANGRSKTTSSRGKPTQSHVSHPATNLLSPQRTFCEAERSDVKGSIWNHLDKNSFSYETSLEKDKKQKSE	1	80	97	176	5.687E-34	134	1.000	0.094
DANRE43878	AF-A0A672MWG4-F1-model_v4	0.937	80	5	MQELQAELRQTRTILTNVQSENERLATITQELRENSQMVELQRSRLRDDIKEFKFRECRLLQDYSELEEENITLQKHVSV	MKDDQINFYAKNSEGYMSAEVQRLSRELAETTREKIQAAEYGLAVLDEKQRLKQRYDELEAEHETVRRELEQLREAFGQAHSNHRKVAADGESREESLIQESACKEAYYEQRMQELQAELRQGRNILTNVQSENERLATITQELRESSQIVELQRSRLRDDIKEFKFREARLLQDYSELEEENITLQKHVSVLKQSQVEFEGLKHEIRRLEEDTQFLNSQLEDAIRLKEIAERQLGEALETIKTEREQKAALRKELSQYMTIGDSMYHSPLSISLDGLKFSDDTSIEPNNDEPLHIYENGFDKIDNNDNRVSTPKKGERFHPSSSLVDNLLNELNISEIQKLKQQLLQVEREKGTLLSTLQESQKQLEQARRALSEQHEKVSGLTENLNAVRKLQASKERQSALENEKDRDSHEDSEYYEVDINGPEILECKYKVAVSEASQLKEELKTLKAEHSACQSQYKEERAQLESQVASLSTQASSLERSSRADREQLARLEKELRQASEVAGESQGSLNIAQDELATFSEELANLYHHVCMCNNETPNRIMLDYYREGKAGVNGTQTTGWGSPDGRGRRSPILLTRGLFPSDGASSPVSSVPSPVPDPRKEPMNIYNLVAIIRDQIRHLQLAVDRTTELSRQRMASLELGLGADRDQEASVEEILKLKSLLSTKREQIATLRTVLKANKQTAEVALANLKSKYENEKAMVTETMMKLRNELKALKEDAATFSSLRAMFATRCDEYVTQLDEMQRQLAAAEDEKKTLNSLLRMAIQQKLALTQRLEDLEFDHEQTRRGGANGRSKTTSSRGKPTQSHVSHPATAATCGGRGEPNGLLGTPVVFCSEKYKIYCD	1	80	113	192	5.687E-34	134	1.000	0.094
DANRE43878	AF-A0A672KHX3-F1-model_v4	0.912	80	7	MQELQAELRQTRTILTNVQSENERLATITQELRENSQMVELQRSRLRDDIKEFKFRECRLLQDYSELEEENITLQKHVSV	MSAEQQRDATRAEVQRLSRELAETTREKIQAAEYGLAVLDEKQRLKQRYDELEAEHETVRRELEQLREAFGQAHSNHRKVAADGESREESLIQESACKEAYYEQRMQELQAELRQARNILTNVQSENDRLATITQELQESSQMVELQRSRLHDDIKEFKFREARLLQDYSELEEENITLQKHVSVLKQSQVEFEGLKHEIRRQEEDTQFLNSQLEDAIRLKEIAERQLGEALETIKTEREQKAALRKELSQYMTIGDSMYHSPLSISLDGLKFSDDTSIEPNNDEPLHIYENGFDKIDNNDNRVSTPKKGERFHPSSSLVDNLLNELNISEIQKLKQQLLQVEREKVTLLSTLQESQKQLEQAHGALSEQHEKVSRLTENLNAVRKLQASKERQSALDNEKDRDSHEDSEYYEVDINGPEILECKYKVAVSEASQLKEELKTLKAEHSACQSQYKEERAQLESQVASLSTQFTSLERSSRADREQLAWLEKELRQASEVAGESQGSLNIAQDELATFSEELANLYHHVCMCNNETPNRIMLDYYREGKAGVNGTQTTGWGSPDSRGRRSPILLTRGLFPSDGASSPVSSIPSPVPDPRKEPMNIYNLVAIIRDQIRHLQLAVDRTTELSRQRMASLELGLGADRDQEASVEEILKLKSLLSTKREQIATLRTVLKANKQTAEVALANLKSKYENEKAMVTETMMKLRNELKALKEDAATFSSLRAMFATRCDEYVTQLDEMQRQLAAAEDEKKTLNSLLRMAIQQKLALTQRLEDLEFDHEQTRRGGPFALFFCPSLSCL	1	80	106	185	3.803E-33	131	1.000	0.100
DANRE43878	AF-A0A672KHV4-F1-model_v4	0.912	80	7	MQELQAELRQTRTILTNVQSENERLATITQELRENSQMVELQRSRLRDDIKEFKFRECRLLQDYSELEEENITLQKHVSV	MSAEQQRDATRAEVQRLSRELAETTREKIQAAEYGLAVLDEKQRLKQRYDELEAEHETVRRELEQLREAFGQAHSNHRKVAADGESREESLIQESACKEAYYEQRMQELQAELRQARNILTNVQSENDRLATITQELQESSQMVELQRSRLHDDIKEFKFREARLLQDYSELEEENITLQKHVSVLKQSQVEFEGLKHEIRRQEEDTQFLNSQLEDAIRLKEIAERQLGEALETIKTEREQKAALRKELSQYMTIGDSMYHSPLSISLDGLKFSDDTSIEPNNDEPLHIYENGFDKIDNNDNRVSTPKKGERFHPSSSLVDNLLNELNISEIQKLKQQLLQVEREKVTLLSTLQESQKQLEQAHGALSEQHEKVSRLTENLNAVRKLQASKERQSALDNEKDRDSHEDSEYYEVDINGPEILECKYKVAVSEASQLKEELKTLKAEHSACQSQYKEERAQLESQVASLSTQFTSLERSSRADREQLAWLEKELRQASEVAGESQGSLNIAQDELATFSEELANLYHHVCMCNNETPNRIMLDYYREGKAGVNGTQTTGWGSPDSRGRRSPILLTRGLFPSDGASSPVSSIPSPVPDPRKEPMNIYNLVAIIRDQIRHLQLAVDRTTELSRQRMASLELGLGADRDQEASVEEILKLKSLLSTKREQIATLRTVLKANKQTAEVALANLKSKYENEKAMVTETMMKLRNELKALKEDAATFSSLRAMFATRCDEYVTQLDEMQRQLAAAEDEKKTLNSLLRMAIQQKLALTQRLEDLEFDHEQTRRGGANGRSKTASSKPSWTYFLGSFYTHGKPEVTKS	1	80	106	185	3.803E-33	131	1.000	0.098
DANRE43878	AF-A0A672KHV9-F1-model_v4	0.912	80	7	MQELQAELRQTRTILTNVQSENERLATITQELRENSQMVELQRSRLRDDIKEFKFRECRLLQDYSELEEENITLQKHVSV	MSAEQQRDATRAEVQRLSRELAETTREKIQAAEYGLAVLDEKQRLKQRYDELEAEHETVRRELEQLREAFGQAHSNHRKVAADGESREESLIQESACKEAYYEQRMQELQAELRQARNILTNVQSENDRLATITQELQESSQMVELQRSRLHDDIKEFKFREARLLQDYSELEEENITLQKHVSVLKQSQVEFEGLKHEIRRQEEDTQFLNSQLEDAIRLKEIAERQLGEALETIKTEREQKAALRKELSQYMTIGDSMYHSPLSISLDGLKFSDDTSIEPNNDEPLHIYENGFDKIDNNDNRVSTPKKGERFHPSSSLVDNLLNELNISEIQKLKQQLLQVEREKVTLLSTLQESQKQLEQAHGALSEQHEKVSRLTENLNAVRKLQASKERQSALDNEKDRDSHEDSEYYEVDINGPEILECKYKVAVSEASQLKEELKTLKAEHSACQSQYKEERAQLESQVASLSTQFTSLERSSRADREQLAWLEKELRQASEVAGESQGSLNIAQDELATFSEELANLYHHVCMCNNETPNRIMLDYYREGKAGVNGTQTTGWGSPDSRGRRSPILLTRGLFPSDGASSPVSSIPSPVPDPRKEPMNIYNLVAIIRDQIRHLQLAVDRTTELSRQRMASLELGLGADRDQEASVEEILKLKSLLSTKREQIATLRTVLKANKQTAEVALANLKSKYENEKAMVTETMMKLRNELKALKEDAATFSSLRAMFATRCDEYVTQLDEMQRQLAAAEDEKKTLNSLLRMAIQQKLALTQRLEDLEFDHEQTRRGGANGRSKTASSSPSNQVTRVYMPDQTKYANLLPCLVDVQENS	1	80	106	185	3.803E-33	131	1.000	0.097
DANRE43878	AF-A0A672KDD0-F1-model_v4	0.912	80	7	MQELQAELRQTRTILTNVQSENERLATITQELRENSQMVELQRSRLRDDIKEFKFRECRLLQDYSELEEENITLQKHVSV	MSVSEALRRLNSETRLSRELAETTREKIQAAEYGLAVLDEKQRLKQRYDELEAEHETVRRELEQLREAFGQAHSNHRKVAADGESREESLIQESACKEAYYEQRMQELQAELRQARNILTNVQSENDRLATITQELQESSQMVELQRSRLHDDIKEFKFREARLLQDYSELEEENITLQKHVSVLKQSQVEFEGLKHEIRRQEEDTQFLNSQLEDAIRLKEIAERQLGEALETIKTEREQKAALRKELSQYMTIGDSMYHSPLSISLDGLKFSDDTSIEPNNDEPLHIYENGFDKIDNNDNRVSTPKKGERFHPSSSLVDNLLNELNISEIQKLKQQLLQVEREKVTLLSTLQESQKQLEQAHGALSEQHEKVSRLTENLNAVRKLQASKERQSALDNEKDRDSHEDSEYYEVDINGPEILECKYKVAVSEASQLKEELKTLKAEHSACQSQYKEERAQLESQVASLSTQFTSLERSSRADREQLAWLEKELRQASEVAGESQGSLNIAQDELATFSEELANLYHHVCMCNNETPNRIMLDYYREGKAGVNGTQTTGWGSPDSRGRRSPILLTRGLFPSDGASSPVSSIPSPVPDPRKEPMNIYNLVAIIRDQIRHLQLAVDRTTELSRQRMASLELGLGADRDQEASVEEILKLKSLLSTKREQIATLRTVLKANKQTAEVALANLKSKYENEKAMVTETMMKLRNELKALKEDAATFSSLRAMFATRCDEYVTQLDEMQRQLAAAEDEKKTLNSLLRMAIQQKLALTQRLEDLEFDHEQTRRGGANGRSKTASSRGKPTHSHVSHPAAAAPCGGRGEPNGLLGTPVVFCSEKYKIYCD	1	80	105	184	3.803E-33	131	1.000	0.095
DANRE43878	AF-A0A672KJR5-F1-model_v4	0.912	80	7	MQELQAELRQTRTILTNVQSENERLATITQELRENSQMVELQRSRLRDDIKEFKFRECRLLQDYSELEEENITLQKHVSV	MSAEQQRDATRAEVQRLSRELAETTREKIQAAEYGLAVLDEKQRLKQRYDELEAEHETVRRELEQLREAFGQAHSNHRKVAADGESREESLIQESACKEAYYEQRMQELQAELRQARNILTNVQSENDRLATITQELQESSQMVELQRSRLHDDIKEFKFREARLLQDYSELEEENITLQKHVSVLKQSQVEFEGLKHEIRRQEEDTQFLNSQLEDAIRLKEIAERQLGEALETIKTEREQKAALRKELSQYMTIGDSMYHSPLSISLDGLKFSDDTSIEPNNDEPLHIYENGFDKIDNNDNRVSTPKKGERFHPSSSLVDNLLNELNISEIQKLKQQLLQVEREKVTLLSTLQESQKQLEQAHGALSEQHEKVSRLTENLNAVRKLQASKERQSALDNEKDRDSHEDSEYYEVDINGPEILECKYKVAVSEASQLKEELKTLKAEHSACQSQYKEERAQLESQVASLSTQFTSLERSSRADREQLAWLEKELRQASEVAGESQGSLNIAQDELATFSEELANLYHHVCMCNNETPNRIMLDYYREGKAGVNGTQTTGWGSPDSRGRRSPILLTRGLFPSDGASSPVSSIPSPVPDPRKEPMNIYNLVAIIRDQIRHLQLAVDRTTELSRQRMASLELGLGADRDQEASVEEILKLKSLLSTKREQIATLRTVLKANKQTAEVALANLKSKYENEKAMVTETMMKLRNELKALKEDAATFSSLRAMFATRCDEYVTQLDEMQRQLAAAEDEKKTLNSLLRMAIQQKLALTQRLEDLEFDHEQTRRGGANGRSKTASSRGKPTHSHVSHPAAAAPCGGRGEPNGLLGTPVVFCSEKYKIYCD	1	80	106	185	3.803E-33	131	1.000	0.095
DANRE43878	AF-A0A672KJK6-F1-model_v4	0.912	80	7	MQELQAELRQTRTILTNVQSENERLATITQELRENSQMVELQRSRLRDDIKEFKFRECRLLQDYSELEEENITLQKHVSV	FRVAFEEEGAEQQRDATRAEVQRLSRELAETTREKIQAAEYGLAVLDEKQRLKQRYDELEAEHETVRRELEQLREAFGQAHSNHRKVAADGESREESLIQESACKEAYYEQRMQELQAELRQARNILTNVQSENDRLATITQELQESSQMVELQRSRLHDDIKEFKFREARLLQDYSELEEENITLQKHVSVLKQSQVEFEGLKHEIRRQEEDTQFLNSQLEDAIRLKEIAERQLGEALETIKTEREQKAALRKELSQYMTIGDSMYHSPLSISLDGLKFSDDTSIEPNNDEPLHIYENGFDKIDNNDNRVSTPKKGERFHPSSSLVDNLLNELNISEIQKLKQQLLQVEREKVTLLSTLQESQKQLEQAHGALSEQHEKVSRLTENLNAVRKLQASKERQSALDNEKDRDSHEDSEYYEVDINGPEILECKYKVAVSEASQLKEELKTLKAEHSACQSQYKEERAQLESQVASLSTQFTSLERSSRADREQLAWLEKELRQASEVAGESQGSLNIAQDELATFSEELANLYHHVCMCNNETPNRIMLDYYREGKAGVNGTQTTGWGSPDSRGRRSPILLTRGLFPSDGASSPVSSIPSPVPDPRKEPMNIYNLVAIIRDQIRHLQLAVDRTTELSRQRMASLELGLGADRDQEASVEEILKLKSLLSTKREQIATLRTVLKANKQTAEVALANLKSKYENEKAMVTETMMKLRNELKALKEDAATFSSLRAMFATRCDEYVTQLDEMQRQLAAAEDEKKTLNSLLRMAIQQKLALTQRLEDLEFDHEQTRRGGANGRSKTASSRGKPTHSHVSHPAAAAPCGGRGEPNGLLGTPVVFCSEKYKIYCD	1	80	113	192	3.803E-33	131	1.000	0.094
DANRE43878	AF-A0A672KHT2-F1-model_v4	0.912	80	7	MQELQAELRQTRTILTNVQSENERLATITQELRENSQMVELQRSRLRDDIKEFKFRECRLLQDYSELEEENITLQKHVSV	MSAEQQRDATRAEVQRLSRELAETTREKIQAAEYGLAVLDEKQRLKQRYDELEAEHETVRRELEQLREAFGQAHSNHRKVAADGESREESLIQESACKEAYYEQRMQELQAELRQARNILTNVQSENDRLATITQELQESSQMVELQRSRLHDDIKEFKFREARLLQDYSELEEENITLQKHVSVLKQSQVEFEGLKHEIRRQEEDTQFLNSQLEDAIRLKEIAERQLGEALETIKTEREQKAALRKELSQYMTIGDSMYHSPLSISLDGLKFSDDTSIEPNNDEPLHIYENGFDKIDNNDNRVSTPKKGERFHPSSSLVDNLLNELNISEIQKLKQQLLQVEREKVTLLSTLQESQKQLEQAHGALSEQHEKVSRLTENLNAVRKLQASKERQSALDNEKDRDSHEDSEYYEVDINGPEILECKYKVAVSEASQLKEELKTLKAEHSACQSQYKEERAQLESQVASLSTQFTSLERSSRADREQLAWLEKELRQASEVAGESQGSLNIAQDELATFSEELANLYHHVCMCNNETPNRIMLDYYREGKAGVNGTQTTGWGSPDSRGRRSPILLTRGLFPSDGASSPVSSIPSPVPDPRKEPMNIYNLVAIIRDQIRHLQLAVDRTTELSRQRMASLELGLGADRDQEASVEEILKLKSLLSTKREQIATLRTVLKANKQTAEVALANLKSKYENEKAMVTETMMKLRNELKALKEDAATFSSLRAMFATRCDEYVTQLDEMQRQLAAAEDEKKTLNSLLRMAIQQKLALTQRLEDLEFDHEQTRRGGANGRSKTASSRGKPTHSHVILLTIVRKLVSSFCSIVLFFIHFSHGYMSITNSGNRKHVASTSKWCHDSHILFVEA	1	80	106	185	3.803E-33	131	1.000	0.093
DANRE43878	AF-A0A6P6Q081-F1-model_v4	0.900	80	8	MQELQAELRQTRTILTNVQSENERLATITQELRENSQMVELQRSRLRDDIKEFKFRECRLLQDYSELEEENITLQKHVSV	MSAEQQRDATRAEVQRLSRELAETTREKIQAAEYGLAVLEEKQQLKQQYDELEAEHESVRQELEQLREAFGQAHSNHKKVAADGESREESLIQESACKEAYYEQRMQELQTELRQARNMLTNVQSENDRLATISQELREGSQMVELQRSRLRDDIKEFKFREARLLQDYSELEEENITLQKHVSVLKQSQVEFEGLKHEIRRLEEDTQFLNSQLEDAIRLKEIAERQLGEALETIKTEREQKAALRKELSQYMTIGDSMYHSPLSISLDGLKFSDDTSLEPNNDEPLQVYENGFDKIDSNDNRVSTPKKGELFHPSSSLVDNLLNELNISEIQKLKQQLLQVEREKVTLLSTLQESQKQLEQAHGALSEQHEKVSRLTENLNAVRKLQASKERQSALDNEKDRDSHEDSEYYEVDINGPEILECKYKVAVSEASQLKEELKTLTAEHSACQSQYKEERAQLECQVASLGAQVTSLERSSRVEREQLARLEKELRQASEVAGESQGSLNIAQDELATFSEELANLYHHVCMCNNETPNRIMLDFYREGKAGVTQTSGTDGRGRRSPILLTRGLFPSDGASSPVSSVPSPVADPRKEPMNIYNLVAIIRDQIRHLQLAVDRTTELSRQRMASLELGLGADRDQEASVEEILKLKSLLSTKREQIATLRTVLKANKQTAEVALANLKSKYENEKAMVTETMMKLRNELKALKEDAATFSSLRAMFATRCDEYVTQLDEMQRQLAAAEDEKKTLNSLLRMAIQQKLALTQRLEDLEFDHEQTRRGGANGRSKTASSRGKPTHSH	1	80	106	185	9.834E-33	130	1.000	0.100
DANRE43878	AF-A0A6P6PYM6-F1-model_v4	0.900	80	8	MQELQAELRQTRTILTNVQSENERLATITQELRENSQMVELQRSRLRDDIKEFKFRECRLLQDYSELEEENITLQKHVSV	MSAEQQRDATRAEVQRLSRELAETTREKIQAAEYGLAVLEEKQQLKQQYDELEAEHESVRQELEQLREAFGQAHSNHKKVAADGESREESLIQESACKEAYYEQRMQELQTELRQARNMLTNVQSENDRLATISQELREGSQMVELQRSRLRDDIKEFKFREARLLQDYSELEEENITLQKHVSVLKQSQVEFEGLKHEIRRLEEDTQFLNSQLEDAIRLKEIAERQLGEALETIKTEREQKAALRKELSQYMTIGDSMYHSPLSISLDGLKFSDDTSLEPNNDEPLQVYENGFDKIDSNDNRVSTPKKGELFHPSSSLVDNLLNELNISEIQKLKQQLLQVEREKVTLLSTLQESQKQLEQAHGALSEQHEKVSRLTENLNAVRKLQASKERQSALDNEKDRDSHEDSEYYEVDINGPEILECKYKVAVSEASQLKEELKTLTAEHSACQSQYKEERAQLECQVASLGAQVTSLERSSRVEREQLARLEKELRQASEVAGESQGSLNIAQDELATFSEELANLYHHVCMCNNETPNRIMLDFYREGKAGVTQTSGTDGRGRRSPILLTRGLFPSDGASSPVSSVPSPVADPRKEPMNIYNLVAIIRDQIRHLQLAVDRTTELSRQRMASLELGLGADRDQEASVEEILKLKSLLSTKREQIATLRTVLKANKQTAEVALANLKSKYENEKAMVTETMMKLRNELKALKEDAATFSSLRAMFATRCDEYVTQLDEMQRQLAAAEDEKKTLNSLLRMAIQQKLALTQRLEDLEFDHEQTRRGGANGRSKTASSRGKPTHSHVSHPAAATCGGRAEPNGLLGTPVVFCSEKYKIYCD	1	80	106	185	9.834E-33	130	1.000	0.096
