ECHNA02278	AF-A0A665VYU4-F1-model_v4	1.000	80	0	MSVEEQGYPDAMLLLEARPEWMRTEIERLSRELSETTNEKIQAAEYGLVVLEEKQQLKQQYDDLEIEYEAVRQELDQLKE	MSVEEQGYPDAMLLLEARPEWMRTEIERLSRELSETTNEKIQAAEYGLVVLEEKQQLKQQYDDLEIEYEAVRQELDQLKEAFGQAYSNHRKVAADGESREESLIQESACKEAYYERRVLELQTELRQARNILANTQSENERLNTISQEMRENSQMVELQRNQLRDDIKEYKFREARLLQDYTELEEENISLQKQVSVLKQSQVEFEGLKHEIRRLEEDTQFLNSQLEDAIRLKEIAERQLGEALETIKTERELKASLRKELSHYMTIGDTLYHSPLSISLDGLKFSDDAATEPNNDEALHGYENGFSKLASVIAEDNRVSTPKKEDLFRPVPSLVDDLLSELNISEIQKLKQQLIQMEREKVNLLSTLQDSQKQLEQANGALSEHQERVNRLTENLNAIRKLQASKERQSALDNEKERDSHEDGDYYEVDINGPEILECKYKVAVSEAGELKEELKTLKVEYQTCQSRYDEERKRLESDVTTLGEKLATLEKISQADREEKLKLEKDLRKLSDVAGESQGSLSVAQDELVTFSEELATLYNHVCMCNNETPNRVMLDFYKEGKGGRSSPEGRGRRSPILITKGLFAEPGKTDLSDGVPSPVSSLPSPVSDHRREPMNIYNLVAIIRDQIKHLQLAVDRTTELSRQRVATLELGTVADKDKEACMEEILKLKSLLSTKREQIATLRTVLKANKQTAEVALTNLKSKYENEKAMVTETMMKLRNELKALKEDAATFSSLRAMFATRCDEYVTQLDEMQRQLAAAEDEKKTLNSLLRMAIQQKLALTQRLEDLEFDHEQTRRGVCLLALVLLKKKNATPPFSLLCLSVLFPQD	1	80	1	80	1.310E-39	150	1.000	0.096
ECHNA02278	AF-A0A665VZR1-F1-model_v4	1.000	80	0	MSVEEQGYPDAMLLLEARPEWMRTEIERLSRELSETTNEKIQAAEYGLVVLEEKQQLKQQYDDLEIEYEAVRQELDQLKE	MSVEEQGYPDAMLLLEARPEWMRTEIERLSRELSETTNEKIQAAEYGLVVLEEKQQLKQQYDDLEIEYEAVRQELDQLKEAFGQAYSNHRKVAADGESREESLIQESACKEAYYERRVLELQTELRQARNILANTQSENERLNTISQEMRENSQMVELQRNQLRDDIKEYKFREARLLQDYTELEEENISLQKQVSVLKQSQVEFEGLKHEIRRLEEDTQFLNSQLEDAIRLKEIAERQLGEALETIKTERELKASLRKELSHYMTIGDTLYHSISLDGLKFSDDAATEPNNDEALHGYENGFSKLASVIAEDNRVSTPKKEDLFRPVPSLVDDLLSELNISEIQKLKQQLIQMEREKVNLLSTLQDSQKQLEQANGALSEHQERVNRLTENLNAIRKLQASKERQSALDNEKERDSHEDGDYYEVDINGPEILECKYKVAVSEAGELKEELKTLKVEYQTCQSRYDEERKRLESDVTTLGEKLATLEKISQADREEKLKLEKDLRKLSDVAGESQGSLSVAQDELVTFSEELATLYNHVCMCNNETPNRVMLDFYKEGKGGRSSPEGRGRRSPILITKGLFAEPGKTDLSDGVPSPVSSLPSPVSDHRREPMNIYNLVAIIRDQIKHLQLAVDRTTELSRQRVATLELGTVADKDKEACMEEILKLKSLLSTKREQIATLRTVLKANKQTAEVALTNLKSKYENEKAMVTETMMKLRNELKALKEDAATFSSLRAMFATRCDEYVTQLDEMQRQLAAAEDEKKTLNSLLRMAIQQKLALTQRLEDLEFDHEQTRRGGNAGRGRGPTGRTLPALLLKSPTCSLSSPASLRSSRDCCVTNQLLVCASVNA	1	80	1	80	1.310E-39	150	1.000	0.094
ECHNA02278	AF-A0A665VZP9-F1-model_v4	1.000	80	0	MSVEEQGYPDAMLLLEARPEWMRTEIERLSRELSETTNEKIQAAEYGLVVLEEKQQLKQQYDDLEIEYEAVRQELDQLKE	MSVEEQGYPDAMLLLEARPEWMRTEIERLSRELSETTNEKIQAAEYGLVVLEEKQQLKQQYDDLEIEYEAVRQELDQLKEAFGQAYSNHRKVAADGESREESLIQESACKEAYYERRVLELQTELRQARNILANTQSENERLNTISQEMRENSQMVELQRNQLRDDIKEYKFREARLLQDYTELEEENISLQKQVSVLKQSQVEFEGLKHEIRRLEEDTQFLNSQLEDAIRLKEIAERQLGEALETIKTERELKASLRKELSHYMTIGDTLYHSPLSISLDGLKFSDDAATEPNNDEALHGYENGFSKLASVIAEDNRVSTPKKEDLFRPVPSLVDDLLSELNISEIQKLKQQLIQMEREKVNLLSTLQDSQKQLEQANGALSEHQERVNRLTENLNAIRKLQASKERQSALDNEKERDSHEDGDYYEVDINGPEILECKYKVAVSEAGELKEELKTLKVEYQTCQSRYDEERKRLESDVTTLGEKLATLEKISQADREEKLKLEKDLRKLSDVAGESQGSLSVAQDELVTFSEELATLYNHVCMCNNETPNRVMLDFYKEGKGGRSSPEGRGRRSPILITKGLFAEPGKTDLSDGVPSPVSSLPSPVSDHRREPMNIYNLVAIIRDQIKHLQLAVDRTTELSRQRVATLELGTVADKDKEACMEEILKLKSLLSTKREQIATLRTVLKANKQTAEVALTNLKSKYENEKAMVTETMMKLRNELKALKEDAATFSSLRAMFATRCDEYVTQLDEMQRQLAAAEDEKKTLNSLLRMAIQQKLALTQRLEDLEFDHEQTRRGGNAGRAKARSKAASSAANNPHIVSSTIHPLNRRRNYGGKKLPSEYFSSVNIQ	1	80	1	80	1.310E-39	150	1.000	0.094
ECHNA02278	AF-A0A672IV96-F1-model_v4	0.937	80	5	MSVEEQGYPDAMLLLEARPEWMRTEIERLSRELSETTNEKIQAAEYGLVVLEEKQQLKQQYDDLEIEYEAVRQELDQLKE	MSVEEQGYPDAMMLLEAAPEWLRAEIERLSRELSETTNEKIQAAEYGLAVLEEKQQLKQQYDDLEIEYEAVRQELDQLKEAFGQAHSNHRKVAADGESREESLIQESACKEAYYEQRVLELQTELRQSRNILTNTQSENERLNSITQEMRENSQMVELQRNQLRDDIKEYKFRESRLLQDYTELEEENISLQKQVLVLKQSQVEFEGLKHEIRRLEEDTQFLNSQLEDAIRLKEISERQLSEALETIKTERELKASLRKELSHYMSIGDTLYHSPLSISLDGLKFSDDAATEPNNDEALHGYENGFIKLANAITDDNRISTPKNEELFRPAPSLVDDLLSELNICEIQKLKQQLMQMEREKVNLLSNLQDSQKQLEQANGALSEHQEKVNRLTENLNAIRKLQASKERQSALDNEKERDSHEDGDYYEVDINGPEILECKYKVAVSEAGELKEELKTLKAEYQACQSRYEEERTRLENDVTTLGEKLSSLEKSSRTEKEEKAKLEKELRKLSDVAGESQGSLSVAQDELVTFSEELATLYNHVCMCNNETPNRVMLDFYKEGKGGRSSPEGRGRRSPILLTKGLFPEPGKADLSDGVPSPVSSLPSPVSDHRREPMNIYNLVAIIRDQIKHLQLAVDRTTELSRQRVASLELGAVADKDKEACMEEILKLKSLLSTKREQIATLRTVLKANKQTAEVALANLKSKYENEKAMVTETMMKLRNELKALKEDAATFSSLRAMFATRCDEYVTQLDEMQRQLAAAEDEKKTLNSLLRMAIQQKLALTQRLEDLEFDHEQTRRGGNSGRAKARKAAGGTAGNPH	1	80	1	80	7.363E-37	142	1.000	0.098
ECHNA02278	AF-A0A672IV99-F1-model_v4	0.937	80	5	MSVEEQGYPDAMLLLEARPEWMRTEIERLSRELSETTNEKIQAAEYGLVVLEEKQQLKQQYDDLEIEYEAVRQELDQLKE	MSVEEQGYPDAMMLLEAAPEWLRAEIERLSRELSETTNEKIQAAEYGLAVLEEKQQLKQQYDDLEIEYEAVRQELDQLKEAFGQAHSNHRKVAADGESREESLIQESACKEAYYEQRVLELQTELRQSRNILTNTQSENERLNSITQEMRENSQMVELQRNQLRDDIKEYKFRESRLLQDYTELEEENISLQKQVLVLKQSQVEFEGLKHEIRRLEEDTQFLNSQLEDAIRLKEISERQLSEALETIKTERELKASLRKELSHYMSIGDTLYHSISLDGLKFSDDAATEPNNDEALHGYENGFIKLANAITDDNRISTPKNEELFRPAPSLVDDLLSELNICEIQKLKQQLMQMEREKVNLLSNLQDSQKQLEQANGALSEHQEKVNRLTENLNAIRKLQASKERQSALDNEKERDSHEDGDYYEVDINGPEILECKYKVAVSEAGELKEELKTLKAEYQACQSRYEEERTRLENDVTTLGEKLSSLEKSSRTEKEEKAKLEKELRKLSDVAGESQGSLSVAQDELVTFSEELATLYNHVCMCNNETPNRVMLDFYKEGKGGRSSPEGRGRRSPILLTKGLFPEPGKADLSDGVPSPVSSLPSPVSDHRREPMNIYNLVAIIRDQIKHLQLAVDRTTELSRQRVASLELGAVADKDKEACMEEILKLKSLLSTKREQIATLRTVLKANKQTAEVALANLKSKYENEKAMVTETMMKLRNELKALKEDAATFSSLRAMFATRCDEYVTQLDEMQRQLAAAEDEKKTLNSLLRMAIQQKLALTQRLEDLEFDHEQTRRGGNSGRAKARKAAVCTRRLDCSRHIRHVEYRAPGYIGGV	1	80	1	80	7.363E-37	142	1.000	0.096
ECHNA02278	AF-A0A672IVT7-F1-model_v4	0.937	80	5	MSVEEQGYPDAMLLLEARPEWMRTEIERLSRELSETTNEKIQAAEYGLVVLEEKQQLKQQYDDLEIEYEAVRQELDQLKE	MSVEEQGYPDAMMLLEAAPEWLRAEIERLSRELSETTNEKIQAAEYGLAVLEEKQQLKQQYDDLEIEYEAVRQELDQLKEAFGQAHSNHRKVAADGESREESLIQESACKEAYYEQRVLELQTELRQSRNILTNTQSENERLNSITQEMRENSQMVELQRNQLRDDIKEYKFRESRLLQDYTELEEENISLQKQVLVLKQSQVEFEGLKHEIRRLEEDTQFLNSQLEDAIRLKEISERQLSEALETIKTERELKASLRKELSHYMSIGDTLYHSPLSISLDGLKFSDDAATEPNNDEALHGYENGFIKLANAITDDNRISTPKNEELFRPAPSLVDDLLSELNICEIQKLKQQLMQMEREKVNLLSNLQDSQKQLEQANGALSEHQEKVNRLTENLNAIRKLQASKERQSALDNEKERDSHEDGDYYEVDINGPEILECKYKVAVSEAGELKEELKTLKAEYQACQSRYEEERTRLENDVTTLGEKLSSLEKSSRTEKEEKAKLEKELRKLSDVAGESQGSLSVAQDELVTFSEELATLYNHVCMCNNETPNRVMLDFYKEGKGGRSSPEGRGRRSPILLTKGLFPEPGKADLSDGVPSPVSSLPSPVSDHRREPMNIYNLVAIIRDQIKHLQLAVDRTTELSRQRVASLELGAVADKDKEACMEEILKLKSLLSTKREQIATLRTVLKANKQTAEVALANLKSKYENEKAMVTETMMKLRNELKALKEDAATFSSLRAMFATRCDEYVTQLDEMQRQLAAAEDEKKTLNSLLRMAIQQKLALTQRLEDLEFDHEQTRRGGNSAPRRSLASPSWRPQDRPALSGPLSNEMFTIRK	1	80	1	80	7.363E-37	142	1.000	0.096
ECHNA02278	AF-A0A672IUX5-F1-model_v4	0.937	80	5	MSVEEQGYPDAMLLLEARPEWMRTEIERLSRELSETTNEKIQAAEYGLVVLEEKQQLKQQYDDLEIEYEAVRQELDQLKE	MSVEEQGYPDAMMLLEAAPEWLRAEIERLSRELSETTNEKIQAAEYGLAVLEEKQQLKQQYDDLEIEYEAVRQELDQLKEAFGQAHSNHRKVAADGESREESLIQESACKEAYYEQRVLELQTELRQSRNILTNTQSENERLNSITQEMRENSQMVELQRNQLRDDIKEYKFRESRLLQDYTELEEENISLQKQVLVLKQSQVEFEGLKHEIRRLEEDTQFLNSQLEDAIRLKEISERQLSEALETIKTERELKASLRKELSHYMSIGDTLPLSISLDGLKFSDDAATEPNNDEALHGYENGFIKLANAITDDNRISTPKNEELFRPAPSLVDDLLSELNICEIQKLKQQLMQMEREKVNLLSNLQDSQKQLEQANGALSEHQEKVNRLTENLNAIRKLQASKERQSALDNEKERDSHEDGDYYEVDINGPEILECKYKVAVSEAGELKEELKTLKAEYQACQSRYEEERTRLENDVTTLGEKLSSLEKSSRTEKEEKAKLEKELRKLSDVAGESQGSLSVAQDELVTFSEELATLYNHVCMCNNETPNRVMLDFYKEGKGGRSSPEGRGRRSPILLTKGLFPEPGKADLSDGVPSPVSSLPSPVSDHRREPMNIYNLVAIIRDQIKHLQLAVDRTTELSRQRVASLELGAVADKDKEACMEEILKLKSLLSTKREQIATLRTVLKANKQTAEVALANLKSKYENEKAMVTETMMKLRNELKALKEDAATFSSLRAMFATRCDEYVTQLDEMQRQLAAAEDEKKTLNSLLRMAIQQKLALTQRLEDLEFDHEQTRRGGNSGRAKARKAAGGTAGNPHVTPSAFRLGEHQCDSTQKFRTHPWAIGIAMATSGQKRSTCDHGCLFQDHFKSCDASTPIL	1	80	1	80	7.363E-37	142	1.000	0.091
ECHNA02278	AF-A0A672ISK0-F1-model_v4	0.937	80	5	MSVEEQGYPDAMLLLEARPEWMRTEIERLSRELSETTNEKIQAAEYGLVVLEEKQQLKQQYDDLEIEYEAVRQELDQLKE	MSVEEQGYPDAMMLLEAAPEWLRAEIERLSRELSETTNEKIQAAEYGLAVLEEKQQLKQQYDDLEIEYEAVRQELDQLKEAFGQAHSNHRKVAADGESREESLIQESACKEAYYEQRVLELQTELRQSRNILTNTQSENERLNSITQEMRENSQMVELQRNQLRDDIKEYKFRESRLLQDYTELEEENISLQKQVLVLKQSQVEFEGLKHEIRRLEEDTQFLNSQLEDAIRLKEISERQLSEALETIKTERELKASLRKELSHYMSIGDTLPLSISLDGLKFSDDAATEPNNDEALHGYENGFIKLANAITDDNRISTPKNEELFRPAPSLVDDLLSELNICEIQKLKQQLMQMEREKVNLLSNLQDSQKQLEQANGALSEHQEKVNRLTENLNAIRKLQASKERQSALDNEKERDSHEDGDYYEVDINGPEILECKYKVAVSEAGELKEELKTLKAEYQACQSRYEEERTRLENDVTTLGEKLSSLEKSSRTEKEEKAKLEKELRKLSDVAGESQGSLSVAQDELVTFSEELATLYNHVCMCNNETPNRVMLDFYKEGKGGRSSPEGRGRRSPILLTKGLFPEPGKADLSDGVPSPVSSLPSPVSDHRREPMNIYNLVAIIRDQIKHLQLAVDRTTELSRQRVASLELGAVADKDKEACMEEILKLKSLLSTKREQIATLRTVLKANKQTAEVALANLKSKYENEKAMVTETMMKLRNELKALKEDAATFSSLRAMFATRCDEYVTQLDEMQRQLAAAEDEKKTLNSLLRMAIQQKLALTQRLEDLEFDHEQTRRGGNSGRAKARKAAGGTAGNPHVSQSLTCSGLPELNNSMPNGILGGPVVFCSGCKRPHGTAVYRGWGGGGGAARARRTLPALVLKSPTRSL	1	80	1	80	7.363E-37	142	1.000	0.090
ECHNA02278	AF-A0A4W6EPH9-F1-model_v4	0.937	80	5	MSVEEQGYPDAMLLLEARPEWMRTEIERLSRELSETTNEKIQAAEYGLVVLEEKQQLKQQYDDLEIEYEAVRQELDQLKE	MSVEEQGYPDAMLLLEAAPEWVRAEIERLSRELSETTNEKIQAAEYGLAVLEEKQQLKQQYDDLEMEYEAVRQELDQLKEAFGQAYSNHRKVAADGESREESLIQESACKEAYYEQRVLELQTELRQARNILTNTQSENERLNTISQEMRENSQMVELQRNQLRDDIKEYKFREARLLQDYTELEEENISLQKQVSMLKQSQVEFEGLKHEIRRLEEDTQFLNSQLEDAIRLKEIAERQLGEALETIKTERELKASLRKELSHYMSIGDTLYHSPLSISLDGLKFSDDAATEPNNDEALHGYENGFTKLVNAITDDNRVSTPKKEELFHPAPSLVDNLLSELNISEIQKLKQQLMQMEREKVNLLSTLQDSQKQLEQANGALSEHQEKVNRLTENLNAIRKLQASKERQSALDNEKERDSHEDGDYYEVDINGPEILECKYKVAVSEAGELKEELKTLKAEYQACQSRYEEERNRLENDVTTLGEKLATLEKTSLTEREEKAKLEKELRKLSDVAGESQGSLSVAQDELVTFSEELATLYNHVCMCNNETPNRVMLDFYKEGKGGRSSPEGRGRRSPILLTKGLFPEPGKTDLSDGAPSPVSSLPSPVSDHRREPMNIYNLVAIIRDQIKHLQLAVDRTTELSRQRVASLELGTVADKDKEACMEEILKLKSLLSTKREQIATLRTVLKANKQTAEVALTNLKSKYENEKAMVTETMMKLRNELKALKEDAATFSSLRAMFATRCDEYVTQLDEMQRQLAAAEDEKKTLNSLLRMAIQQKLALTQRLEDLEFDHEQTRRGGNTGRAKTRSKAAAGTANNPH	1	80	1	80	1.387E-36	141	1.000	0.097
ECHNA02278	AF-A0A4W6EQD2-F1-model_v4	0.937	80	5	MSVEEQGYPDAMLLLEARPEWMRTEIERLSRELSETTNEKIQAAEYGLVVLEEKQQLKQQYDDLEIEYEAVRQELDQLKE	MSVEEQGYPDAMLLLEAAPEWVRAEIERLSRELSETTNEKIQAAEYGLAVLEEKQQLKQQYDDLEMEYEAVRQELDQLKEAFGQAYSNHRKVAADGESREESLIQESACKEAYYEQRVLELQTELRQARNILTNTQSENERLNTISQEMRENSQMVELQRNQLRDDIKEYKFREARLLQDYTELEEENISLQKQVSMLKQSQVEFEGLKHEIRRLEEDTQFLNSQLEDAIRLKEIAERQLGEALETIKTERELKASLRKELSHYMSIGDTLYHSPLSISLDGLKFSDDAATEPNNDEALHGYENGFTKLVNAITDDNRVSTPKKEELFHPAPSLVDNLLSELNISEIQKLKQQLMQMEREKVNLLSTLQDSQKQLEQANGALSEHQEKVNRLTENLNAIRKLQASKERQSALDNEKERDSHEDGDYYEVDINGPEILECKYKVAVSEAGELKEELKTLKAEYQACQSRYEEERNRLENDVTTLGEKLATLEKTSLTEREEKAKLEKELRKLSDVAGESQGSLSVAQDELVTFSEELATLYNHVCMCNNETPNRVMLDFYKEGKGGRSSPEGRGRRSPILLTKGLFPEPGKTDLSDGAPSPVSSLPSPVSDHRREPMNIYNLVAIIRDQIKHLQLAVDRTTELSRQRVASLELGTVADKDKEACMEEILKLKSLLSTKREQIATLRTVLKANKQTAEVALTNLKSKYENEKAMVTETMMKLRNELKALKEDAATFSSLRAMFATRCDEYVTQLDEMQRQLAAAEDEKKTLNSLLRMAIQQKLALTQRLEDLEFDHEQTRRGGNTGRAKTRSKAAAGTANNPHIVSSLLPQHHHSPFN	1	80	1	80	1.387E-36	141	1.000	0.096
ECHNA02278	AF-A0A3B4T4U3-F1-model_v4	0.937	80	5	MSVEEQGYPDAMLLLEARPEWMRTEIERLSRELSETTNEKIQAAEYGLVVLEEKQQLKQQYDDLEIEYEAVRQELDQLKE	MSVEEQGYPDAMRLLEAGPEWMRAEIERLSRELSETTNEKIQAAEYGLAVLEEKQQLKQQYDDLEIEYEAVRQEVDQLKEAFGQAYSNHRKVAADGESREESLIQESACKEAYYEQRVLELQTDLRQARNILTNTQSENERLNTISQEMKENSQMVELQRNQLRDDIKEYKFREARLLQDYTELEEENISLQKQVSVLKQSQVEFEGLKHEIRRLEEDTQFLNSQLEDAIRLKEIAERQLGEALETIKTERELKASLRKELSHYMSIGDTLYHSPLSISLDGLKFSDDAATEPNNDEALHGYENGFTKLANAITDDNRVSTPKKEELFRPAPSLVDDLLSELNISEIQKLKQQLIQMEREKVNLLSTLQDSQKQLEQANGALSEHQEKVNRLTENLNAIRKLQASKERQSALDNEKERDSHEDGDYYEVDINGPEILECKYKVAVSEAGELKEELKTLKTEYQACQSRYDEERNRLENDVTTLGEKLSTLEKTSQAEREQKAKLEKELRKLSDVAGESQGSLSVAQDELVTFSEELATLYNHVCMCNNETPNRVMLDFYKEGKGGRSSPEGRGRRSPILLTKGLFPEPGKTDLSDGVPSPVSSLPSPVSDHRREPMNIYNLVAIIRDQIKHLQLAVDRTTELSRQRVASLELGTVADKDKEACMEEILKLKSLLSTKREQIATLRTVLKANKQTAEVALTNLKSKYENEKAMVTETMMKLRNELKALKEDAATFSSLRAMFATRCDEYVTQLDEMQRQLAAAEDEKKTLNSLLRMAIQQKLALTQRLEDLEFDHEQTRRGGNAGRAKARSKAASGTANNPH	1	80	1	80	3.586E-36	140	1.000	0.097
ECHNA02278	AF-A0A3B4XCM4-F1-model_v4	0.937	80	5	MSVEEQGYPDAMLLLEARPEWMRTEIERLSRELSETTNEKIQAAEYGLVVLEEKQQLKQQYDDLEIEYEAVRQELDQLKE	MSVEEQGYPDAMRLLEAGPEWMRAEIERLSRELSETTNEKIQAAEYGLAVLEEKQQLKQQYDDLEIEYEAVRQEVDQLKEAFGQAYSNHRKVAADGESREESLIQESACKEAYYEQRVLELQTDLRQARNILTNTQSENERLNNISQEMKENSQMVELQRNQLRDDIKEYKFREARLLQDYTELEEENISLQKQVSVLKQSQVEFEGLKHEIRRLEEDTQFLNSQLEDAIRLKEIAERQLGEALETIKTERELKASLRKELSHYMSIGDTLYHSPLSISLDGLKFSDDAATEPNNDEALNGYENGFTKLANAITDDNRVSTPKKEELFRPAPSLVDDLLSELNISEIQKLKQQLIQMEREKVNLLSTLQDSQKQLEQANGALSEHQEKVNRLTENLNAIRKLQASKERQSALDNEKERDSHEDGDYYEVDINGPEILECKYKVAVSEAGELKEELKTLKTEYQACQSRYDEERTRLENDVTTLGEKLSTLEKTSQAEREQKAKLEKELRKLSDVAGESQGSLSVAQDELVTFSEELATLYNHVCMCNNETPNRVMLDFYKEGKGGRSSPEGRGRRSPILLTKGLFPEPGKTDLSDGVPSPVSSLPSPVSDHRREPMNIYNLVAIIRDQIKHLQLAVDRTTELSRQRVASLELGTVADKDKEACMEEILKLKSLLSTKREQIATLRTVLKANKQTAEVALTNLKSKYENEKAMVTETMMKLRNELKALKEDAATFSSLRAMFATRCDEYVTQLDEMQRQLAAAEDEKKTLNSLLRMAIQQKLALTQRLEDLEFDHEQTRRGGNAGRAKARSKAASGTANNPH	1	80	1	80	3.586E-36	140	1.000	0.097
ECHNA02278	AF-A0A6G0IQT9-F1-model_v4	0.937	80	5	MSVEEQGYPDAMLLLEARPEWMRTEIERLSRELSETTNEKIQAAEYGLVVLEEKQQLKQQYDDLEIEYEAVRQELDQLKE	MSVEEQGYSDAMLLLEAGPEWMRAEIERLSRELSETTNEKIQAAEYGLAVLEEKQQLKQQYDDLEIEYETVRQELDQLKEAFGQAYSNHRKVAADGESREESLIQESACKEAYYEQRVLELQTELRQTRNILTNTQSENERLNTINQEMRENSQMVELQRNQLRDDIKEYKFLEARLLQDYTELEEENISLQKQVSVLKQSQVEFEGLKHEIRRLEEDTQFLNSQLEDAIRLKEIAERQLGEALETIKTERELKASLRKELSHYMSIGDTLYHSPLSISLDGLKFSDDAGTEPNNDEALHGYENGFTKLANAITYDNCISTAKKEELFHPAPSLVDDLLSELNISEIQKLKQQLMQMEREKVNLLSTLQDSQKQLEQANGALSDHQEKVNRLTENLNAIRKLQASKERQSALDNEKERDSHEDGDYYEVDINGPEILECKYKVAVSEAGELKEELKTLKTEYQACQSRYEDERTRLERDVTTLGEKLATLEKTCLTEKEQKTKLEKELRKLSDVAGESQGSLSVAQDELVTFSEELATLYNHVCMCNNETPNRVMLDFYKEGKGGRSSPEGRGRRSPILLTKGLFPEPSKTDLSDGSPVSSLPSPVSDHRREPMNIYNLVAIIRDQIKHLQLAVDRTTELSRQRVASLELGTVADKDKEACMEEILKLKSLLSTKREQIATLRTVLKANKQTAEVALANLKSKYENEKAMVTETMMKLRNELKALKEDAATFSSLRAMFATRCDEYVTQLDEMQRQLAAAEDEKKTLNSLLRMAIQQKLALTQRLEDLEFDHEQTRRGGNSGRSKARSKATATGTANNPH	1	80	1	80	9.271E-36	139	1.000	0.098
ECHNA02278	AF-A0A671VUU4-F1-model_v4	0.925	80	6	MSVEEQGYPDAMLLLEARPEWMRTEIERLSRELSETTNEKIQAAEYGLVVLEEKQQLKQQYDDLEIEYEAVRQELDQLKE	MSVEEQGYPDAMLLREAGPEWMRAEIERLSRELGETTNEKIQAAEYGLAVLEEKQQLKQQYDDLEIEYEGVRQELDQLKEAFGQAYSNHRKVAADGESREESLIQESACKEAYYEQRVLELQNELRQTRNILTNTQSENERLNTISQELRENSQMVELQRNQLRDDIKEYKFLEARLLQDYTELEEENISLQKQVSALKQSQVEFEGLKHEIRRLEEDTQFLNSQLEDAIRLKEIAERQLSEALETIKTERELKASLRKELSHYMSIGDTLYHSPLSISLDGLKFSDDATTEPNNDEALHGYENGFTKLANAINFDNCVSTPTKEELFNPVPSLVDDLLSELNISEIQKLKQQLMQMEREKVNLLSTLQDSQKQLEQANGALSEHQEKVNRLTENLNAIRKLQASKERQSALDNEKERDSHEDGDYYEVDINGPEILECKYKVAVSEAGELKEELKTLKTEYQACQSRYEEERVRLESDVTTLGQKLAVLEKTSHIEREEKAKLEKELRKVSDVAGESQGSLSVAQDELVTFSEELATLYNHVCMCNNETPNRVMLDFYKEGKGGRSSPEGRGRRSPILLTKGLFPEPGKTDLSDGAPSPVSSLPSPVSDHRREPMNIYNLVAIIRDQIKHLQLAVDRTTELSRQRVASLELGTVADKDKEACMEEILKLKSLLSTKREQIATLRTVLKANKQTAEVALANLKSKYENEKAMVTETMMKLRNELKALKEDAATFSSLRAMFATRCDEYVTQLDEMQRQLAAAEDEKKTLNSLLRMAIQQKLALTQRLEDLEFDHEQTRRGGSSGRAKTRSKAAGSAPNNPH	1	80	1	80	1.746E-35	138	1.000	0.097
ECHNA02278	AF-A0A671VYC1-F1-model_v4	0.925	80	6	MSVEEQGYPDAMLLLEARPEWMRTEIERLSRELSETTNEKIQAAEYGLVVLEEKQQLKQQYDDLEIEYEAVRQELDQLKE	MSVEEQGYPDAMLLREAGPEWMRAEIERLSRELGETTNEKIQAAEYGLAVLEEKQQLKQQYDDLEIEYEGVRQELDQLKEAFGQAYSNHRKVAADGESREESLIQESACKEAYYEQRVLELQNELRQTRNILTNTQSENERLNTISQELRENSQMVELQRNQLRDDIKEYKFLEARLLQDYTELEEENISLQKQVSALKQSQVEFEGLKHEIRRLEEDTQFLNSQLEDAIRLKEIAERQLSEALETIKTERELKASLRKELSHYMSIGDTLYHSISLDGLKFSDDATTEPNNDEALHGYENGFTKLANAINFDNCVSTPTKEELFNPVPSLVDDLLSELNISEIQKLKQQLMQMEREKVNLLSTLQDSQKQLEQANGALSEHQEKVNRLTENLNAIRKLQASKERQSALDNEKERDSHEDGDYYEVDINGPEILECKYKVAVSEAGELKEELKTLKTEYQACQSRYEEERVRLESDVTTLGQKLAVLEKTSHIEREEKAKLEKELRKVSDVAGESQGSLSVAQDELVTFSEELATLYNHVCMCNNETPNRVMLDFYKEGKGGRSSPEGRGRRSPILLTKGLFPEPGKTDLSDGAPSPVSSLPSPVSDHRREPMNIYNLVAIIRDQIKHLQLAVDRTTELSRQRVASLELGTVADKDKEACMEEILKLKSLLSTKREQIATLRTVLKANKQTAEVALANLKSKYENEKAMVTETMMKLRNELKALKEDAATFSSLRAMFATRCDEYVTQLDEMQRQLAAAEDEKKTLNSLLRMAIQQKLALTQRLEDLEFDHEQTRRGGSSGRAKTRSKLKTLMSFLTVFLLSGVWDKTNSCINRALHC	1	80	1	80	1.746E-35	138	1.000	0.095
ECHNA02278	AF-A0A671VYC6-F1-model_v4	0.925	80	6	MSVEEQGYPDAMLLLEARPEWMRTEIERLSRELSETTNEKIQAAEYGLVVLEEKQQLKQQYDDLEIEYEAVRQELDQLKE	MSVEEQGYPDAMLLREAGPEWMRAEIERLSRELGETTNEKIQAAEYGLAVLEEKQQLKQQYDDLEIEYEGVRQELDQLKEAFGQAYSNHRKVAADGESREESLIQESACKEAYYEQRVLELQNELRQTRNILTNTQSENERLNTISQELRENSQMVELQRNQLRDDIKEYKFLEARLLQDYTELEEENISLQKQVSALKQSQVEFEGLKHEIRRLEEDTQFLNSQLEDAIRLKEIAERQLSEALETIKTERELKASLRKELSHYMSIGDTLPLSISLDGLKFSDDATTEPNNDEALHGYENGFTKLANAINFDNCVSTPTKEELFNPVPSLVDDLLSELNISEIQKLKQQLMQMEREKVNLLSTLQDSQKQLEQANGALSEHQEKVNRLTENLNAIRKLQASKERQSALDNEKERDSHEDGDYYEVDINGPEILECKYKVAVSEAGELKEELKTLKTEYQACQSRYEEERVRLESDVTTLGQKLAVLEKTSHIEREEKAKLEKELRKVSDVAGESQGSLSVAQDELVTFSEELATLYNHVCMCNNETPNRVMLDFYKEGKGGRSSPEGRGRRSPILLTKGLFPEPGKTDLSDGAPSPVSSLPSPVSDHRREPMNIYNLVAIIRDQIKHLQLAVDRTTELSRQRVASLELGTVADKDKEACMEEILKLKSLLSTKREQIATLRTVLKANKQTAEVALANLKSKYENEKAMVTETMMKLRNELKALKEDAATFSSLRAMFATRCDEYVTQLDEMQRQLAAAEDEKKTLNSLLRMAIQQKLALTQRLEDLEFDHEQTRRGGSSGRAKTRSKAAGSAPNNPHVSQSLTCSGSGRPELNNAMPNGILGGPVVFCSGFQVRKGLLCTEGRGPPGRTLPALVLKSPTRSLSSLASLRSSRDCCVTNQLLMCASVYA	1	80	1	80	1.746E-35	138	1.000	0.088
ECHNA02278	AF-A0A671VWL6-F1-model_v4	0.925	80	6	MSVEEQGYPDAMLLLEARPEWMRTEIERLSRELSETTNEKIQAAEYGLVVLEEKQQLKQQYDDLEIEYEAVRQELDQLKE	MSVEEQGYPDAMLLREAGPEWMRAEIERLSRELGETTNEKIQAAEYGLAVLEEKQQLKQQYDDLEIEYEGVRQELDQLKEAFGQAYSNHRKVAADGESREESLIQESACKEAYYEQRVLELQNELRQTRNILTNTQSENERLNTISQELRENSQMVELQRNQLRDDIKEYKFLEARLLQDYTELEEENISLQKQVSALKQSQVEFEGLKHEIRRLEEDTQFLNSQLEDAIRLKEIAERQLSEALETIKTERELKASLRKELSHYMSIGDTLYHSISLDGLKFSDDATTEPNNDEALHGYENGFTKLANAINFDNCVSTPTKEELFNPVPSLVDDLLSELNISEIQKLKQQLMQMEREKVNLLSTLQDSQKQLEQANGALSEHQEKVNRLTENLNAIRKLQASKERQSALDNEKERDSHEDGDYYEVDINGPEILECKYKVAVSEAGELKEELKTLKTEYQACQSRYEEERVRLESDVTTLGQKLAVLEKTSHIEREEKAKLEKELRKVSDVAGESQGSLSVAQDELVTFSEELATLYNHVCMCNNETPNRVMLDFYKEGKGGRSSPEGRGRRSPILLTKGLFPEPGKTDLSDGAPSPVSSLPSPVSDHRREPMNIYNLVAIIRDQIKHLQLAVDRTTELSRQRVASLELGTVADKDKEACMEEILKLKSLLSTKREQIATLRTVLKANKQTAEVALANLKSKYENEKAMVTETMMKLRNELKALKEDAATFSSLRAMFATRCDEYVTQLDEMQRQLAAAEDEKKTLNSLLRMAIQQKLALTQRLEDLEFDHEQTRRGGSSGRAKTRSKAAGSAPNNPHVSQSLTCSGSGRPELNNAMPNGILGGHVTKCDILCSSAHLSALVLLEKRLSPLSPGDRPVSSSPLSNQVMLEEKATLKKSKYAISPCFLARGAHLRFYKEIH	1	80	1	80	1.746E-35	138	1.000	0.087
ECHNA02278	AF-A0A4U5UTA7-F1-model_v4	0.925	80	6	MSVEEQGYPDAMLLLEARPEWMRTEIERLSRELSETTNEKIQAAEYGLVVLEEKQQLKQQYDDLEIEYEAVRQELDQLKE	MSVEEQGYSDALLLLEAGPEWMRAEIERLSRELSETTNEKIQAAEYGLAVLEEKQQLKQQYDDLEIEYETVRQELDQLKEAPIVNRLVGLGPPIPVWCTRISRSPHFETFRHDWTGGESQREELRKRKGVKKGGAFGQAYSNHRKVAADGESREESLIQESACKEAYYEQRVLELQTELRQTRNILTNTQSENERLNTINQEMRENSQMVELQRNQLRDDIKEYKFLEARLLQDYTELEEENISLQKQVSVLKQSQVEFEGLKHEIRRLEEDTQFLNSQLEDAIRLKEIAERQLGEALETIKTERELKASLRKELSHYMSIGDTLYHSPLSISLDGLKFSDDVGTEPNNDEALHGYENGFTKLANAITYDNCISTAKKEELFHPAPSLVDDLLSELNISEIQKLKQQLMQMEREKVNLLSTLQDSQKQLEQANGALSDHQEKVNRLTENLNAIRKLQASKERQSALDNEKERDSHEDGDYYEVDINGPEILECKYKVAVSEAGELKEELKTLKTEYQACQSRYEDERTRLERDVTTLGEKLATLEKTCLTEKEQKTKLEKELRKLSDVAGESQGSLSVAQDELVTFSEELATLYNHVCMCNNETPNRVMLDFYKEGKGGRSSPEGRGRRSPILLTKGLFPEPSKTDLTDGSPVSSLPSPVSDHRREPMNIYNLVAIIRDQIKHLQLAVDRTTELSRQRVASLELGTMADKDKEACMEEILKLKSLLSTKREQIATLRTVLKANKQTAEVALANLKSKYENEKAMVTETMMKLRNELKALKEDAATFSSLRAMFATRCDEYVTQLDEMQRQLAAAEDEKKTLNSLLRMAIQQKLALTQRLEDLEFDHEQTRRGGNSGRSKARSKATAAVTTNNPHVSQSLTCSGSGRPEPNNAMPNGILGGPVVFCSEKYKIYCD	1	80	1	80	2.397E-35	138	1.000	0.088
ECHNA02278	AF-A0A2I4CLS1-F1-model_v4	0.900	80	8	MSVEEQGYPDAMLLLEARPEWMRTEIERLSRELSETTNEKIQAAEYGLVVLEEKQQLKQQYDDLEIEYEAVRQELDQLKE	MSVEEPGYPDAMLLLEAGPEWLRAEIERLSRELSETTSEKIQAAEYGLAVLEEKQQLKQQYDDMEVEYEAVRQELDQLKEAFGQAYTNHRKVAADGESREESLIQESACKEAYYEQRVLELQNELRQSRNILANTQSENEHLVAISQDLKENSQMVELQRSQLRDDIKEYKFRESRLLQDYTELEEENISLQKQVSVLKQSQVEFEGLKHEIRRLEEDTQFLNSQLEDAIRLKEIAERQLGEALETIKTERELKASLRKELSHYMNIGDTLYHSPLSVSLDGLKFSDDAATEPNNDEALYGYENSFSKLANTITDNNRMSLPEKEELFHPAPSLVDDLLSELNISEIQKLKQQLMQMEREKVNLLSNLQDSQKQLEQANGALSEHQEKVNRLTENLNTIRKLQASKERQSALDNEKERDSHEDGDYYEVDINGPEILECKYKVAVSEAGELKEELKTLKTEYQACQSRYEEERSRLENEVTTLGGKLASLEKTSHVEREEKAKLEKELRKLSDVAGESQGSLNVAQDELVTFSEELATLYNHVCMCNNETPNRVMLDFYKEGKGGRSSPEGRGRRSPILLTKGLFPEPYRTDLGDGAHSPGSSIPSPVSDHRREPMNIYNLVAIIRDQIKHLQLAVDRTTELSRQRVASLELGTVADKDKEACMEEILKLKSVLSTKREQIATLRTVLKANKQTAEVALANLKSKYENEKAMVTETMMKLRNELKALKEDAATFSSLRAMFATRCDEYVMQLEEMQRQLAAAEDEKKTLNSLLRMAIQQKLALTQRLEDLEFDHEQTRRGGGAGRSKVRSKPTATAAGNNPHVSQSLTCSASNRPEPNNALPNGILGGPVVFCSEKYKIYCD	1	80	1	80	4.515E-35	137	1.000	0.093
ECHNA02278	AF-A0A3Q4GKW7-F1-model_v4	0.900	80	8	MSVEEQGYPDAMLLLEARPEWMRTEIERLSRELSETTNEKIQAAEYGLVVLEEKQQLKQQYDDLEIEYEAVRQELDQLKE	MSVEEQGYPDAVLLMEADPEWLRAEIGRLSRELSETTNEKIQAAEYGLAVLEEKQQLKQQYEDLEIEYEAVRQELDQLKEVEDHFVRTD	1	80	1	80	1.167E-34	136	1.000	0.899
ECHNA02278	AF-A0A3B4FAV3-F1-model_v4	0.900	80	8	MSVEEQGYPDAMLLLEARPEWMRTEIERLSRELSETTNEKIQAAEYGLVVLEEKQQLKQQYDDLEIEYEAVRQELDQLKE	MSVEEQGYPDAVLLMEAGPEWLRAEIGRLSRELSETTNEKIQAAEYGLAVLEEKQQLKQQYEDLEIEYEAVRQELDQLKEAFGQAYSNHRKVAADGESREESLIQESACKEAYYEQRVLELQNELRQTRNILTNTQSENERLNAISQDLRESSQMVELQRNQLRDDIKEYKFRESRLLQDYTELEEENISLQKQVSMLKQSQVEFEGLKHEIRRLEEDTQFLNSQLEDAIRLKEIAERQLSEALETIKTERELKASLRKELSHYMNIGDTLYNSPLSISLDGLKFSDDAATEPNNDEALHGYENGFIKLANAITDDNRIPMPKKEELFRPVPSLVDDLLSELNISEIQKLKQQLMQMEREKVNLMSTLQDSQKQLEQANGALSEHQEKVNRLTENLNAIRKLQASKERQSALDNEKERDSHEDVDYYEVDINGPEILECKYKVAVSEAGELKEELKTLKAEYQACQSRYEEERTRLATDVTTLKENLTTLEKTSHAEREEKAKLEKELRKVSDVAGESQGSLSVAQDELVTFSEELATLYNHVCMCNNETPNRVMLDFYKEGKGGRSSPEGRGRRSPILLTKGLFPEPSKTDLSDGAPSPISSLPSPVSDHRREPMNIYNLVAIIRDQIKHLQLAVDRTTELSRQRVASLELGTVADKDKEACMEEILKLKSLLSTKREQIATLRTVLKANKQTAEVALANLKSKYENEKAMVTETMMKLRNELKALKEDAATFSSLRAMFATRCDEYVTQLDEMQRQLAAAEDEKKTLNSLLRMAIQQKLALTQRLEDLEFDHEQTRRGGNAGRLAPPASPLTL	1	80	1	80	1.167E-34	136	1.000	0.098
ECHNA02278	AF-A0A3P9DIP5-F1-model_v4	0.900	80	8	MSVEEQGYPDAMLLLEARPEWMRTEIERLSRELSETTNEKIQAAEYGLVVLEEKQQLKQQYDDLEIEYEAVRQELDQLKE	MSVEEQGYPDAVLLMEAGPEWLRAEIGRLSRELSETTNEKIQAAEYGLAVLEEKQQLKQQYEDLEIEYEAVRQELDQLKEAFGQAYSNHRKVAADGESREESLIQESACKEAYYEQRVLELQNELRQTRNILTNTQSENERLNAISQDLRESSQMVELQRNQLRDDIKEYKFRESRLLQDYTELEEENISLQKQVSMLKQSQVEFEGLKHEIRRLEEDTQFLNSQLEDAIRLKEIAERQLSEALETIKTERELKASLRKELSHYMNIGDTLYNSPLSISLDGLKFSDDAATEPNNDEALHGYENGFIKLANAITDDNRIPMPKKEELFRPVPSLVDDLLSELNISEIQKLKQQLMQMEREKVNLMSTLQDSQKQLEQANGALSEHQEKVNRLTENLNAIRKLQASKERQSALDNEKERDSHEDVDYYEVDINGPEILECKYKVAVSEAGELKEELKTLKAEYQACQSRYEEERTRLATDVTTLKENLTTLEKTSHAEREEKAKLEKELRKVSDVAGESQGSLSVAQDELVTFSEELATLYNHVCMCNNETPNRVMLDFYKEGKGGRSSPEGRGRRSPILLTKGLFPEPSKTDLSDGAPSPISSLPSPVSDHRREPMNIYNLVAIIRDQIKHLQLAVDRTTELSRQRVASLELGTVADKDKEACMEEILKLKSLLSTKREQIATLRTVLKANKQTAEVALANLKSKYENEKAMVTETMMKLRNELKALKEDAATFSSLRAMFATRCDEYVTQLDEMQRQLAAAEDEKKTLNSLLRMAIQQKLALTQRLEDLEFDHEQTRRGGNAGRLAPPASPLTL	1	80	1	80	1.167E-34	136	1.000	0.098
ECHNA02278	AF-A0A3Q2X5K8-F1-model_v4	0.900	80	8	MSVEEQGYPDAMLLLEARPEWMRTEIERLSRELSETTNEKIQAAEYGLVVLEEKQQLKQQYDDLEIEYEAVRQELDQLKE	MSVEEQGYPDAVLLMEAGPEWLRAEIGRLSRELSETTNEKIQAAEYGLAVLEEKQQLKQQYEDLEIEYEAVRQELDQLKEAFGQAYSNHRKVAADGESREESLIQESACKEAYYEQRVLELQNELRQTRNILTNTQSENERLNAISQDLRESSQMVELQRNQLRDDIKEYKFRESRLLQDYTELEEENISLQKQVSMLKQSQVEFEGLKHEIRRLEEDTQFLNSQLEDAIRLKEIAERQLSEALETIKTERELKASLRKELSHYMNIGDTLPLSISLDGLKFSDDAATEPNNDEALHGYENGFIKLANAITDDNRIPMPKKEELFRPVPSLVDDLLSELNISEIQKLKQQLMQMEREKVNLMSTLQDSQKQLEQANGALSEHQEKVNRLTENLNAIRKLQASKERQSALDNEKERDSHEDVDYYEVDINGPEILECKYKVAVSEAGELKEELKTLKAEYQACQSRYEEERTRLATDVTTLKENLTTLEKTSHAEREEKAKLEKELRKVSDVAGESQGSLSVAQDELVTFSEELATLYNHVCMCNNETPNRVMLDFYKEGKGGRSSPEGRGRRSPILLTKGLFPEPSKTDLSDGAPSPISSLPSPVSDHRREPMNIYNLVAIIRDQIKHLQLAVDRTTELSRQRVASLELGTVADKDKEACMEEILKLKSLLSTKREQIATLRTVLKANKQTAEVALANLKSKYENEKAMVTETMMKLRNELKALKEDAATFSSLRAMFATRCDEYVTQLDEMQRQLAAAEDEKKTLNSLLRMAIQQKLALTQRLEDLEFDHEQTRRGGNAGRAKAPPTSPLSFTSHDASCF	1	80	1	80	1.167E-34	136	1.000	0.097
ECHNA02278	AF-A0A6P7I9Z7-F1-model_v4	0.900	80	8	MSVEEQGYPDAMLLLEARPEWMRTEIERLSRELSETTNEKIQAAEYGLVVLEEKQQLKQQYDDLEIEYEAVRQELDQLKE	MSREEQGYPDAMLLLEAGPEWLRAEIERLSRELTETTNEKIQAAEYGLAVLEEKQQLKQQYDELEIEYEAVRQEVDQLKEAFGQAYSNHRKVAADGESREESLIQESACKEAYYEQRVLELQTELRQTRNILTNTQSENERLVTISQEMRENSQMVELQRNQLRDDIKEYKFRETRLLQDYTELEEENISLQKQVLVLKQSQVEFEGLKHEIRRLEEDTQFLNSQLEDAIRLKEIAERQLSEALETIKTERELKASLRKELSHYMSIGDTLYHSPLSISLDGLKFSDDAATEPNNDEALHGYENGFAKLANIIAEDNRISTPKKEELFRPAPSLVDDLLSELNISEIQKLKQQLMQMEREKVNLLSTLQDSQKQLEQAHGALSEHQEKVNRLTENLNAIRKLQASKERQSALDNEKERDSHEDGDYYEVDINGPEILECKYKVAVSEAAELKEELKTLKTEHQTCQSRYEEERTRLENDVTTLGQKLATLEKTSQADREEKSKMEKELRKLSDVAGESQGSLSVAQDELVTFSEELATLYNHVCMCNNETPNRVMLDFYKEGKGGRSSPEGRGRRSPILLTKGLFPEPGKTDLSDGTPSPVSSLPSPVSDHRREPMNIYNLVAIIRDQIKHLQLAVDRTTELSRQRVASLELGTVADKDKEACMEEILKLKSLLSTKREQIATLRTVLKANKQTAEVALANLKSKYENEKAMVTETMMKLRNELKALKEDAATFSSLRAMFATRCDEYVTQLDEMQRQLAAAEDEKKTLNSLLRMAIQQKLALTQRLEDLEFDHEQTRGRGGNSGRSKARSKAANSSSSSTSTNPH	1	80	1	80	1.167E-34	136	1.000	0.097
ECHNA02278	AF-A0A3Q2X4E4-F1-model_v4	0.900	80	8	MSVEEQGYPDAMLLLEARPEWMRTEIERLSRELSETTNEKIQAAEYGLVVLEEKQQLKQQYDDLEIEYEAVRQELDQLKE	MSVEEQGYPDAVLLMEAGPEWLRAEIGRLSRELSETTNEKIQAAEYGLAVLEEKQQLKQQYEDLEIEYEAVRQELDQLKEAFGQAYSNHRKVAADGESREESLIQESACKEAYYEQRVLELQNELRQTRNILTNTQSENERLNAISQDLRESSQMVELQRNQLRDDIKEYKFRESRLLQDYTELEEENISLQKQVSMLKQSQVEFEGLKHEIRRLEEDTQFLNSQLEDAIRLKEIAERQLSEALETIKTERELKASLRKELSHYMNIGDTLYNSPLSISLDGLKFSDDAATEPNNDEALHGYENGFIKLANAITDDNRIPMPKKEELFRPVPSLVDDLLSELNISEIQKLKQQLMQMEREKVNLMSTLQDSQKQLEQANGALSEHQEKVNRLTENLNAIRKLQASKERQSALDNEKERDSHEDVDYYEVDINGPEILECKYKVAVSEAGELKEELKTLKAEYQACQSRYEEERTRLATDVTTLKENLTTLEKTSHAEREEKAKLEKELRKLSDVAGESQGSLSVAQDELVTFSEELATLYNHVCMCNNETPNRVMLDFYKEGKGGRSSPEGRGRRSPILLTKGLFPEPSKTDLSDGAPSPISSLPSPVSDHRREPMNIYNLVAIIRDQIKHLQLAVDRTTELSRQRVASLELGTVADKDKEACMEEILKLKSLLSTKREQIATLRTVLKANKQTAEVALANLKSKYENEKAMVTETMMKLRNELKALKEDAATFSSLRAMFATRCDEYVTQLDEMQRQLAAAEDEKKTLNSLLRMAIQQKLALTQRLEDLEFDHEQTRRGGNAGRAKARSKAAGTASTTATTTTTTNNPH	1	80	1	80	1.167E-34	136	1.000	0.096
ECHNA02278	AF-A0A3P9DJS6-F1-model_v4	0.900	80	8	MSVEEQGYPDAMLLLEARPEWMRTEIERLSRELSETTNEKIQAAEYGLVVLEEKQQLKQQYDDLEIEYEAVRQELDQLKE	MSVEEQGYPDAVLLMEAGPEWLRAEIGRLSRELSETTNEKIQAAEYGLAVLEEKQQLKQQYEDLEIEYEAVRQELDQLKEAFGQAYSNHRKVAADGESREESLIQESACKEAYYEQRVLELQNELRQTRNILTNTQSENERLNAISQDLRESSQMVELQRNQLRDDIKEYKFRESRLLQDYTELEEENISLQKQVSMLKQSQVEFEGLKHEIRRLEEDTQFLNSQLEDAIRLKEIAERQLSEALETIKTERELKASLRKELSHYMNIGDTLYNSPLSISLDGLKFSDDAATEPNNDEALHGYENGFIKLANAITDDNRIPMPKKEELFRPVPSLVDDLLSELNISEIQKLKQQLMQMEREKVNLMSTLQDSQKQLEQANGALSEHQEKVNRLTENLNAIRKLQASKERQSALDNEKERDSHEDVDYYEVDINGPEILECKYKVAVSEAGELKEELKTLKAEYQACQSRYEEERTRLATDVTTLKENLTTLEKTSHAEREEKAKLEKELRKLSDVAGESQGSLSVAQDELVTFSEELATLYNHVCMCNNETPNRVMLDFYKEGKGGRSSPEGRGRRSPILLTKGLFPEPSKTDLSDGAPSPISSLPSPVSDHRREPMNIYNLVAIIRDQIKHLQLAVDRTTELSRQRVASLELGTVADKDKEACMEEILKLKSLLSTKREQIATLRTVLKANKQTAEVALANLKSKYENEKAMVTETMMKLRNELKALKEDAATFSSLRAMFATRCDEYVTQLDEMQRQLAAAEDEKKTLNSLLRMAIQQKLALTQRLEDLEFDHEQTRRGGNAGRAKARSKAAGTASAAAAATTTTNNPH	1	80	1	80	1.167E-34	136	1.000	0.096
ECHNA02278	AF-A0A6P7IHI6-F1-model_v4	0.900	80	8	MSVEEQGYPDAMLLLEARPEWMRTEIERLSRELSETTNEKIQAAEYGLVVLEEKQQLKQQYDDLEIEYEAVRQELDQLKE	MSREEQGYPDAMLLLEAGPEWLRAEIERLSRELTETTNEKIQAAEYGLAVLEEKQQLKQQYDELEIEYEAVRQEVDQLKEAFGQAYSNHRKVAADGESREESLIQESACKEAYYEQRVLELQTELRQTRNILTNTQSENERLVTISQEMRENSQMVELQRNQLRDDIKEYKFRETRLLQDYTELEEENISLQKQVLVLKQSQVEFEGLKHEIRRLEEDTQFLNSQLEDAIRLKEIAERQLSEALETIKTERELKASLRKELSHYMSIGDTLYHSPLSISLDGLKFSDDAATEPNNDEALHGYENGFAKLANIIAEDNRISTPKKEELFRPAPSLVDDLLSELNISEIQKLKQQLMQMEREKVNLLSTLQDSQKQLEQAHGALSEHQEKVNRLTENLNAIRKLQASKERQSALDNEKERDSHEDGDYYEVDINGPEILECKYKVAVSEAAELKEELKTLKTEHQTCQSRYEEERTRLENDVTTLGQKLATLEKTSQADREEKSKMEKELRKLSDVAGESQGSLSVAQDELVTFSEELATLYNHVCMCNNETPNRVMLDFYKEGKGGRSSPEGRGRRSPILLTKGLFPEPGKTDLSDGTPSPVSSLPSPVSDHRREPMNIYNLVAIIRDQIKHLQLAVDRTTELSRQRVASLELGTVADKDKEACMEEILKLKSLLSTKREQIATLRTVLKANKQTAEVALANLKSKYENEKAMVTETMMKLRNELKALKEDAATFSSLRAMFATRCDEYVTQLDEMQRQLAAAEDEKKTLNSLLRMAIQQKLALTQRLEDLEFDHEQTRGRGGNSGRSKARSKAANSSSSSTSTNPHIVSSLLPQHHHSPFN	1	80	1	80	1.167E-34	136	1.000	0.095
ECHNA02278	AF-A0A3Q3CDM9-F1-model_v4	0.900	80	8	MSVEEQGYPDAMLLLEARPEWMRTEIERLSRELSETTNEKIQAAEYGLVVLEEKQQLKQQYDDLEIEYEAVRQELDQLKE	MSVEEQGYPDAVLLMEAGPEWLRAEIGRLSRELSETTNEKIQAAEYGLAVLEEKQQLKQQYEDLEIEYEAVRQELDQLKEAFGQAYSNHRKVAADGESREESLIQESACKEAYYEQRVLELQNELRQTRNILTNTQSENERLNAISQDLRESSQMVELQRNQLRDDIKEYKFRESRLLQDYTELEEENISLQKQVSMLKQSQVEFEGLKHEIRRLEEDTQFLNSQLEDAIRLKEIAERQLSEALETIKTERELKASLRKELSHYMNIGDTLYNSPLSISLDGLKFSDDAATEPNNDEALHGYENGFIKLANAITDDNRIPMPKKEELFRPVPSLVDDLLSELNISEIQKLKQQLMQMEREKVNLMSTLQDSQKQLEQANGALSEHQEKVNRLTENLNAIRKLQASKERQSALDNEKERDSHEDVDYYEVDINGPEILECKYKVAVSEAGELKEELKTLKAEYQACQSRYEEERTRLATDVTTLKENLTTLEKTSHAEREEKAKLEKELRKLSDVAGESQGSLSVAQDELVTFSEELATLYNHVCMCNNETPNRVMLDFYKEGKGGRSSPEGRGRRSPILLTKGLFPEPSKTDLSDGAPSPISSLPSPVSDHRREPMNIYNLVAIIRDQIKHLQLAVDRTTELSRQRVASLELGTVADKDKEACMEEILKLKSLLSTKREQIATLRTVLKANKQTAEVALANLKSKYENEKAMVTETMMKLRNELKALKEDAATFSSLRAMFATRCDEYVTQLDEMQRQLAAAEDEKKTLNSLLRMAIQQKLALTQRLEDLEFDHEQTRRGGNAGRAKARSKAAGTASTTATTTTTTNNPHIVSSLLPQHHHSPFN	1	80	1	80	1.167E-34	136	1.000	0.095
ECHNA02278	AF-A0A6P7IJS9-F1-model_v4	0.900	80	8	MSVEEQGYPDAMLLLEARPEWMRTEIERLSRELSETTNEKIQAAEYGLVVLEEKQQLKQQYDDLEIEYEAVRQELDQLKE	MSREEQGYPDAMLLLEAGPEWLRAEIERLSRELTETTNEKIQAAEYGLAVLEEKQQLKQQYDELEIEYEAVRQEVDQLKEAFGQAYSNHRKVAADGESREESLIQESACKEAYYEQRVLELQTELRQTRNILTNTQSENERLVTISQEMRENSQMVELQRNQLRDDIKEYKFRETRLLQDYTELEEENISLQKQVLVLKQSQVEFEGLKHEIRRLEEDTQFLNSQLEDAIRLKEIAERQLSEALETIKTERELKASLRKELSHYMSIGDTLYHSPLSISLDGLKFSDDAATEPNNDEALHGYENGFAKLANIIAEDNRISTPKKEELFRPAPSLVDDLLSELNISEIQKLKQQLMQMEREKVNLLSTLQDSQKQLEQAHGALSEHQEKVNRLTENLNAIRKLQASKERQSALDNEKERDSHEDGDYYEVDINGPEILECKYKVAVSEAAELKEELKTLKTEHQTCQSRYEEERTRLENDVTTLGQKLATLEKTSQADREEKSKMEKELRKLSDVAGESQGSLSVAQDELVTFSEELATLYNHVCMCNNETPNRVMLDFYKEGKGGRSSPEGRGRRSPILLTKGLFPEPGKTDLSDGTPSPVSSLPSPVSDHRREPMNIYNLVAIIRDQIKHLQLAVDRTTELSRQRVASLELGTVADKDKEACMEEILKLKSLLSTKREQIATLRTVLKANKQTAEVALANLKSKYENEKAMVTETMMKLRNELKALKEDAATFSSLRAMFATRCDEYVTQLDEMQRQLAAAEDEKKTLNSLLRMAIQQKLALTQRLEDLEFDHEQTRGRGGNSGRSKARSKAANSSSSSTSTNPHVSQSLTCSGSGRPEHSNSVPNALLGGPVVFCSEKYKIYCD	1	80	1	80	1.167E-34	136	1.000	0.092
ECHNA02278	AF-A0A3B4FBJ6-F1-model_v4	0.900	80	8	MSVEEQGYPDAMLLLEARPEWMRTEIERLSRELSETTNEKIQAAEYGLVVLEEKQQLKQQYDDLEIEYEAVRQELDQLKE	MSVEEQGYPDAVLLMEAGPEWLRAEIGRLSRELSETTNEKIQAAEYGLAVLEEKQQLKQQYEDLEIEYEAVRQELDQLKEAFGQAYSNHRKVAADGESREESLIQESACKEAYYEQRVLELQNELRQTRNILTNTQSENERLNAISQDLRESSQMVELQRNQLRDDIKEYKFRESRLLQDYTELEEENISLQKQVSMLKQSQVEFEGLKHEIRRLEEDTQFLNSQLEDAIRLKEIAERQLSEALETIKTERELKASLRKELSHYMNIGDTLYNSPLSISLDGLKFSDDAATEPNNDEALHGYENGFIKLANAITDDNRIPMPKKEELFRPVPSLVDDLLSELNISEIQKLKQQLMQMEREKVNLMSTLQDSQKQLEQANGALSEHQEKVNRLTENLNAIRKLQASKERQSALDNEKERDSHEDVDYYEVDINGPEILECKYKVAVSEAGELKEELKTLKAEYQACQSRYEEERTRLATDVTTLKENLTTLEKTSHAEREEKAKLEKELRKLSDVAGESQGSLSVAQDELVTFSEELATLYNHVCMCNNETPNRVMLDFYKEGKGGRSSPEGRGRRSPILLTKGLFPEPSKTDLSDGAPSPISSLPSPVSDHRREPMNIYNLVAIIRDQIKHLQLAVDRTTELSRQRVASLELGTVADKDKEACMEEILKLKSLLSTKREQIATLRTVLKANKQTAEVALANLKSKYENEKAMVTETMMKLRNELKALKEDAATFSSLRAMFATRCDEYVTQLDEMQRQLAAAEDEKKTLNSLLRMAIQQKLALTQRLEDLEFDHEQTRRGGNAGRAKARSKAAGTASAAAATTTTNNPHVSQSLTCSVSGRPEHSSSVPSGILGGPVVFCSEKYKIYCD	1	80	1	80	1.167E-34	136	1.000	0.092
ECHNA02278	AF-H2TC96-F1-model_v4	0.912	80	7	MSVEEQGYPDAMLLLEARPEWMRTEIERLSRELSETTNEKIQAAEYGLVVLEEKQQLKQQYDDLEIEYEAVRQELDQLKE	MSVEEQGYLDAMLLQEARPEWMRAEIERLSRELLETTNEKIQAAEYGLVVLEEKQQLKQQYDDLEIDYEAVRRELDLLKEAFGQAYTNHRKVAADGESREESLIQESACKEAYYEQRVLELQNDLRQARNLVSNTQSENDRLNTLSQEMKDHSQMVELQRNQLRDDIKEYKLLEARLLQDYTELEEENISLQKQVSVLKQSQVEFEGLKHEIRRLEEDTQFLNSQLEDAIRLKEIAERQLGEALETIKTERELKASLRKELSHYMNIGDTLPLSISLDGLKFSEDTATEPNNDEALHGYDNDFTKLANAINYDNCVSTPNKELFHPAPSLVDDLLSELNISEIQKLKQQLMQMEREKVNLLTTLQDSQKQLEQANGALSEHQDKVNRLTENLNAIRKLQASKERQSALDNEKERDSHEDGDYYEVDINGPEILECKYKVAVSEAGELKEELKTLKAEYQTCQSRYEDDRARLESDVTTLGEKLASLEKTSHMDREEKNKLETELRKLRDVAGESQGSLSVAQDELVTFSEELATLYNHVCMCNNETPNRIMLDFYKEGKGVRSSPEGRGRRSPILLTKGLFPEPGKTDLSDRAPSPVSSLPSPVSDHRREPMNIYNLVAIIRDQIKHLQLAVDRTTELSRQRVASLEFGTVADKDKEACMEEILKLKSLLSTKREQIATLRTVLKANKQTAEVALANLKSKYENEKAMVTETMMKLRNELKALKEDAATFSSLRAMFATRCDEYVTQLEEMQRQLSAAEDEKKTLNSLLRMAIQQKLALTQRLEDLEFDHEQVRRGGNSGRSKAGRPSRLDDVLPSSASVLL	1	80	1	80	5.687E-34	134	1.000	0.097
ECHNA02278	AF-A0A674MLU8-F1-model_v4	0.912	80	7	MSVEEQGYPDAMLLLEARPEWMRTEIERLSRELSETTNEKIQAAEYGLVVLEEKQQLKQQYDDLEIEYEAVRQELDQLKE	MSVEEQGYLDAMLLQEARPEWMRAEIERLSRELLETTNEKIQAAEYGLVVLEEKQQLKQQYDDLEIDYEAVRRELDLLKEAFGQAYTNHRKVAADGESREESLIQESACKEAYYEQRVLELQNDLRQARNLVSNTQSENDRLNTLSQEMKDHSQMVELQRNQLRDDIKEYKLLEARLLQDYTELEEENISLQKQVSVLKQSQVEFEGLKHEIRRLEEDTQFLNSQLEDAIRLKEIAERQLGEALETIKTERELKASLRKELSHYMNIGDTLPLSISLDGLKFSEDTATEPNNDEALHGYDNDFTKLANAINYDNCVSTPNKELFHPAPSLVDDLLSELNISEIQKLKQQLMQMEREKVNLLTTLQDSQKQLEQANGALSEHQDKVNRLTENLNAIRKLQASKERQSALDNEKERDSHEDGDYYEVDINGPEILECKYKVAVSEAGELKEELKTLKAEYQTCQSRYEDDRARLESDVTTLGEKLASLEKTSHMDREEKNKLETELRKLRDVAGESQGSLSVAQDELVTFSEELATLYNHVCMCNNETPNRIMLDFYKEGKGVRSSPEGRGRRSPILLTKGLFPEPGKTDLSDRAPSPVSSLPSPVSDHRREPMNIYNLVAIIRDQIKHLQLAVDRTTELSRQRVASLEFGTVADKDKEACMEEILKLKSLLSTKREQIATLRTVLKANKQTAEVALANLKSKYENEKAMVTETMMKLRNELKALKEDAATFSSLRAMFATRCDEYVTQLEEMQRQLSAAEDEKKTLNSLLRMAIQQKLALTQRLEDLEFDHEQVRRGGNSGRSKARSKAPTASSSPGAPRIDQQPTV	1	80	1	80	5.687E-34	134	1.000	0.097
ECHNA02278	AF-A0A674MBK7-F1-model_v4	0.912	80	7	MSVEEQGYPDAMLLLEARPEWMRTEIERLSRELSETTNEKIQAAEYGLVVLEEKQQLKQQYDDLEIEYEAVRQELDQLKE	MSVEEQGYLDAMLLQEARPEWMRAEIERLSRELLETTNEKIQAAEYGLVVLEEKQQLKQQYDDLEIDYEAVRRELDLLKEAFGQAYTNHRKVAADGESREESLIQESACKEAYYEQRVLELQNDLRQARNLVSNTQSENDRLNTLSQEMKDHSQMVELQRNQLRDDIKEYKLLEARLLQDYTELEEENISLQKQVSVLKQSQVEFEGLKHEIRRLEEDTQFLNSQLEDAIRLKEIAERQLGEALETIKTERELKASLRKELSHYMNIGDTLYNSPLSISLDGLKFSEDTATEPNNDEALHGYDNDFTKLANAINYDNCVSTPNKELFHPAPSLVDDLLSELNISEIQKLKQQLMQMEREKVNLLTTLQDSQKQLEQANGALSEHQDKVNRLTENLNAIRKLQASKERQSALDNEKERDSHEDGDYYEVDINGPEILECKYKVAVSEAGELKEELKTLKAEYQTCQSRYEDDRARLESDVTTLGEKLASLEKTSHMDREEKNKLETELRKLRDVAGESQGSLSVAQDELVTFSEELATLYNHVCMCNNETPNRIMLDFYKEGKGVRSSPEGRGRRSPILLTKGLFPEPGKTDLSDRAPSPVSSLPSPVSDHRREPMNIYNLVAIIRDQIKHLQLAVDRTTELSRQRVASLEFGTVADKDKEACMEEILKLKSLLSTKREQIATLRTVLKANKQTAEVALANLKSKYENEKAMVTETMMKLRNELKALKEDAATFSSLRAMFATRCDEYVTQLEEMQRQLSAAEDEKKTLNSLLRMAIQQKLALTQRLEDLEFDHEQVRRGGNSGRSKARSKAPTGTSNGSHIVSSLLPHHRRSPFN	1	80	1	80	5.687E-34	134	1.000	0.096
ECHNA02278	AF-A0A674NCL3-F1-model_v4	0.912	80	7	MSVEEQGYPDAMLLLEARPEWMRTEIERLSRELSETTNEKIQAAEYGLVVLEEKQQLKQQYDDLEIEYEAVRQELDQLKE	MSVEEQGYLDAMLLQEARPEWMRAEIERLSRELLETTNEKIQAAEYGLVVLEEKQQLKQQYDDLEIDYEAVRRELDLLKEAFGQAYTNHRKVAADGESREESLIQESACKEAYYEQRVLELQNDLRQARNLVSNTQSENDRLNTLSQEMKDHSQMVELQRNQLRDDIKEYKLLEARLLQDYTELEEENISLQKQVSVLKQSQVEFEGLKHEIRRLEEDTQFLNSQLEDAIRLKEIAERQLGEALETIKTERELKASLRKELSHYMNIGDTLYNSPLSISLDGLKFSEDTATEPNNDEALHGYDNDFTKLANAINYDNCVSTPNKELFHPAPSLVDDLLSELNISEIQKLKQQLMQMEREKVNLLTTLQDSQKQLEQANGALSEHQDKVNRLTENLNAIRKLQASKERQSALDNEKERDSHEDGDYYEVDINGPEILECKYKVAVSEAGELKEELKTLKAEYQTCQSRYEDDRARLESDVTTLGEKLASLEKTSHMDREEKNKLETELRKLRDVAGESQGSLSVAQDELVTFSEELATLYNHVCMCNNETPNRIMLDFYKEGKGVRSSPEGRGRRSPILLTKGLFPEPGKTDLSDRAPSPVSSLPSPVSDHRREPMNIYNLVAIIRDQIKHLQLAVDRTTELSRQRVASLEFGTVADKDKEACMEEILKLKSLLSTKREQIATLRTVLKANKQTAEVALANLKSKYENEKAMVTETMMKLRNELKALKEDAATFSSLRAMFATRCDEYVTQLEEMQRQLSAAEDEKKTLNSLLRMAIQQKLALTQRLEDLEFDHEQVRRGGNSGRSKARSKAPTGTSNGSHVSQSLTCSGSGRPEPNNALPNGIVGGPTVFCSEKYKIYCD	1	80	1	80	5.687E-34	134	1.000	0.093
ECHNA02278	AF-A0A4Z2B5M6-F1-model_v4	0.912	80	7	MSVEEQGYPDAMLLLEARPEWMRTEIERLSRELSETTNEKIQAAEYGLVVLEEKQQLKQQYDDLEIEYEAVRQELDQLKE	MSVEEQGYLDAMLLQEARPEWMRAEIERLSRELLETTNEKIQAAEYGLVVLEEKQQLKQQYDDLEIDYEAVRRELDLLKEAFGQAYTNHRKVAADGESREESLIQESACKEAYYEQRVLELQNDLRQARNLVSNTQSENDRLNTLSQEMKDHSQMVELQRNQLRDDIKEYKLLEARLLQDYTELEEENISLQKQVSVLKQSQVEFEGLKHEIRRLEEDTQFLNSQLEDAIRLKEIAERQLGEALETIKTERELKASLRKELSHYMNIGDTLYNSPLSISLDGLKFSEDTATEPNNDEALHGYDNGFTKLANAINYDNCVSTPNKELFHPAPSLVDDLLSELNISEIQKLKQQLMQMEREKVNLLTTLQDSQKQLEQANGALSEHQDKVNRLTENLNAIRKLQASKERQSALDNEKERDSHEDGDYYEVDINGPEILECKYKVAVSEAGELKEELKTLKAEYQTCQSRYEDDRARLESDVTTLGEKLASLEKTSHMDREEKNKLETELRKLRDVAGESQGSLSVAQDELVTFSEELATLYNHVCMCNNETPNRIMLDFYKEGKGVRSSPEGRGRRSPILLTKGLFPEPGKTDLSDRAPSPVSSLPSPVSDHRREPMNIYNLVAIIRDQIKHLQLAVDRTTELSRQRVASLEFGTVADKDKEACMEEILKLKSLLSTKREQIATLRTVLKANKQTAEVALANLKSKYENEKAMVTETMMKLRNELKALKEDAATFSSLRAMFATRCDEYVTQLEEMQRQLAAAEDEKKTLNSLLRMAIQQKLALTQRLEDLEFDHEQVRRGGNSGRSKARSKAPTGTSNGSHVSQSLTCSGSGRPEPNNALPNGIVGGPTVFCSEKYKIYCD	1	80	1	80	5.687E-34	134	1.000	0.093
ECHNA02278	AF-A0A674PJL4-F1-model_v4	0.912	80	7	MSVEEQGYPDAMLLLEARPEWMRTEIERLSRELSETTNEKIQAAEYGLVVLEEKQQLKQQYDDLEIEYEAVRQELDQLKE	MSVEEQGYLDAMLLQEARPEWMRAEIERLSRELLETTNEKIQAAEYGLVVLEEKQQLKQQYDDLEIDYEAVRRELDLLKEAFGQAYTNHRKVAADGESREESLIQESACKEAYYEQRVLELQNDLRQARNLVSNTQSENDRLNTLSQEMKDHSQMVELQRNQLRDDIKEYKLLEARLLQDYTELEEENISLQKQVSVLKQSQVEFEGLKHEIRRLEEDTQFLNSQLEDAIRLKEIAERQLGEALETIKTERELKASLRKELSHYMNIGDTLPLSISLDGLKFSEDTATEPNNDEALHGYDNDFTKLANAINYDNCVSTPNKELFHPAPSLVDDLLSELNISEIQKLKQQLMQMEREKVNLLTTLQDSQKQLEQANGALSEHQDKVNRLTENLNAIRKLQASKERQSALDNEKERDSHEDGDYYEVDINGPEILECKYKVAVSEAGELKEELKTLKAEYQTCQSRYEDDRARLESDVTTLGEKLASLEKTSHMDREEKNKLETELRKLRDVAGESQGSLSVAQDELVTFSEELATLYNHVCMCNNETPNRIMLDFYKEGKGVRSSPEGRGRRSPILLTKGLFPEPGKTDLSDRAPSPVSSLPSPVSDHRREPMNIYNLVAIIRDQIKHLQLAVDRTTELSRQRVASLEFGTVADKDKEACMEEILKLKSLLSTKREQIATLRTVLKANKQTAEVALANLKSKYENEKAMVTETMMKLRNELKALKEDAATFSSLRAMFATRCDEYVTQLEEMQRQLSAAEDEKKTLNSLLRMAIQQKLALTQRLEDLEFDHEQVRRGGNSGRSKARSKAPTGTSNGSHVSQSLTYLHGFAAEDAYRFLFYFLKTTVSCCQACWYKTNACVTGLYAATLAVYVVFSEVQEGYSM	1	80	1	80	5.687E-34	134	1.000	0.091
