GAMAF11908	AF-M4AT16-F1-model_v4	0.987	80	1	MSTEEQGYPEAMLLEAGPEWLRAEVERLSRELSETTSEKIQAAEYGLAVLEEKQQLKQQYDDLEVEYEAVRQELDQLKEA	MSTEEQGYPEAMLLEAGPEWLRAEVERLSRELSETSSEKIQAAEYGLAVLEEKQQLKQQYDDLEVEYEAVRQELDQLKEAFGQAYTNHRKVAADGESREESLIQESACKEAYYEQRVLELQNELRQTRNILTNTQSENERLVAISQEMKENGEMMELQRNQLRDDIKEYKFREGRLLQDYTELEEENISLQKQVSVLKQSQVEFEGLKHEIRRLEEDTQFLNSQLEDAIRLKEIAERQLGEALETIKTERELKTSLRKELSHYMNIGDTLYHSPLSISLDGLKFSDDVATEPNNDEALLGYENSFTKLANTINEDNRISTPKEELFCPVPSLVDDLLSELNISEIQKLKQQLMQMERDKVNLLSNLQDSQKQLEQANGALSEHQEKVNRLTENLNAIRKLQASKERQSALDNEKERDSHEDGDYYEVDINGPEILECKYKVAMSEAGELKEELKTLKAEYQACQSRYDEERSRLENDVRSLGDKLSNLEKTTFAEREEKAKLEKELRKLSDVAGESQGSLNVAQDELVTFSEELATLYNHVCMCNNETPNRVMLDFYKEGKGGRSSPEGRGRRSPILLTKGLFPEHGRTDLSDGTPSPVSSLPSPVSDHRREPMNIYNLVAIIRDQIKHLQLAVDRTTELSRQRVASLELGTMADKDKEACMEEILKLKSLLSTKREQIATLRTVLKANKQTAEVALANLKSKYENEKAMVTETMMKLRNELKALKEDAATFSSLRAMFATRCDEYVTQLEEMQRQLAAAEDEKKTLNSLLRMAIQQKLALTQRLEDLEFDHEQTRRGGNSGRSKARSKAAGTTATSNPH	1	80	1	80	3.106E-38	146	1.000	0.098
GAMAF11908	AF-A0A3B5QWW2-F1-model_v4	0.987	80	1	MSTEEQGYPEAMLLEAGPEWLRAEVERLSRELSETTSEKIQAAEYGLAVLEEKQQLKQQYDDLEVEYEAVRQELDQLKEA	MSTEEQGYPEAMLLEAGPEWLRAEVERLSRELSETSSEKIQAAEYGLAVLEEKQQLKQQYDDLEVEYEAVRQELDQLKEAFGQAYTNHRKVAADGESREESLIQESACKEAYYEQRVLELQNELRQTRNILTNTQSENERLVAISQEMKENGEMMELQRNQLRDDIKEYKFREGRLLQDYTELEEENISLQKQVSVLKQSQVEFEGLKHEIRRLEEDTQFLNSQLEDAIRLKEIAERQLGEALETIKTERELKTSLRKELSHYMNIGDTLYHSPLSISLDGLKFSDDVATEPNNDEALLGYENSFTKLANTINEDNRISTPKEELFCPVPSLVDDLLSELNISEIQKLKQQLMQMERDKVNLLSNLQDSQKQLEQANGALSEHQEKVNRLTENLNAIRKLQASKERQSALDNEKERDSHEDGDYYEVDINGPEILECKYKVAMSEAGELKEELKTLKAEYQACQSRYDEERSRLENDVRSLGDKLSNLEKTTFAEREEKAKLEKELRKLSDVAGESQGSLNVAQDELVTFSEELATLYNHVCMCNNETPNRVMLDFYKEGKGGRSSPEGRGRRSPILLTKGLFPEHGRTDLSDGTPSPVSSLPSPVSDHRREPMNIYNLVAIIRDQIKHLQLAVDRTTELSRQRVASLELGTMADKDKEACMEEILKLKSLLSTKREQIATLRTVLKANKQTAEVALANLKSKYENEKAMVTETMMKLRNELKALKEDAATFSSLRAMFATRCDEYVTQLEEMQRQLAAAEDEKKTLNSLLRMAIQQKLALTQRLEDLEFDHEQTRRGGNSGRSKARSKAAGTTATSNPHIVSSLLPQHHQSPFN	1	80	1	80	3.106E-38	146	1.000	0.096
GAMAF11908	AF-A0A3B5LRM8-F1-model_v4	0.987	80	1	MSTEEQGYPEAMLLEAGPEWLRAEVERLSRELSETTSEKIQAAEYGLAVLEEKQQLKQQYDDLEVEYEAVRQELDQLKEA	MSTEEQGYPEAMLLEAGPEWLRAEVERLSRELSETSSEKIQAAEYGLAVLEEKQQLKQQYDDLEVEYEAVRQELDQLKEAFGQAYTNHRKVAADGESREESLIQESACKEAYYEQRVLVLQNELRQTRNILTNTQSENERLVAISQEMKENGEMMELQRNQLRDDIKEYKFREGRLLQDYTELEEENISLQKQVSVLKQSQVEFEGLKHEIRRLEEDTQFLNSQLEDAIRLKEIAERQLGEALETIKTERELKTSLRKELSHYMNIGDTVYHSPLSISLDGLKFSDDVATEPNNDEALLGYENSFTKLANAINEDNRISTPKEELFCPVPSLVDDLLSELNISEIQKLKQQLMQMERDKVNLLSNLQDSQKQLEQANGALSEHQEKVNRLTENLNAIRKLQASKERQSALDNEKERDSHEDGDYYEVDINGPEILECKYKVAMSEAGELKEELKTLKAEYQACQSRYDEERSRLENDVRSLGDKLSNLEKTTFAEREEKAKLEKELRKLSDVAGESQGSLSVAQDELVTFSEELATLYNHVCMCNNETPNRVMLDFYKEGKGGRSSPEGRGRRSPILLTKGLFPEHGRTDLSDGTPSPVSSLPSPVSDHRREPMNIYNLVAIIRDQIKHLQLAVDRTTELSRQRVASLELGTMADKDKEACMEEILKLKSLLSTKREQIATLRTVLKANKQTAEVALANLKSKYENEKAMVTETMMKLRNELKALKEDAATFSSLRAMFATRCDEYVTQLEEMQRQLAAAEDEKKTLNSLLRMAIQQKLALTQRLEDLEFDHEQTRRGGNSGRSKARSKAAGTTATSNPHVSQSLTCSGSGRPELNNTMPNGILGGPAIFCSEKYKIYCD	1	80	1	80	3.106E-38	146	1.000	0.093
GAMAF11908	AF-A0A3B3VY63-F1-model_v4	0.987	80	1	MSTEEQGYPEAMLLEAGPEWLRAEVERLSRELSETTSEKIQAAEYGLAVLEEKQQLKQQYDDLEVEYEAVRQELDQLKEA	MSTEEQGYPEAMLLEARPEWLRAEVERLSRELSETTSEKIQAAEYGLAVLEEKQQLKQQYDDLEVEYEAVRQELDQLKEAFGQAYTNHRKVAADGESREESLIQESACKEAYYEQRVLELQNELRQTRNILTNTQSENERLVAISQEMKENGEMVELQRNQLRDDIKEYKFREGRLLQDYTELEEENISLQKQVSALKQSQVEFEGLKHEIRRLEEDTQFLNSQLEDAIRLKEIAERQLGEALETIKTERELKTSLRKELSHYMNIGDTLYHSPLSISLDGLKFSDDAATEPNNDEALLGYENSFTKLANTINEDNRISTPNKEELFCPVPSLVDDLLSELNISEIQKLKQQLMQMEREKVNLLSNLQDSQKQLEQANGALSEHQEKVNRLTENLNAIRKLQASKERQSALDNEKERDSHEDGDYYEVDINGPEILECKYKVAVSEAGELKEELKTLKAEYQACQSRYDEERSRLENDVRSLGDKLSNLERTTFVEREEKAKLEKELRKLSDVAGESQGSLSVAQDELVTFSEELATLYNHVCMCNNETPNRVMLDFYKEGKGGRSSPEGRGRRSPILLTKGLFPEHGRADLSDGAPSPVSSLPSPVSDHRREPMNIYNLVAIIRDQIKHLQLAVDRTTELSRQRVASLELGTVADKDKEACMEEILKLKSLLSTKREQIATLRTVLKANKQTAEVALANLKSKYENEKAMVTETMMKLRNELKALKEDAATFSSLRAMFATRCDEYVTQLEEMQRQLAAAEDEKKTLNSLLRMAIQQKLALTQRLEDLEFDHEQTRRGGSSGRSKARSKAAGTAATSNPHVSQTLTCSGSGRPELNNAMPNGILGGPAIFCSEKYKIYCD	1	80	1	80	1.102E-37	144	1.000	0.093
GAMAF11908	AF-A0A3P9NX11-F1-model_v4	0.987	80	1	MSTEEQGYPEAMLLEAGPEWLRAEVERLSRELSETTSEKIQAAEYGLAVLEEKQQLKQQYDDLEVEYEAVRQELDQLKEA	MSTEEQGYPEAMLLEARPEWLRAEVERLSRELSETTSEKIQAAEYGLAVLEEKQQLKQQYDDLEVEYEAVRQELDQLKEAFGQAYTNHRKVAADGESREESLIQESACKEAYYEQRVLELQNELRQTRNILTNTQSENERLVAISQEMKENGEMVELQRNQLRDDIKEYKFREGRLLQDYTELEEENISLQKQVSVLKQSQVEFEGLKHEIRRLEEDTQFLNSQLEDAIRLKEIAERQLGEALETIKTERELKTSLRKELSHYMNIGDTLYHSPLSISLDGLKFSDDAATEPNNDEALLGYENSFTKLANTINEDNRISTPNKEELFCPVPSLVDDLLSELNISEIQKLKQQLMQMEREKVNLLSNLQDSQKQLEQANGALSEHQEKVNRLTENLSAIRKLQASKERQSALDNEKERDSHEDGDYYEVDINGPEILECKYKVAVSEAGELKEELKTLKAEYQTCQSRYDEERSRLENDVRSLGDKLSNLERTTFVEREEKAKLEKELRKLSDVAGESQGSLSVAQDELVTFSEELATLYNHVCMCNNETPNRVMLDFYKEGKGGRSSPEGRGRRSPILLTKGLFPEHGRADLSDGAPSPVSSLPSPVSDHRREPMNIYNLVAIIRDQIKHLQLAVDRTTELSRQRVASLELGTVADKDKEACMEEILKLKSLLSTKREQIATLRTVLKANKQTAEVALANLKSKYENEKAMVTETMMKLRNELKALKEDAATFSSLRAMFATRCDEYVTQLEEMQRQLAAAEDEKKTLNSLLRMAIQQKLALTQRLEDLEFDHEQTRRGGSSGRSKARSKAAGTTATTATTATSNPHVSQSLTCSGSGRPELNNAMPNGILGGPAIFCSEKYKIYCD	1	80	1	80	1.102E-37	144	1.000	0.092
GAMAF11908	AF-A0A3B3Z3K9-F1-model_v4	0.975	80	2	MSTEEQGYPEAMLLEAGPEWLRAEVERLSRELSETTSEKIQAAEYGLAVLEEKQQLKQQYDDLEVEYEAVRQELDQLKEA	MSTEEQGYPEAVLLEARPEWLRAEVERLSRELSETTSEKIQAAEYGLAVLEEKQQLKQQYDDLEVEYEAVRQELDQLKEAFGQAYTNHRKVAADGESREESLIQESACKEAYYEQRVLELQNELRQTRNILTNTQSENERLVAISQEMKENGEMVELQRNQLRDDIKEYKFREGRLLQDYTELEEENISLQKQVSALKQSQVEFEGLKHEIRRLEEDTQFLNSQLEDAIRLKEIAERQLGEALETIKTERELKTSLRKELSHYMNIGDTLYHSPLSISLDGLKFSDDAATEPNNDEALLGYENSFTKLANTINEDNRISTPNKEELFCPVPSLVDDLLSELNISEIQKLKQQLMQMEREKVNLLSNLQDSQKQLEQANGALSEHQEKVNRLTENLNAIRKLQASKERQSALDNEKERDSHEDGDYYEVDINGPEILECKYKVAVSEAGELKEELKTLKAEYQACQSRYDEERSRLENDVRSLGDKLSNLERTTFVEREEKAKLEKELRKLSDVAGESQGSLSVAQDELVTFSEELATLYNHVCMCNNETPNRVMLDFYKEGKGGRSSPEGRGRRSPILLTKGLFPEHGRADLSDGAPSPVSSLPSPVSDHRREPMNIYNLVAIIRDQIKHLQLAVDRTTELSRQRVASLELGTVADKDKEACMEEILKLKSLLSTKREQIATLRTVLKANKQTAEVALANLKSKYENEKAMVTETMMKLRNELKALKEDAATFSSLRAMFATRCDEYVTQLEEMQRQLAAAEDEKKTLNSLLRMAIQQKLALTQRLEDLEFDHEQTRRGGNSGRSKARSKAAGTTATSNPH	1	80	1	80	3.909E-37	143	1.000	0.097
GAMAF11908	AF-A0A3B3Z4N9-F1-model_v4	0.975	80	2	MSTEEQGYPEAMLLEAGPEWLRAEVERLSRELSETTSEKIQAAEYGLAVLEEKQQLKQQYDDLEVEYEAVRQELDQLKEA	MSTEEQGYPEAVLLEARPEWLRAEVERLSRELSETTSEKIQAAEYGLAVLEEKQQLKQQYDDLEVEYEAVRQELDQLKEAFGQAYTNHRKVAADGESREESLIQESACKEAYYEQRVLELQNELRQTRNILTNTQSENERLVAISQEMKENGEMVELQRNQLRDDIKEYKFREGRLLQDYTELEEENISLQKQVSALKQSQVEFEGLKHEIRRLEEDTQFLNSQLEDAIRLKEIAERQLGEALETIKTERELKTSLRKELSHYMNIGDTLYHSPLSISLDGLKFSDDAATEPNNDEALLGYENSFTKLANTINEDNRISTPNKEELFCPVPSLVDDLLSELNISEIQKLKQQLMQMEREKVNLLSNLQDSQKQLEQANGALSEHQEKVNRLTENLNAIRKLQASKERQSALDNEKERDSHEDGDYYEVDINGPEILECKYKVAVSEAGELKEELKTLKAEYQACQSRYDEERSRLENDVRSLGDKLSNLERTTFVEREEKAKLEKELRKLSDVAGESQGSLSVAQDELVTFSEELATLYNHVCMCNNETPNRVMLDFYKEGKGGRSSPEGRGRRSPILLTKGLFPEHGRADLSDGAPSPVSSLPSPVSDHRREPMNIYNLVAIIRDQIKHLQLAVDRTTELSRQRVASLELGTVADKDKEACMEEILKLKSLLSTKREQIATLRTVLKANKQTAEVALANLKSKYENEKAMVTETMMKLRNELKALKEDAATFSSLRAMFATRCDEYVTQLEEMQRQLAAAEDEKKTLNSLLRMAIQQKLALTQRLEDLEFDHEQTRRGGNSGRSKARSKAAGTTATSNPHIVSSLLPQHHQSPFN	1	80	1	80	3.909E-37	143	1.000	0.096
GAMAF11908	AF-A0A087YB49-F1-model_v4	0.975	80	2	MSTEEQGYPEAMLLEAGPEWLRAEVERLSRELSETTSEKIQAAEYGLAVLEEKQQLKQQYDDLEVEYEAVRQELDQLKEA	MSTEEQGYPEAVLLEARPEWLRAEVERLSRELSETTSEKIQAAEYGLAVLEEKQQLKQQYDDLEVEYEAVRQELDQLKEAFGQAYTNHRKVAADGESREESLIQESACKEAYYEQRVLELQNELRQTRNILTNTQSENERLVAISQEMKENGEMVELQRNQLRDDIKEYKFREGRLLQDYTELEEENISLQKQVSALKQSQVEFEGLKHEIRRLEEDTQFLNSQLEDAIRLKEIAERQLGEALETIKTERELKTSLRKELSHYMNIGDTLYHSPLSISLDGLKFSDDAATEPNNDEALLGYENSFTKLANTINEDNRISTPNKEELFCPVPSLVDDLLSELNISEIQKLKQQLMQMEREKVNLLSNLQDSQKQLEQANGALSEHQEKVNRLTENLNAIRKLQASKERQSALDNEKERDSHEDGDYYEVDINGPEILECKYKVAVSEAGELKEELKTLKAEYQACQSRYDEERSRLENDVRSLGDKLSNLERTTFVEREEKAKLEKELRKLSDVAGESQGSLSVAQDELVTFSEELATLYNHVCMCNNETPNRVMLDFYKEGKGGRSSPEGRGRRSPILLTKGLFPEHGRADLSDGAPSPVSSLPSPVSDHRREPMNIYNLVAIIRDQIKHLQLAVDRTTELSRQRVASLELGTVADKDKEACMEEILKLKSLLSTKREQIATLRTVLKANKQTAEVALANLKSKYENEKAMVTETMMKLRNELKALKEDAATFSSLRAMFATRCDEYVTQLEEMQRQLAAAEDEKKTLNSLLRMAIQQKLALTQRLEDLEFDHEQTRRGGNSGRSKARSKAAGTTATSNPHVSQTLTCSGSGRPELNNAMPNGILGGPAIFCSEKYKIYCD	1	80	1	80	3.909E-37	143	1.000	0.093
GAMAF11908	AF-A0A096ME17-F1-model_v4	0.975	80	2	MSTEEQGYPEAMLLEAGPEWLRAEVERLSRELSETTSEKIQAAEYGLAVLEEKQQLKQQYDDLEVEYEAVRQELDQLKEA	MSTEEQGYPEAVLLEARPEWLRAEVERLSRELSETTSEKIQAAEYGLAVLEEKQQLKQQYDDLEVEYEAVRQELDQLKEAFGQAYTNHRKVAADGESREESLIQESACKEAYYEQRVLELQNELRQTRNILTNTQSENERLVAISQEMKEINKTNGEMVELQRNQLRDDIKEYKFREGRLLQDYTELEEENISLQKQVSALKQSQVEFEGLKHEIRRLEEDTQFLNSQLEDAIRLKEIAERQLGEALETIKTERELKTSLRKELSHYMNIGDTLYHSPLSISLDGLKFSDDAATEPNNDEALLGYENSFTKLANTINEDNRISTPNKEELFCPVPSLVDDLLSELNISEIQKLKQQLMQMEREKVNLLSNLQDSQKQLEQANGALSEHQEKVNRLTENLNAIRKLQASKERQSALDNEKERDSHEDGDYYEVDINGPEILECKYKVAVSEAGELKEELKTLKAEYQACQSRYDEERSRLENDVRSLGDKLSNLERTTFVEREEKAKLEKELRKLSDVAGESQGSLSVAQDELVTFSEELATLYNHVCMCNNETPNRVMLDFYKEGKGGRSSPEGRGRRSPILLTKGLFPEHGRADLSDGAPSPVSSLPSPVSDHRREPMNIYNLVAIIRDQIKHLQLAVDRTTELSRQRVASLELGTVADKDKEACMEEILKLKSLLSTKREQIATLRTVLKANKQTAEVALANLKSKYENEKAMVTETMMKLRNELKALKEDAATFSSLRAMFATRCDEYVTQLEEMQRQLAAAEDEKKTLNSLLRMAIQQKLALTQRLEDLEFDHEQTRRGGNSGRSKARSKAAGTTATSNPHVSQTLTCSGSGRPELNNAMPNGILGGPAIFCSEKYKIYCD	1	80	1	80	3.909E-37	143	1.000	0.092
GAMAF11908	AF-A0A0S7GZA8-F1-model_v4	0.937	80	5	MSTEEQGYPEAMLLEAGPEWLRAEVERLSRELSETTSEKIQAAEYGLAVLEEKQQLKQQYDDLEVEYEAVRQELDQLKEA	MSSEERGYAEAMLLEAGPVWLRAEVERLSRELSETTSEKIQAAEYGLVVLEEKQQLKQQYDDLEVEYEAVRQELDQLKEAFGQAYTNHRKVAADGESREESLIQESACKEAYYEPAFCMFL	1	80	1	80	4.515E-35	137	1.000	0.661
GAMAF11908	AF-A0A0S7H3I7-F1-model_v4	0.937	80	5	MSTEEQGYPEAMLLEAGPEWLRAEVERLSRELSETTSEKIQAAEYGLAVLEEKQQLKQQYDDLEVEYEAVRQELDQLKEA	MSSEERGYAEAMLLEAGPVWLRAEVERLSRELSETTSEKIQAAEYGLVVLEEKQQLKQQYDDLEVEYEAVRQELDQLKEAFGQAYTNHRKVAADGESREESLIQESACKEAYYEQRVLELQNELRQTRNILTNTQSENERLVAISQEMKENGEMMELQRNQLRDDIKEYKFREGRLLQDYTELEEENISLQKQVLVLKQSQVEFEGLKHEIRRLEEDTQFLNSQLEDAIRLKEIAERQLGEALETIKTERELKTSLRKELSHYMNIGDTLYHR	1	80	1	80	4.515E-35	137	1.000	0.293
GAMAF11908	AF-A0A0S7GZF2-F1-model_v4	0.937	80	5	MSTEEQGYPEAMLLEAGPEWLRAEVERLSRELSETTSEKIQAAEYGLAVLEEKQQLKQQYDDLEVEYEAVRQELDQLKEA	MSSEERGYAEAMLLEAGPVWLRAEVERLSRELSETTSEKIQAAEYGLVVLEEKQQLKQQYDDLEVEYEAVRQELDQLKEAFGQAYTNHRKVAADGESREESLIQESACKEAYYEQRVLELQNELRQTRNILTNTQSENERLVAISQEMKENGEMMELQRNQLRDDIKEYKFREGRLLQDYTELEEENISLQKQVLVLKQSQVEFEGLKHEIRRLEEDTQFLNSQLEDAIRLKEIAERQLGEALETIKTERELKTSLRKELSHYMNIGDTLYHSPLSISLDGLKFSDDATTEPNNDEALLGYENSFTKLANTINEDNRISTPKKEELFCPVPSLVDDLLSELNISEIQKLKQQLMQVGLCSHFFVTQQNCNVLRIICFCQF	1	80	1	80	4.515E-35	137	1.000	0.211
GAMAF11908	AF-A0A1A7X5S2-F1-model_v4	0.900	80	8	MSTEEQGYPEAMLLEAGPEWLRAEVERLSRELSETTSEKIQAAEYGLAVLEEKQQLKQQYDDLEVEYEAVRQELDQLKEA	MSVEEQGYPSEMLLEAGPEWLRAEIERLSRELAETTSEKIQAAEYGLAVLEEKQQVKQQYDDLEVEYDSVRQELDQLKEAFGQAYTNHRKVAADGESREESLIQESACKEAYYEQRVLELQNELRQTRNVLTNSQSEIERLTAVSQEMKENSQMVELQRNQLRDDIKEYKFRESRLLQDYTELEEENISLQKQVSVLKQSQVEFEGLKHEIRRLEEDTQFLNSQLEDAIRLKEIAERQLGEALETIKTERELKGSLRKELSHYMNIGDSLYHSPLSVSLDGLKFSDDAATEPNNDEALHEYENVFAKLASTIADDNRISTPKKEGLFHPAPSLVDDLLSELNISEIQKLKQQLMQMEREKVNLLSNLQESQKQLEQANGALSEHMEKVNRLTENLNAIRKLQASKERQSALDNEKERDSHEDGDYYEVDINGPEILECKYKVAVSEAGELKEELKTLKTEYQACQSRYEEERSRLENEVASLGEKLVTLEKTSYVDREEKAKLEKELRKLSDVAGESQGSLSVAQDELVTFSEELATLYNHVCMCNNETPNRVMLDFYKEGKGGRSSPEGRGRRSPILLTKGLFPEHGKIDLSDGAPSPVSSIPSPVSDHRREPMNIYNLVAIIRDQIKHLQLAVDRTTELSRQRVASLELGTVADKDKEACMEEILKLKSLLSTKREQIATLRTVLKANKQTAEVALANLKSKYENEKAMVTETMMKLRNELKALKEDAATFSSLRAMFATRCDEYVTQLEEMQRQLAAAEDEKKTLNSLLRMAIQQKLALTQRLEDLEFDHEQTRRGGNAGRSKARSKAASGGANNNPHVSQSLTCSVRPEPNNALPNGILGGPGIFCSEKYKIYCD	1	80	1	80	6.197E-35	136	1.000	0.093
GAMAF11908	AF-A0A2I4CLS1-F1-model_v4	0.925	81	6	MSTEEQGYPEAMLLEAGPEWLRAEVERLSRELSETTSEKIQAAEYGLAVLEEKQQLKQQYDDLEVEYEAVRQELDQLKEA	MSVEEPGYPDAMLLLEAGPEWLRAEIERLSRELSETTSEKIQAAEYGLAVLEEKQQLKQQYDDMEVEYEAVRQELDQLKEAFGQAYTNHRKVAADGESREESLIQESACKEAYYEQRVLELQNELRQSRNILANTQSENEHLVAISQDLKENSQMVELQRSQLRDDIKEYKFRESRLLQDYTELEEENISLQKQVSVLKQSQVEFEGLKHEIRRLEEDTQFLNSQLEDAIRLKEIAERQLGEALETIKTERELKASLRKELSHYMNIGDTLYHSPLSVSLDGLKFSDDAATEPNNDEALYGYENSFSKLANTITDNNRMSLPEKEELFHPAPSLVDDLLSELNISEIQKLKQQLMQMEREKVNLLSNLQDSQKQLEQANGALSEHQEKVNRLTENLNTIRKLQASKERQSALDNEKERDSHEDGDYYEVDINGPEILECKYKVAVSEAGELKEELKTLKTEYQACQSRYEEERSRLENEVTTLGGKLASLEKTSHVEREEKAKLEKELRKLSDVAGESQGSLNVAQDELVTFSEELATLYNHVCMCNNETPNRVMLDFYKEGKGGRSSPEGRGRRSPILLTKGLFPEPYRTDLGDGAHSPGSSIPSPVSDHRREPMNIYNLVAIIRDQIKHLQLAVDRTTELSRQRVASLELGTVADKDKEACMEEILKLKSVLSTKREQIATLRTVLKANKQTAEVALANLKSKYENEKAMVTETMMKLRNELKALKEDAATFSSLRAMFATRCDEYVMQLEEMQRQLAAAEDEKKTLNSLLRMAIQQKLALTQRLEDLEFDHEQTRRGGGAGRSKVRSKPTATAAGNNPHVSQSLTCSASNRPEPNNALPNGILGGPVVFCSEKYKIYCD	1	80	1	81	6.197E-35	136	1.000	0.094
GAMAF11908	AF-A0A3B4T4U3-F1-model_v4	0.901	81	8	MSTEEQGYPEAMLLEAGPEWLRAEVERLSRELSETTSEKIQAAEYGLAVLEEKQQLKQQYDDLEVEYEAVRQELDQLKEA	MSVEEQGYPDAMRLLEAGPEWMRAEIERLSRELSETTNEKIQAAEYGLAVLEEKQQLKQQYDDLEIEYEAVRQEVDQLKEAFGQAYSNHRKVAADGESREESLIQESACKEAYYEQRVLELQTDLRQARNILTNTQSENERLNTISQEMKENSQMVELQRNQLRDDIKEYKFREARLLQDYTELEEENISLQKQVSVLKQSQVEFEGLKHEIRRLEEDTQFLNSQLEDAIRLKEIAERQLGEALETIKTERELKASLRKELSHYMSIGDTLYHSPLSISLDGLKFSDDAATEPNNDEALHGYENGFTKLANAITDDNRVSTPKKEELFRPAPSLVDDLLSELNISEIQKLKQQLIQMEREKVNLLSTLQDSQKQLEQANGALSEHQEKVNRLTENLNAIRKLQASKERQSALDNEKERDSHEDGDYYEVDINGPEILECKYKVAVSEAGELKEELKTLKTEYQACQSRYDEERNRLENDVTTLGEKLSTLEKTSQAEREQKAKLEKELRKLSDVAGESQGSLSVAQDELVTFSEELATLYNHVCMCNNETPNRVMLDFYKEGKGGRSSPEGRGRRSPILLTKGLFPEPGKTDLSDGVPSPVSSLPSPVSDHRREPMNIYNLVAIIRDQIKHLQLAVDRTTELSRQRVASLELGTVADKDKEACMEEILKLKSLLSTKREQIATLRTVLKANKQTAEVALTNLKSKYENEKAMVTETMMKLRNELKALKEDAATFSSLRAMFATRCDEYVTQLDEMQRQLAAAEDEKKTLNSLLRMAIQQKLALTQRLEDLEFDHEQTRRGGNAGRAKARSKAASGTANNPH	1	80	1	81	8.506E-35	136	1.000	0.099
GAMAF11908	AF-A0A3B4XCM4-F1-model_v4	0.901	81	8	MSTEEQGYPEAMLLEAGPEWLRAEVERLSRELSETTSEKIQAAEYGLAVLEEKQQLKQQYDDLEVEYEAVRQELDQLKEA	MSVEEQGYPDAMRLLEAGPEWMRAEIERLSRELSETTNEKIQAAEYGLAVLEEKQQLKQQYDDLEIEYEAVRQEVDQLKEAFGQAYSNHRKVAADGESREESLIQESACKEAYYEQRVLELQTDLRQARNILTNTQSENERLNNISQEMKENSQMVELQRNQLRDDIKEYKFREARLLQDYTELEEENISLQKQVSVLKQSQVEFEGLKHEIRRLEEDTQFLNSQLEDAIRLKEIAERQLGEALETIKTERELKASLRKELSHYMSIGDTLYHSPLSISLDGLKFSDDAATEPNNDEALNGYENGFTKLANAITDDNRVSTPKKEELFRPAPSLVDDLLSELNISEIQKLKQQLIQMEREKVNLLSTLQDSQKQLEQANGALSEHQEKVNRLTENLNAIRKLQASKERQSALDNEKERDSHEDGDYYEVDINGPEILECKYKVAVSEAGELKEELKTLKTEYQACQSRYDEERTRLENDVTTLGEKLSTLEKTSQAEREQKAKLEKELRKLSDVAGESQGSLSVAQDELVTFSEELATLYNHVCMCNNETPNRVMLDFYKEGKGGRSSPEGRGRRSPILLTKGLFPEPGKTDLSDGVPSPVSSLPSPVSDHRREPMNIYNLVAIIRDQIKHLQLAVDRTTELSRQRVASLELGTVADKDKEACMEEILKLKSLLSTKREQIATLRTVLKANKQTAEVALTNLKSKYENEKAMVTETMMKLRNELKALKEDAATFSSLRAMFATRCDEYVTQLDEMQRQLAAAEDEKKTLNSLLRMAIQQKLALTQRLEDLEFDHEQTRRGGNAGRAKARSKAASGTANNPH	1	80	1	81	8.506E-35	136	1.000	0.099
GAMAF11908	AF-A0A3Q2CYM8-F1-model_v4	0.925	80	6	MSTEEQGYPEAMLLEAGPEWLRAEVERLSRELSETTSEKIQAAEYGLAVLEEKQQLKQQYDDLEVEYEAVRQELDQLKEA	MMSAEEQGYPAATLLEAGPEWLRAEVERLSRELSETTSEKIQAAEYGLAVLEEKQQLKQQYDDLEMEYEAVRQEMDLLKEAFGQAYTNHRKVAADGESREESLIQESAFKEAYYEQRVLELQNELRQTRNILTNTQSENERLVAISQEMKENSEVVELQRNQLRDDIKEYKFREGRLLQDYTELEEENISLQKQVSVLKQSQVEFEGLKHEIRRLEEDTQFLNSQLEDAIRLKEIAERQLGEALETIKTERELKASLRKELSNYMNIGDTLYQSPLSISLDALKFSDDATTEPNNDEALLGLENSFTKLANTINEDNRNPTAKNEELFCPVPSLVDDLLSELNISEIQKLKQQLMQMEREKVNLLSNLQDSQKQLEQANGALSEHQEKVSRLTENLNAIRKLQASKERQSALDNEKERDSHEDGDYYEVDINGPEILECKYKVAVSEAGELKEELKTLKAEYQACQSRYEEERSRLENDVRSLGDKLSNLERTTSAEREEKAKLEKELRKLSDVAGESQGSLSVAQDELVTFSEELATLYNHVCMCNNETPNRVMLDFYKEGKGGRSSPEGRGRRSPILLTKGLFPEHGRADLSDGAPSPVSSLPSPVSDHRREPMNIYNLVAIIRDQIKHLQLAVDRTTELSRQRVASLELGTVADKDKEACMEEILKLKSLLSTKREQIATLRTVLKANKQSAEVALANLKSKYENEKAMVTETMMKLRNELKALKEDAATFSSLRAMFATRCDEYVTQLEEMQRQLAAAEDEKKTLNSLLRMAIQQKLALTQRLEDLEFDHEQTRRGGNTGRAKARSKAASGAASTNPHIFSSLLPQHHHSPFN	1	80	2	81	8.506E-35	136	1.000	0.096
GAMAF11908	AF-A0A672IV96-F1-model_v4	0.913	81	7	MSTEEQGYPEAMLLEAGPEWLRAEVERLSRELSETTSEKIQAAEYGLAVLEEKQQLKQQYDDLEVEYEAVRQELDQLKEA	MSVEEQGYPDAMMLLEAAPEWLRAEIERLSRELSETTNEKIQAAEYGLAVLEEKQQLKQQYDDLEIEYEAVRQELDQLKEAFGQAHSNHRKVAADGESREESLIQESACKEAYYEQRVLELQTELRQSRNILTNTQSENERLNSITQEMRENSQMVELQRNQLRDDIKEYKFRESRLLQDYTELEEENISLQKQVLVLKQSQVEFEGLKHEIRRLEEDTQFLNSQLEDAIRLKEISERQLSEALETIKTERELKASLRKELSHYMSIGDTLYHSPLSISLDGLKFSDDAATEPNNDEALHGYENGFIKLANAITDDNRISTPKNEELFRPAPSLVDDLLSELNICEIQKLKQQLMQMEREKVNLLSNLQDSQKQLEQANGALSEHQEKVNRLTENLNAIRKLQASKERQSALDNEKERDSHEDGDYYEVDINGPEILECKYKVAVSEAGELKEELKTLKAEYQACQSRYEEERTRLENDVTTLGEKLSSLEKSSRTEKEEKAKLEKELRKLSDVAGESQGSLSVAQDELVTFSEELATLYNHVCMCNNETPNRVMLDFYKEGKGGRSSPEGRGRRSPILLTKGLFPEPGKADLSDGVPSPVSSLPSPVSDHRREPMNIYNLVAIIRDQIKHLQLAVDRTTELSRQRVASLELGAVADKDKEACMEEILKLKSLLSTKREQIATLRTVLKANKQTAEVALANLKSKYENEKAMVTETMMKLRNELKALKEDAATFSSLRAMFATRCDEYVTQLDEMQRQLAAAEDEKKTLNSLLRMAIQQKLALTQRLEDLEFDHEQTRRGGNSGRAKARKAAGGTAGNPH	1	80	1	81	1.167E-34	136	1.000	0.099
GAMAF11908	AF-A0A3P8TB97-F1-model_v4	0.901	81	8	MSTEEQGYPEAMLLEAGPEWLRAEVERLSRELSETTSEKIQAAEYGLAVLEEKQQLKQQYDDLEVEYEAVRQELDQLKEA	MSVEEQGYPDAALLLEAGPEWLRAEIERLSRELSETTNEKIQAAEYGLAVLEEKQQLKQQYDDLEIEYEAVRQELDQLKDAFGQAYSNHRKVAADGESREESLIQESACKEAYYEQRVLELQTDLRQTRNILANTQSENERLNTISQDMRENSQMVELQRNQLRDDIKEYKFRETRLLQDYTELEEENISLQKQVSVLKQSQVEFEGLKHEIRRLEEDTQFLNSQLEDAIRLKEIADRQLSEALETIKTERELKASLRKELSHYMSIGDTLYHSPLSISLDGLKFSDDAATEPNNDEALHGYENGFTKLANAIADDDNRISTPKKEDLFRPAPSLVDDLLSELNISEIQKLKQQLMQMEREKVNLLSTLQDSQKQLEQANGALCEHQEKVNRLTENLNAIRKLQASKERQSALDNEKERDSHEDGDYYEVDINGPEILECKYKVAVSEAGELKEELKTLKAEYQTCQSRYEEERNRLENDVTTLGEKLATLEKTSYVEREEKAKLEKELRKLSDVAGESQGSLSVAQDELVTFSEELATLYNHVCMCNNETPNRVMLDFYKEGKGGRSSPEGRGRRSPILLTKGLFPEPGRTDLSDGAPSPVSSLPSPVSDHRREPMNIYNLVAIIRDQIKHLQLAVDRTTELSRQRVASLELGTVADKDKEACMEEILKLKSLLSTKREQIATLRTVLKANKQTAEVALANLKSKYENEKAMVTETMMKLRNELKALKEDAATFSSLRAMFATRCDEYVTQLDEMQRQLAAAEDEKKTLNSLLRMAIQQKLALTQRLEDLEFDHEQTRRGGTAGRAKTRSKAASSTTNNPH	1	80	1	81	1.167E-34	136	1.000	0.099
GAMAF11908	AF-A0A672IV99-F1-model_v4	0.913	81	7	MSTEEQGYPEAMLLEAGPEWLRAEVERLSRELSETTSEKIQAAEYGLAVLEEKQQLKQQYDDLEVEYEAVRQELDQLKEA	MSVEEQGYPDAMMLLEAAPEWLRAEIERLSRELSETTNEKIQAAEYGLAVLEEKQQLKQQYDDLEIEYEAVRQELDQLKEAFGQAHSNHRKVAADGESREESLIQESACKEAYYEQRVLELQTELRQSRNILTNTQSENERLNSITQEMRENSQMVELQRNQLRDDIKEYKFRESRLLQDYTELEEENISLQKQVLVLKQSQVEFEGLKHEIRRLEEDTQFLNSQLEDAIRLKEISERQLSEALETIKTERELKASLRKELSHYMSIGDTLYHSISLDGLKFSDDAATEPNNDEALHGYENGFIKLANAITDDNRISTPKNEELFRPAPSLVDDLLSELNICEIQKLKQQLMQMEREKVNLLSNLQDSQKQLEQANGALSEHQEKVNRLTENLNAIRKLQASKERQSALDNEKERDSHEDGDYYEVDINGPEILECKYKVAVSEAGELKEELKTLKAEYQACQSRYEEERTRLENDVTTLGEKLSSLEKSSRTEKEEKAKLEKELRKLSDVAGESQGSLSVAQDELVTFSEELATLYNHVCMCNNETPNRVMLDFYKEGKGGRSSPEGRGRRSPILLTKGLFPEPGKADLSDGVPSPVSSLPSPVSDHRREPMNIYNLVAIIRDQIKHLQLAVDRTTELSRQRVASLELGAVADKDKEACMEEILKLKSLLSTKREQIATLRTVLKANKQTAEVALANLKSKYENEKAMVTETMMKLRNELKALKEDAATFSSLRAMFATRCDEYVTQLDEMQRQLAAAEDEKKTLNSLLRMAIQQKLALTQRLEDLEFDHEQTRRGGNSGRAKARKAAVCTRRLDCSRHIRHVEYRAPGYIGGV	1	80	1	81	1.167E-34	136	1.000	0.097
GAMAF11908	AF-A0A672IVT7-F1-model_v4	0.913	81	7	MSTEEQGYPEAMLLEAGPEWLRAEVERLSRELSETTSEKIQAAEYGLAVLEEKQQLKQQYDDLEVEYEAVRQELDQLKEA	MSVEEQGYPDAMMLLEAAPEWLRAEIERLSRELSETTNEKIQAAEYGLAVLEEKQQLKQQYDDLEIEYEAVRQELDQLKEAFGQAHSNHRKVAADGESREESLIQESACKEAYYEQRVLELQTELRQSRNILTNTQSENERLNSITQEMRENSQMVELQRNQLRDDIKEYKFRESRLLQDYTELEEENISLQKQVLVLKQSQVEFEGLKHEIRRLEEDTQFLNSQLEDAIRLKEISERQLSEALETIKTERELKASLRKELSHYMSIGDTLYHSPLSISLDGLKFSDDAATEPNNDEALHGYENGFIKLANAITDDNRISTPKNEELFRPAPSLVDDLLSELNICEIQKLKQQLMQMEREKVNLLSNLQDSQKQLEQANGALSEHQEKVNRLTENLNAIRKLQASKERQSALDNEKERDSHEDGDYYEVDINGPEILECKYKVAVSEAGELKEELKTLKAEYQACQSRYEEERTRLENDVTTLGEKLSSLEKSSRTEKEEKAKLEKELRKLSDVAGESQGSLSVAQDELVTFSEELATLYNHVCMCNNETPNRVMLDFYKEGKGGRSSPEGRGRRSPILLTKGLFPEPGKADLSDGVPSPVSSLPSPVSDHRREPMNIYNLVAIIRDQIKHLQLAVDRTTELSRQRVASLELGAVADKDKEACMEEILKLKSLLSTKREQIATLRTVLKANKQTAEVALANLKSKYENEKAMVTETMMKLRNELKALKEDAATFSSLRAMFATRCDEYVTQLDEMQRQLAAAEDEKKTLNSLLRMAIQQKLALTQRLEDLEFDHEQTRRGGNSAPRRSLASPSWRPQDRPALSGPLSNEMFTIRK	1	80	1	81	1.167E-34	136	1.000	0.097
GAMAF11908	AF-A0A3Q1B1T4-F1-model_v4	0.901	81	8	MSTEEQGYPEAMLLEAGPEWLRAEVERLSRELSETTSEKIQAAEYGLAVLEEKQQLKQQYDDLEVEYEAVRQELDQLKEA	MSVEEQGYPDAALLLEAGPEWLRAEIERLSRELSETTNEKIQAAEYGLAVLEEKQQLKQQYDDLEIEYEAVRQELDQLKDAFGQAYSNHRKVAADGESREESLIQESACKEAYYEQRVLELQTDLRQTRNILANTQSENERLNTISQDMRENSQMVELQRNQLRDDIKEYKFRETRLLQDYTELEEENISLQKQVSVLKQSQVEFEGLKHEIRRLEEDTQFLNSQLEDAIRLKEIADRQLSEALETIKTERELKASLRKELSHYMSIGDTLYHSPLSISLDGLKFSDDAATEPNNDEALHGYENGFTKLANAIADDDNRISTPKKEDLFRPAPSLVDDLLSELNISEIQKLKQQLMQMEREKVNLLSTLQDSQKQLEQANGALCEHQEKVNRLTENLNAIRKLQASKERQSALDNEKERDSHEDGDYYEVDINGPEILECKYKVAVSEAGELKEELKTLKAEYQTCQSRYEEERNRLENDVTTLGEKLATLEKTSYVEREEKAKLEKELRKLSDVAGESQGSLSVAQDELVTFSEELATLYNHVCMCNNETPNRVMLDFYKEGKGGRSSPEGRGRRSPILLTKGLFPEPGRTDLSDGAPSPVSSLPSPVSDHRREPMNIYNLVAIIRDQIKHLQLAVDRTTELSRQRVASLELGTVADKDKEACMEEILKLKSLLSTKREQIATLRTVLKANKQTAEVALANLKSKYENEKAMVTETMMKLRNELKALKEDAATFSSLRAMFATRCDEYVTQLDEMQRQLAAAEDEKKTLNSLLRMAIQQKLALTQRLEDLEFDHEQTRRGGTAGRAKTRSKAASSTTNNPHVSQSLTCSGSGRPEHNNAMPNGILGGPVVFCSEKYKIYCD	1	80	1	81	1.167E-34	136	1.000	0.094
GAMAF11908	AF-A0A672IUX5-F1-model_v4	0.913	81	7	MSTEEQGYPEAMLLEAGPEWLRAEVERLSRELSETTSEKIQAAEYGLAVLEEKQQLKQQYDDLEVEYEAVRQELDQLKEA	MSVEEQGYPDAMMLLEAAPEWLRAEIERLSRELSETTNEKIQAAEYGLAVLEEKQQLKQQYDDLEIEYEAVRQELDQLKEAFGQAHSNHRKVAADGESREESLIQESACKEAYYEQRVLELQTELRQSRNILTNTQSENERLNSITQEMRENSQMVELQRNQLRDDIKEYKFRESRLLQDYTELEEENISLQKQVLVLKQSQVEFEGLKHEIRRLEEDTQFLNSQLEDAIRLKEISERQLSEALETIKTERELKASLRKELSHYMSIGDTLPLSISLDGLKFSDDAATEPNNDEALHGYENGFIKLANAITDDNRISTPKNEELFRPAPSLVDDLLSELNICEIQKLKQQLMQMEREKVNLLSNLQDSQKQLEQANGALSEHQEKVNRLTENLNAIRKLQASKERQSALDNEKERDSHEDGDYYEVDINGPEILECKYKVAVSEAGELKEELKTLKAEYQACQSRYEEERTRLENDVTTLGEKLSSLEKSSRTEKEEKAKLEKELRKLSDVAGESQGSLSVAQDELVTFSEELATLYNHVCMCNNETPNRVMLDFYKEGKGGRSSPEGRGRRSPILLTKGLFPEPGKADLSDGVPSPVSSLPSPVSDHRREPMNIYNLVAIIRDQIKHLQLAVDRTTELSRQRVASLELGAVADKDKEACMEEILKLKSLLSTKREQIATLRTVLKANKQTAEVALANLKSKYENEKAMVTETMMKLRNELKALKEDAATFSSLRAMFATRCDEYVTQLDEMQRQLAAAEDEKKTLNSLLRMAIQQKLALTQRLEDLEFDHEQTRRGGNSGRAKARKAAGGTAGNPHVTPSAFRLGEHQCDSTQKFRTHPWAIGIAMATSGQKRSTCDHGCLFQDHFKSCDASTPIL	1	80	1	81	1.167E-34	136	1.000	0.092
GAMAF11908	AF-A0A672ISK0-F1-model_v4	0.913	81	7	MSTEEQGYPEAMLLEAGPEWLRAEVERLSRELSETTSEKIQAAEYGLAVLEEKQQLKQQYDDLEVEYEAVRQELDQLKEA	MSVEEQGYPDAMMLLEAAPEWLRAEIERLSRELSETTNEKIQAAEYGLAVLEEKQQLKQQYDDLEIEYEAVRQELDQLKEAFGQAHSNHRKVAADGESREESLIQESACKEAYYEQRVLELQTELRQSRNILTNTQSENERLNSITQEMRENSQMVELQRNQLRDDIKEYKFRESRLLQDYTELEEENISLQKQVLVLKQSQVEFEGLKHEIRRLEEDTQFLNSQLEDAIRLKEISERQLSEALETIKTERELKASLRKELSHYMSIGDTLPLSISLDGLKFSDDAATEPNNDEALHGYENGFIKLANAITDDNRISTPKNEELFRPAPSLVDDLLSELNICEIQKLKQQLMQMEREKVNLLSNLQDSQKQLEQANGALSEHQEKVNRLTENLNAIRKLQASKERQSALDNEKERDSHEDGDYYEVDINGPEILECKYKVAVSEAGELKEELKTLKAEYQACQSRYEEERTRLENDVTTLGEKLSSLEKSSRTEKEEKAKLEKELRKLSDVAGESQGSLSVAQDELVTFSEELATLYNHVCMCNNETPNRVMLDFYKEGKGGRSSPEGRGRRSPILLTKGLFPEPGKADLSDGVPSPVSSLPSPVSDHRREPMNIYNLVAIIRDQIKHLQLAVDRTTELSRQRVASLELGAVADKDKEACMEEILKLKSLLSTKREQIATLRTVLKANKQTAEVALANLKSKYENEKAMVTETMMKLRNELKALKEDAATFSSLRAMFATRCDEYVTQLDEMQRQLAAAEDEKKTLNSLLRMAIQQKLALTQRLEDLEFDHEQTRRGGNSGRAKARKAAGGTAGNPHVSQSLTCSGLPELNNSMPNGILGGPVVFCSGCKRPHGTAVYRGWGGGGGAARARRTLPALVLKSPTRSL	1	80	1	81	1.167E-34	136	1.000	0.091
GAMAF11908	AF-A0A1A8JRF4-F1-model_v4	0.900	80	8	MSTEEQGYPEAMLLEAGPEWLRAEVERLSRELSETTSEKIQAAEYGLAVLEEKQQLKQQYDDLEVEYEAVRQELDQLKEA	MSVEEQGYPTAMLLEARPEWLRAEIERLSRELAETTSEKIQAAEYGLAVLEEKQQLKQQYDDLEVEYDSVRQEMDQLKEAFGQAYTNHRKVAADGESREESLIQESACKEAYYEQRVLELQNELRQTRNILTNSQSEIERLTAISQEMKENSQMVELQRNQLRDDIKEYKFRESRLLQDYTELEEENISLQKQVLVLKQSQVEFEGLKHEIRRLEEDTQFLNSQLEDAIRLKEIAERQLGEALETIKTERELKGSLRKELSLYMNIGDSLYHSPLSVSLDGLKFSDDAATEPNNDEALHGYEDVFAKLANTIADDNRVSTPKKEGLFHPAPSLVDDLLSELNISEIQKLKQQLMQMEREKVNLLSNLQESQKQLEQANGALSEHQEKVNRLTENLNAIRKLQASKERQSALDNEKERDSHEDGDYYEVDINGLEILECKYKVAMSEAGELKEELKTLKTEYQACQSRYEEERTRLEHEVDSLGEKLFTLEKMSYVDREEKAKLEKELRKLSDVAGESQGSLSVAQDELVTFSEELATLYNHVCMCNNETPNRVMLDFYKEGKGGRNSPEGR	1	80	1	80	1.602E-34	135	1.000	0.140
GAMAF11908	AF-A0A1A8LIW7-F1-model_v4	0.900	80	8	MSTEEQGYPEAMLLEAGPEWLRAEVERLSRELSETTSEKIQAAEYGLAVLEEKQQLKQQYDDLEVEYEAVRQELDQLKEA	MSVEEQGYPTAMLLEARPEWLRAEIERLSRELAETTSEKIQAAEYGLAVLEEKQQLKQQYDDLEVEYDSVRQEMDQLKEAFGQAYTNHRKVAADGESREESLIQESACKEAYYEQRVLELQNELRQTRNILTNSQSEIERLTAISQEMKESSQMVELQRNQLRDDIKEYKFRESRLLQDYTELEEENISLQKQVLVLKQSQVEFEGLKHEIRRLEEDTQFLNSQLEDAIRLKEIAERQLGEALETIKTERELKGSLRKELSLYMNIGDSLYHSPLSVSLDGLKFSDDAATEPNNDEALHGYENVFAKLANTIADDNRVSTPKKEGLFHPAPSLVDDLLSELNISEIQKLKQQLMQMEREKVNLLSNLQESQKQLEQANGALSEHQEKVNRLTENLNAIRKLQASKERQSALDNEKERDSHEDGDYYEVDINGLEILECKYKVAVSEAGELKEELKTLKTEYQACQSRYEEERTRLEHEVDSLGEKLFTLEKMSYVDREEKAKLEKELRKLSDVAGESQGSLSVAQDELVTFSEELATLYNHVCMCNNETPNRVMLDFYKEGKGGRNSPEGRDRRSPILLTKGLFPEHGKTDLSDGAPSPVSSIPSPVSDHRREPMNIYNLVAIIRDQIKHLQLAVDRTTELSRQRVASLELGTVADKDKEACMEEILKLKSLLSTKREQIATLRTVLKANKQTAEVALANLKSKYENEKAMVTETMMKLR	1	80	1	80	1.602E-34	135	1.000	0.111
GAMAF11908	AF-A0A1A8ILV4-F1-model_v4	0.900	80	8	MSTEEQGYPEAMLLEAGPEWLRAEVERLSRELSETTSEKIQAAEYGLAVLEEKQQLKQQYDDLEVEYEAVRQELDQLKEA	MSVEEQGYPTAMLLEARPEWLRAEIERLSRELAETTSEKIQAAEYGLAVLEEKQQLKQQYDDLEVEYDSVRQEMDQLKEAFGQAYTNHRKVAADGESREESLIQESACKEAYYEQRVLELQNELRQTRNILTNSQSEIERLTAISQEMKENSQMVELQRNQLRDDIKEYKFRESRLLQDYTELEEENISLQKQVLVLKQSQVEFEGLKHEIRRLEEDTQFLNSQLEDAIRLKEIAERQLGEALETIKTERELKGSLRKELSLYMNIGDSLYHSPLSVSLDGLKFSDDAATEPNNDEALHGYEDVFAKLANTIADDNRVSTPKKEGLFHPAPSLVDDLLSELNISEIQKLKQQLMQMEREKVNLLSNLQESQKQLEQANGALSEHQEKVNRLTENLNAIRKLQASKERQSALDNEKERDSHEDGDYYEVDINGLEILECKYKVAMSEAGELKEELKTLKTEYQACQSRYEEERTRLEHEVDSLGEKLFTLEKMSYVDREEKAKLEKELRKLSDVAGESQGSLSVAQDELVTFSEELATLYNHVCMCNNETPNRVMLDFYKEGKGGRNSPEGRDRRSPILLTKGLFPEHGKTDLSDGAPSPVSSIPSPVSDHRREPMNIYNLVAIIRDQIKHLQLAVDRTTELSRQRVASLELGTVADKDKEACMEEILKLKSLLSTKREQIATLRTVLKANKQTAEVALANLKSKYENEKAMVTETMMKLRN	1	80	1	80	1.602E-34	135	1.000	0.111
GAMAF11908	AF-A0A3Q3ARM2-F1-model_v4	0.901	81	8	MSTEEQGYPEAMLLEAGPEWLRAEVERLSRELSETTSEKIQAAEYGLAVLEEKQQLKQQYDDLEVEYEAVRQELDQLKEA	MSVEEQGYPDAMLLLEAGPEWLRAEIKRLSRELTETTSEKIQAAEYGLAVLEEKQQLKQQYDDLEMEYEAIRQELDQLKEAFGQAYTNHRKVAADGESREESLIQESACKEAYYEQRVLELQNELRQARNGLANTQFENERLSAISQDMKENSQVVELQRNQLRDDIKEYKFRESRLLQDYTELEEENISLQKQVSVLKQSQVEFEGLKHEIRRLEEDTQFLNSQLEDAIRLKEIAERQLGEALETIKTERELKASLRKELSHYMNIGDTLYHSPLSVSLDGLKFSDDAATEPNNDEALHGYENGFSKLASTITDDNRMSTPSKEELFHPAPSLVDDLLSELNISEIQKLKQQLMQMEREKVNLLSNLQDSQKQLEQANWALSEHQEKVNRLTENLNAIRKLQASKERQSALDNEKERDSHEDGDYYEVDINGPEILECKYKVAVSEAGELKEELKTLKTEYQACQSRYEEERTRLENEVTTLGDKLATLEKTSHADREEKVKLEKELRKLSDVAGESQGSLSVAQDELVTFSEELATLYNHVCMCNNETPNRVMLDFYKEGKGGRSSPEGRGRRSPILLTKGLFPEPYKTDFGDGIPSPGSSIPSPVSDHRREPMNIYNLVAIIRDQIKHLQLAVDRTTELSRQRVASLELGTVADKDKEACMEEILKLKSLLSTKREQIATLRTVLKANKQTAEVALANLKSKYENEKAMVTETMMKLRNELKALKEDAATFSSLRAMFATRCDEYVTQLEEMQRQLAASEDEKKTLNSLLRMAIQQKLALTQRLEDLEFDHEQTRRGGGAGRAKARSKPAGSHPHVSQSLTCSGSGRPEPNNALPNGILGGPVNFCSEKYKIYCD	1	80	1	81	1.602E-34	135	1.000	0.094
GAMAF11908	AF-A0A1A8HD37-F1-model_v4	0.900	80	8	MSTEEQGYPEAMLLEAGPEWLRAEVERLSRELSETTSEKIQAAEYGLAVLEEKQQLKQQYDDLEVEYEAVRQELDQLKEA	MSVEEQGYPTAMLLEARPEWLRAEIERLSRELTETTSEKIQAAEYGLAVLEEKQQLKQQYDDLEVEYDSVRQEMDQLKEAFGQAYTNHRKVAADGESREESLIQESACKEAYYEQRVLELQNELRQTRNILTNSQSEIERLTAISQEMKENSQMVELQRNQLRDDIKEYKFRESRLLQDYTELEEENISLQKQVLVLKQSQVEFEGLKHEIRRLEEDTQFLNSQLEDAIRLKEIAERQLGEALETIKTERELKGSLRKELSLYMNIGDSLYHSPLSVSLDGLKFSDDAATEPNNDEALHGYENVFAKLANTIADDNRVSTPKKEGLFHPAPSLVDDLLSELNISEIQKLKQQLMQMEREKVNLLSNLQESQKQLEQANGALSEHQEKVNRLTENLNAIRKLQASKERQSALDNEKERDSHEDGDYYEVDINGLEILECKYKVAVSEAGELKEELKTLKTEYQACQSRYEEERTRLEHEVDSLGEKLFTLEKMSYVDREEKAKLEKELRKLSDVAGESQGSLSVAQDELVTFSEELATLYNHVCMCNNETPNRVMLDFYKEGKGGRSSPEGRDRRSPILLTKGLFPEHGKTDLSDGAPSPVSSIPSPVSDHRREPMNVYNLVAIIRDQIKHLQLAVDRTTELSRQRVASLELGTVADKDKEACMEEILKLKSLLSTKREQIATLRTVLKANKQTAEVALANLKSKYENEKAMVTETMMKLRNELKALKEDAATFSSLRVMFASRCDQYVTQLDEMQRQLAAAEDEKKTLNSLLRMAIQQKLALTQRLEDLEAPQYPHSLNSSPRRSRAKELANKSGRAPRSPRSSPARPQLRSSSRASPVLGSSVPASATHHLRALTRSLNTSPR	1	80	1	80	1.602E-34	135	1.000	0.093
GAMAF11908	AF-A0A3Q2NS93-F1-model_v4	0.925	80	6	MSTEEQGYPEAMLLEAGPEWLRAEVERLSRELSETTSEKIQAAEYGLAVLEEKQQLKQQYDDLEVEYEAVRQELDQLKEA	MSAEEQGYPRATLLEARPEWLRAEVERLSRELSETTGEKIQAAEYGLAVLEEKQQLKQQYEDLEVEYEAVRQELDQLKEAFGQAYTNHRKVAADGESREESLIQESACKEAYYERRVLELQKELRQTRNILTNTQSENERLVAISQEIKENGEMVELQRNQLRDDIKEYKFREGRLLQDYTELEEENISLQKQVSALKQSQVEFEGLKHEIRRLEEDTQFLNSQLEDAIRLKEIAERQLGEALETIKTERELKTSLRKELSHYMNIGDTLYHSISLDGLKFSDDAATEPNNDQALLGYENSFTKLADTINEDNRTFTPKEEEEELFCPVPSLVDDLLSELNISEIQKLKQQLMQMEREKVNLLSNLQDSQKQLEQANGALSEHQEKVSRLTENLNAIRKLQASKERQSALDNEKERDSHEDGDYYEVDINGPEILECKYKVAVSEAGELKEELKTLKAEYQACQSRYEEERSRLESDVRSLGDKLSSLERTTSAEREEKAKLEKELRKLSDVAGESQGSLSVAQDELVTFSEELATLYNHVCMCNNETPNRVMLDFYKEGKGGRSSPEGRGRRSPILLTKGLFPEHGRADLSDGAPSPVSSLPSPVADHRREPMNIYNLVAIIRDQIKHLQLAVDRTTELSRQRVASLELGTVADKDKEACMEEILKLKSLLSTKREQIATLRTVLKANKQSAEVALANLKSKYENEKAMVTETMMKLRNELKALKEDAATFSSLRAMFATRCDEYVTQLEEMQRQLAAAEDEKKTLNSLLRMAIQQKLALTQRLEDLEFDHEQTRRGGNAGRSKARSKAAAAAGKPHVSQSLTCSGSGRPELNNAMPNGILGGPAVFCSEKYKIYCD	1	80	1	80	2.199E-34	135	1.000	0.093
GAMAF11908	AF-A0A4W6EPH9-F1-model_v4	0.901	81	8	MSTEEQGYPEAMLLEAGPEWLRAEVERLSRELSETTSEKIQAAEYGLAVLEEKQQLKQQYDDLEVEYEAVRQELDQLKEA	MSVEEQGYPDAMLLLEAAPEWVRAEIERLSRELSETTNEKIQAAEYGLAVLEEKQQLKQQYDDLEMEYEAVRQELDQLKEAFGQAYSNHRKVAADGESREESLIQESACKEAYYEQRVLELQTELRQARNILTNTQSENERLNTISQEMRENSQMVELQRNQLRDDIKEYKFREARLLQDYTELEEENISLQKQVSMLKQSQVEFEGLKHEIRRLEEDTQFLNSQLEDAIRLKEIAERQLGEALETIKTERELKASLRKELSHYMSIGDTLYHSPLSISLDGLKFSDDAATEPNNDEALHGYENGFTKLVNAITDDNRVSTPKKEELFHPAPSLVDNLLSELNISEIQKLKQQLMQMEREKVNLLSTLQDSQKQLEQANGALSEHQEKVNRLTENLNAIRKLQASKERQSALDNEKERDSHEDGDYYEVDINGPEILECKYKVAVSEAGELKEELKTLKAEYQACQSRYEEERNRLENDVTTLGEKLATLEKTSLTEREEKAKLEKELRKLSDVAGESQGSLSVAQDELVTFSEELATLYNHVCMCNNETPNRVMLDFYKEGKGGRSSPEGRGRRSPILLTKGLFPEPGKTDLSDGAPSPVSSLPSPVSDHRREPMNIYNLVAIIRDQIKHLQLAVDRTTELSRQRVASLELGTVADKDKEACMEEILKLKSLLSTKREQIATLRTVLKANKQTAEVALTNLKSKYENEKAMVTETMMKLRNELKALKEDAATFSSLRAMFATRCDEYVTQLDEMQRQLAAAEDEKKTLNSLLRMAIQQKLALTQRLEDLEFDHEQTRRGGNTGRAKTRSKAAAGTANNPH	1	80	1	81	5.687E-34	134	1.000	0.099
GAMAF11908	AF-A0A4W6EQD2-F1-model_v4	0.901	81	8	MSTEEQGYPEAMLLEAGPEWLRAEVERLSRELSETTSEKIQAAEYGLAVLEEKQQLKQQYDDLEVEYEAVRQELDQLKEA	MSVEEQGYPDAMLLLEAAPEWVRAEIERLSRELSETTNEKIQAAEYGLAVLEEKQQLKQQYDDLEMEYEAVRQELDQLKEAFGQAYSNHRKVAADGESREESLIQESACKEAYYEQRVLELQTELRQARNILTNTQSENERLNTISQEMRENSQMVELQRNQLRDDIKEYKFREARLLQDYTELEEENISLQKQVSMLKQSQVEFEGLKHEIRRLEEDTQFLNSQLEDAIRLKEIAERQLGEALETIKTERELKASLRKELSHYMSIGDTLYHSPLSISLDGLKFSDDAATEPNNDEALHGYENGFTKLVNAITDDNRVSTPKKEELFHPAPSLVDNLLSELNISEIQKLKQQLMQMEREKVNLLSTLQDSQKQLEQANGALSEHQEKVNRLTENLNAIRKLQASKERQSALDNEKERDSHEDGDYYEVDINGPEILECKYKVAVSEAGELKEELKTLKAEYQACQSRYEEERNRLENDVTTLGEKLATLEKTSLTEREEKAKLEKELRKLSDVAGESQGSLSVAQDELVTFSEELATLYNHVCMCNNETPNRVMLDFYKEGKGGRSSPEGRGRRSPILLTKGLFPEPGKTDLSDGAPSPVSSLPSPVSDHRREPMNIYNLVAIIRDQIKHLQLAVDRTTELSRQRVASLELGTVADKDKEACMEEILKLKSLLSTKREQIATLRTVLKANKQTAEVALTNLKSKYENEKAMVTETMMKLRNELKALKEDAATFSSLRAMFATRCDEYVTQLDEMQRQLAAAEDEKKTLNSLLRMAIQQKLALTQRLEDLEFDHEQTRRGGNTGRAKTRSKAAAGTANNPHIVSSLLPQHHHSPFN	1	80	1	81	5.687E-34	134	1.000	0.097
