HAPBU22127	AF-A0A3B4FAV3-F1-model_v4	1.000	80	0	MSVEEQGYPDAVLLMEAGPEWLRAEIGRLSRELSETTNEKIQAAEYGLAVLEEKQQLKQQYEDLEIEYEAVRQELDQLKE	MSVEEQGYPDAVLLMEAGPEWLRAEIGRLSRELSETTNEKIQAAEYGLAVLEEKQQLKQQYEDLEIEYEAVRQELDQLKEAFGQAYSNHRKVAADGESREESLIQESACKEAYYEQRVLELQNELRQTRNILTNTQSENERLNAISQDLRESSQMVELQRNQLRDDIKEYKFRESRLLQDYTELEEENISLQKQVSMLKQSQVEFEGLKHEIRRLEEDTQFLNSQLEDAIRLKEIAERQLSEALETIKTERELKASLRKELSHYMNIGDTLYNSPLSISLDGLKFSDDAATEPNNDEALHGYENGFIKLANAITDDNRIPMPKKEELFRPVPSLVDDLLSELNISEIQKLKQQLMQMEREKVNLMSTLQDSQKQLEQANGALSEHQEKVNRLTENLNAIRKLQASKERQSALDNEKERDSHEDVDYYEVDINGPEILECKYKVAVSEAGELKEELKTLKAEYQACQSRYEEERTRLATDVTTLKENLTTLEKTSHAEREEKAKLEKELRKVSDVAGESQGSLSVAQDELVTFSEELATLYNHVCMCNNETPNRVMLDFYKEGKGGRSSPEGRGRRSPILLTKGLFPEPSKTDLSDGAPSPISSLPSPVSDHRREPMNIYNLVAIIRDQIKHLQLAVDRTTELSRQRVASLELGTVADKDKEACMEEILKLKSLLSTKREQIATLRTVLKANKQTAEVALANLKSKYENEKAMVTETMMKLRNELKALKEDAATFSSLRAMFATRCDEYVTQLDEMQRQLAAAEDEKKTLNSLLRMAIQQKLALTQRLEDLEFDHEQTRRGGNAGRLAPPASPLTL	1	80	1	80	1.798E-39	149	1.000	0.098
HAPBU22127	AF-A0A3P9DIP5-F1-model_v4	1.000	80	0	MSVEEQGYPDAVLLMEAGPEWLRAEIGRLSRELSETTNEKIQAAEYGLAVLEEKQQLKQQYEDLEIEYEAVRQELDQLKE	MSVEEQGYPDAVLLMEAGPEWLRAEIGRLSRELSETTNEKIQAAEYGLAVLEEKQQLKQQYEDLEIEYEAVRQELDQLKEAFGQAYSNHRKVAADGESREESLIQESACKEAYYEQRVLELQNELRQTRNILTNTQSENERLNAISQDLRESSQMVELQRNQLRDDIKEYKFRESRLLQDYTELEEENISLQKQVSMLKQSQVEFEGLKHEIRRLEEDTQFLNSQLEDAIRLKEIAERQLSEALETIKTERELKASLRKELSHYMNIGDTLYNSPLSISLDGLKFSDDAATEPNNDEALHGYENGFIKLANAITDDNRIPMPKKEELFRPVPSLVDDLLSELNISEIQKLKQQLMQMEREKVNLMSTLQDSQKQLEQANGALSEHQEKVNRLTENLNAIRKLQASKERQSALDNEKERDSHEDVDYYEVDINGPEILECKYKVAVSEAGELKEELKTLKAEYQACQSRYEEERTRLATDVTTLKENLTTLEKTSHAEREEKAKLEKELRKVSDVAGESQGSLSVAQDELVTFSEELATLYNHVCMCNNETPNRVMLDFYKEGKGGRSSPEGRGRRSPILLTKGLFPEPSKTDLSDGAPSPISSLPSPVSDHRREPMNIYNLVAIIRDQIKHLQLAVDRTTELSRQRVASLELGTVADKDKEACMEEILKLKSLLSTKREQIATLRTVLKANKQTAEVALANLKSKYENEKAMVTETMMKLRNELKALKEDAATFSSLRAMFATRCDEYVTQLDEMQRQLAAAEDEKKTLNSLLRMAIQQKLALTQRLEDLEFDHEQTRRGGNAGRLAPPASPLTL	1	80	1	80	1.798E-39	149	1.000	0.098
HAPBU22127	AF-A0A3Q2X5K8-F1-model_v4	1.000	80	0	MSVEEQGYPDAVLLMEAGPEWLRAEIGRLSRELSETTNEKIQAAEYGLAVLEEKQQLKQQYEDLEIEYEAVRQELDQLKE	MSVEEQGYPDAVLLMEAGPEWLRAEIGRLSRELSETTNEKIQAAEYGLAVLEEKQQLKQQYEDLEIEYEAVRQELDQLKEAFGQAYSNHRKVAADGESREESLIQESACKEAYYEQRVLELQNELRQTRNILTNTQSENERLNAISQDLRESSQMVELQRNQLRDDIKEYKFRESRLLQDYTELEEENISLQKQVSMLKQSQVEFEGLKHEIRRLEEDTQFLNSQLEDAIRLKEIAERQLSEALETIKTERELKASLRKELSHYMNIGDTLPLSISLDGLKFSDDAATEPNNDEALHGYENGFIKLANAITDDNRIPMPKKEELFRPVPSLVDDLLSELNISEIQKLKQQLMQMEREKVNLMSTLQDSQKQLEQANGALSEHQEKVNRLTENLNAIRKLQASKERQSALDNEKERDSHEDVDYYEVDINGPEILECKYKVAVSEAGELKEELKTLKAEYQACQSRYEEERTRLATDVTTLKENLTTLEKTSHAEREEKAKLEKELRKVSDVAGESQGSLSVAQDELVTFSEELATLYNHVCMCNNETPNRVMLDFYKEGKGGRSSPEGRGRRSPILLTKGLFPEPSKTDLSDGAPSPISSLPSPVSDHRREPMNIYNLVAIIRDQIKHLQLAVDRTTELSRQRVASLELGTVADKDKEACMEEILKLKSLLSTKREQIATLRTVLKANKQTAEVALANLKSKYENEKAMVTETMMKLRNELKALKEDAATFSSLRAMFATRCDEYVTQLDEMQRQLAAAEDEKKTLNSLLRMAIQQKLALTQRLEDLEFDHEQTRRGGNAGRAKAPPTSPLSFTSHDASCF	1	80	1	80	1.798E-39	149	1.000	0.097
HAPBU22127	AF-A0A3Q2X4E4-F1-model_v4	1.000	80	0	MSVEEQGYPDAVLLMEAGPEWLRAEIGRLSRELSETTNEKIQAAEYGLAVLEEKQQLKQQYEDLEIEYEAVRQELDQLKE	MSVEEQGYPDAVLLMEAGPEWLRAEIGRLSRELSETTNEKIQAAEYGLAVLEEKQQLKQQYEDLEIEYEAVRQELDQLKEAFGQAYSNHRKVAADGESREESLIQESACKEAYYEQRVLELQNELRQTRNILTNTQSENERLNAISQDLRESSQMVELQRNQLRDDIKEYKFRESRLLQDYTELEEENISLQKQVSMLKQSQVEFEGLKHEIRRLEEDTQFLNSQLEDAIRLKEIAERQLSEALETIKTERELKASLRKELSHYMNIGDTLYNSPLSISLDGLKFSDDAATEPNNDEALHGYENGFIKLANAITDDNRIPMPKKEELFRPVPSLVDDLLSELNISEIQKLKQQLMQMEREKVNLMSTLQDSQKQLEQANGALSEHQEKVNRLTENLNAIRKLQASKERQSALDNEKERDSHEDVDYYEVDINGPEILECKYKVAVSEAGELKEELKTLKAEYQACQSRYEEERTRLATDVTTLKENLTTLEKTSHAEREEKAKLEKELRKLSDVAGESQGSLSVAQDELVTFSEELATLYNHVCMCNNETPNRVMLDFYKEGKGGRSSPEGRGRRSPILLTKGLFPEPSKTDLSDGAPSPISSLPSPVSDHRREPMNIYNLVAIIRDQIKHLQLAVDRTTELSRQRVASLELGTVADKDKEACMEEILKLKSLLSTKREQIATLRTVLKANKQTAEVALANLKSKYENEKAMVTETMMKLRNELKALKEDAATFSSLRAMFATRCDEYVTQLDEMQRQLAAAEDEKKTLNSLLRMAIQQKLALTQRLEDLEFDHEQTRRGGNAGRAKARSKAAGTASTTATTTTTTNNPH	1	80	1	80	1.798E-39	149	1.000	0.096
HAPBU22127	AF-A0A3P9DJS6-F1-model_v4	1.000	80	0	MSVEEQGYPDAVLLMEAGPEWLRAEIGRLSRELSETTNEKIQAAEYGLAVLEEKQQLKQQYEDLEIEYEAVRQELDQLKE	MSVEEQGYPDAVLLMEAGPEWLRAEIGRLSRELSETTNEKIQAAEYGLAVLEEKQQLKQQYEDLEIEYEAVRQELDQLKEAFGQAYSNHRKVAADGESREESLIQESACKEAYYEQRVLELQNELRQTRNILTNTQSENERLNAISQDLRESSQMVELQRNQLRDDIKEYKFRESRLLQDYTELEEENISLQKQVSMLKQSQVEFEGLKHEIRRLEEDTQFLNSQLEDAIRLKEIAERQLSEALETIKTERELKASLRKELSHYMNIGDTLYNSPLSISLDGLKFSDDAATEPNNDEALHGYENGFIKLANAITDDNRIPMPKKEELFRPVPSLVDDLLSELNISEIQKLKQQLMQMEREKVNLMSTLQDSQKQLEQANGALSEHQEKVNRLTENLNAIRKLQASKERQSALDNEKERDSHEDVDYYEVDINGPEILECKYKVAVSEAGELKEELKTLKAEYQACQSRYEEERTRLATDVTTLKENLTTLEKTSHAEREEKAKLEKELRKLSDVAGESQGSLSVAQDELVTFSEELATLYNHVCMCNNETPNRVMLDFYKEGKGGRSSPEGRGRRSPILLTKGLFPEPSKTDLSDGAPSPISSLPSPVSDHRREPMNIYNLVAIIRDQIKHLQLAVDRTTELSRQRVASLELGTVADKDKEACMEEILKLKSLLSTKREQIATLRTVLKANKQTAEVALANLKSKYENEKAMVTETMMKLRNELKALKEDAATFSSLRAMFATRCDEYVTQLDEMQRQLAAAEDEKKTLNSLLRMAIQQKLALTQRLEDLEFDHEQTRRGGNAGRAKARSKAAGTASAAAAATTTTNNPH	1	80	1	80	1.798E-39	149	1.000	0.096
HAPBU22127	AF-A0A3Q3CDM9-F1-model_v4	1.000	80	0	MSVEEQGYPDAVLLMEAGPEWLRAEIGRLSRELSETTNEKIQAAEYGLAVLEEKQQLKQQYEDLEIEYEAVRQELDQLKE	MSVEEQGYPDAVLLMEAGPEWLRAEIGRLSRELSETTNEKIQAAEYGLAVLEEKQQLKQQYEDLEIEYEAVRQELDQLKEAFGQAYSNHRKVAADGESREESLIQESACKEAYYEQRVLELQNELRQTRNILTNTQSENERLNAISQDLRESSQMVELQRNQLRDDIKEYKFRESRLLQDYTELEEENISLQKQVSMLKQSQVEFEGLKHEIRRLEEDTQFLNSQLEDAIRLKEIAERQLSEALETIKTERELKASLRKELSHYMNIGDTLYNSPLSISLDGLKFSDDAATEPNNDEALHGYENGFIKLANAITDDNRIPMPKKEELFRPVPSLVDDLLSELNISEIQKLKQQLMQMEREKVNLMSTLQDSQKQLEQANGALSEHQEKVNRLTENLNAIRKLQASKERQSALDNEKERDSHEDVDYYEVDINGPEILECKYKVAVSEAGELKEELKTLKAEYQACQSRYEEERTRLATDVTTLKENLTTLEKTSHAEREEKAKLEKELRKLSDVAGESQGSLSVAQDELVTFSEELATLYNHVCMCNNETPNRVMLDFYKEGKGGRSSPEGRGRRSPILLTKGLFPEPSKTDLSDGAPSPISSLPSPVSDHRREPMNIYNLVAIIRDQIKHLQLAVDRTTELSRQRVASLELGTVADKDKEACMEEILKLKSLLSTKREQIATLRTVLKANKQTAEVALANLKSKYENEKAMVTETMMKLRNELKALKEDAATFSSLRAMFATRCDEYVTQLDEMQRQLAAAEDEKKTLNSLLRMAIQQKLALTQRLEDLEFDHEQTRRGGNAGRAKARSKAAGTASTTATTTTTTNNPHIVSSLLPQHHHSPFN	1	80	1	80	1.798E-39	149	1.000	0.095
HAPBU22127	AF-A0A3B4FBJ6-F1-model_v4	1.000	80	0	MSVEEQGYPDAVLLMEAGPEWLRAEIGRLSRELSETTNEKIQAAEYGLAVLEEKQQLKQQYEDLEIEYEAVRQELDQLKE	MSVEEQGYPDAVLLMEAGPEWLRAEIGRLSRELSETTNEKIQAAEYGLAVLEEKQQLKQQYEDLEIEYEAVRQELDQLKEAFGQAYSNHRKVAADGESREESLIQESACKEAYYEQRVLELQNELRQTRNILTNTQSENERLNAISQDLRESSQMVELQRNQLRDDIKEYKFRESRLLQDYTELEEENISLQKQVSMLKQSQVEFEGLKHEIRRLEEDTQFLNSQLEDAIRLKEIAERQLSEALETIKTERELKASLRKELSHYMNIGDTLYNSPLSISLDGLKFSDDAATEPNNDEALHGYENGFIKLANAITDDNRIPMPKKEELFRPVPSLVDDLLSELNISEIQKLKQQLMQMEREKVNLMSTLQDSQKQLEQANGALSEHQEKVNRLTENLNAIRKLQASKERQSALDNEKERDSHEDVDYYEVDINGPEILECKYKVAVSEAGELKEELKTLKAEYQACQSRYEEERTRLATDVTTLKENLTTLEKTSHAEREEKAKLEKELRKLSDVAGESQGSLSVAQDELVTFSEELATLYNHVCMCNNETPNRVMLDFYKEGKGGRSSPEGRGRRSPILLTKGLFPEPSKTDLSDGAPSPISSLPSPVSDHRREPMNIYNLVAIIRDQIKHLQLAVDRTTELSRQRVASLELGTVADKDKEACMEEILKLKSLLSTKREQIATLRTVLKANKQTAEVALANLKSKYENEKAMVTETMMKLRNELKALKEDAATFSSLRAMFATRCDEYVTQLDEMQRQLAAAEDEKKTLNSLLRMAIQQKLALTQRLEDLEFDHEQTRRGGNAGRAKARSKAAGTASAAAATTTTNNPHVSQSLTCSVSGRPEHSSSVPSGILGGPVVFCSEKYKIYCD	1	80	1	80	1.798E-39	149	1.000	0.092
HAPBU22127	AF-A0A3Q0R481-F1-model_v4	0.975	80	2	MSVEEQGYPDAVLLMEAGPEWLRAEIGRLSRELSETTNEKIQAAEYGLAVLEEKQQLKQQYEDLEIEYEAVRQELDQLKE	MSVEEQGYPDAVLLMEAGPEWLRAEIGRLSRELSETTNEKIQAAEYGLAVLEEKQQLKQQYEDLEMEYEAVRQELDQLREAFGQAYSNHRKVAADGESREESLIQESACKEAYYERRVLELQNEVRQTRNILTNTQSENERLNAITQELRENSQMVELQRNQLRDDIKEYKFREARLLQDYTELEEENISLQKQVSVLKQSQVEFEGLKHEIRRLEEDTQFLNSQLEDAIRLKEIAERQLSEALETIKTERELKASLRKELSHYMSIGDTLYHSPLSISLDGLKFSDDAATEPNNDEALHGYENGFTKLANAIADDNRISTPKKDELFCPVPSLVDDLLSELNISEIQKLKQQLMQMEREKVNLVSTLQDSQKQLEQANGALSEHQEKVNRLTENLNAIRKLQASKERQSALDNEKERDSHEDVDYYEVDINGPEILECKYKVAVSEAGELKEELKTLKAEYQACQSRYEDERTRLANDVTTLKETLATLEKTSHAEKEEKAKLEKELRKLSDVAGESQGSLSVAQDELVTFSEELATLYNHVCMCNNETPNRVMLDFYKEGKGGRSSPEGRGRRSPILLAKGLFPEPGKTDLSDGAPSPISSLPSPVSDHRREPMNIYNLVAIIRDQIKHLQLAVDRTTELSRQRVASLELGTVADKDKEACMEEILKLKSLLSTKREQIATLRTVLKANKQTAEVALANLKSKYENEKAMVTETMMKLRNELKALKEDAATFSSLRAMFATRCDEYVTQLDEMQRQLAAAEDEKKTLNSLLRMAIQQKLALTQRLEDLEFDHEQTRRGGNAGRSKARSKAASSAASANSNPHVSQSLTCAGLGRPEHSSSVPNGILGGPVVFCSEKYKIYCD	1	80	1	80	1.201E-38	147	1.000	0.093
HAPBU22127	AF-A0A3Q4GKW7-F1-model_v4	0.987	80	1	MSVEEQGYPDAVLLMEAGPEWLRAEIGRLSRELSETTNEKIQAAEYGLAVLEEKQQLKQQYEDLEIEYEAVRQELDQLKE	MSVEEQGYPDAVLLMEADPEWLRAEIGRLSRELSETTNEKIQAAEYGLAVLEEKQQLKQQYEDLEIEYEAVRQELDQLKEVEDHFVRTD	1	80	1	80	1.649E-38	147	1.000	0.899
HAPBU22127	AF-A0A669EK75-F1-model_v4	0.975	80	2	MSVEEQGYPDAVLLMEAGPEWLRAEIGRLSRELSETTNEKIQAAEYGLAVLEEKQQLKQQYEDLEIEYEAVRQELDQLKE	MSVEEQGYPDAVLLMEAAPEWLRAEIGRLSRELSETTNEKIQAAEYGLAVLEEKQQLKQQYEDLEMEYEAVRQELDQLKEAFGQAYSNHRKVAADGESREESLIQESACKEAYYEQRVLELQNELRQTRNILTNTQSENERLNAISQDLRESSQMVELQRNQLRDDIKEYKFRESRLLQDYTELEEENISLQKQVSMLKQSQVEFEGLKHEIRRLEEDTQFLNSQLEDAIRLKEIAERQLSEALETIKTERELKASLRKELSHYMNIGDTLYNSPLSISLDGLKFSDDAATEPNNDEALHGYENGFIKLANAITDDNRISMPKKEELFRPVPSLVDDLLSELNISEIQKLKQQLMQMEREKVNLMSTLQDSQKQLEQANGALSEHQEKVNRLTENLNAIRKLQASKERQSALDNEKERDSHEDVDYYEVDINGPEILECKYKVAVSEAGELKEELKTLKAEYQACQSRYEEERTRLATDVTTLKENLATLEKTSHVEREEKAKLEKELRKLSDVAGESQGSLSVAQDELVTFSEELATLYNHVCMCNNETPNRVMLDFYKEGKGGRSSPEGRGRRSPSSPSPISSLPSPVSDHRREPMNIYNLVAIIRDQIKHLQLAVDRTTELSRQRVASLELGTVADKDKEACMEEILKLKSLLSTKREQIATLRTVLKANKQTAEVALANLKSKYENEKAMVTETMMKLRNELKALKEDAATFSSLRAMFATRCDEYVTQLDEMQRQLAAAEDEKKTLNSLLRMAIQQKLALTQRLEDLEFDHEQTRRGGEGAHGPKPSLP	1	80	1	80	3.106E-38	146	1.000	0.101
HAPBU22127	AF-A0A668VWE4-F1-model_v4	0.975	80	2	MSVEEQGYPDAVLLMEAGPEWLRAEIGRLSRELSETTNEKIQAAEYGLAVLEEKQQLKQQYEDLEIEYEAVRQELDQLKE	MSVEEQGYPDAVLLMEAAPEWLRAEIGRLSRELSETTNEKIQAAEYGLAVLEEKQQLKQQYEDLEMEYEAVRQELDQLKEAFGQAYSNHRKVAADGESREESLIQESACKEAYYEQRVLELQNELRQTRNILTNTQSENERLNAISQDLRESSQMVELQRNQLRDDIKEYKFRESRLLQDYTELEEENISLQKQVSMLKQSQVEFEGLKHEIRRLEEDTQFLNSQLEDAIRLKEIAERQLSEALETIKTERELKASLRKELSHYMNIGDTLYNSPLSISLDGLKFSDDAATEPNNDEALHGYENGFIKLANAITDDNRISMPKKEELFRPVPSLVDDLLSELNISEIQKLKQQLMQMEREKVNLMSTLQDSQKQLEQANGALSEHQEKVNRLTENLNAIRKLQASKERQSALDNEKERDSHEDVDYYEVDINGPEILECKYKVAVSEAGELKEELKTLKAEYQACQSRYEEERTRLATDVTTLKDNLATLEKTSHVEREEKAKLEKELRKLSDVAGESQGSLSVAQDELVTFSEELATLYNHVCMCNNETPNRVMLDFYKEGKGGRSSPEGRGRRSPILLTKGLFPEPSKTDLSDGAPSPISSLPSPVSDHRREPMNIYNLVAIIRDQIKHLQLAVDRTTELSRQRVASLELGTVADKDKEACMEEILKLKSLLSTKREQIATLRTVLKANKQTAEVALANLKSKYENEKAMVTETMMKLRNELKALKEDAATFSSLRAMFATRCDEYVTQLDEMQRQLAAAEDEKKTLNSLLRMAIQQKLALTQRLEDLEFDHEQTRRGGNAGRAKGAHGPKPSLP	1	80	1	80	3.106E-38	146	1.000	0.098
HAPBU22127	AF-I3KKN9-F1-model_v4	0.975	80	2	MSVEEQGYPDAVLLMEAGPEWLRAEIGRLSRELSETTNEKIQAAEYGLAVLEEKQQLKQQYEDLEIEYEAVRQELDQLKE	MSVEEQGYPDAVLLMEAAPEWLRAEIGRLSRELSETTNEKIQAAEYGLAVLEEKQQLKQQYEDLEMEYEAVRQELDQLKEAFGQAYSNHRKVAADGESREESLIQESACKEAYYEQRVLELQNELRQTRNILTNTQSENERLNAISQDLRESSQMVELQRNQLRDDIKEYKFRESRLLQDYTELEEENISLQKQVSMLKQSQVEFEGLKHEIRRLEEDTQFLNSQLEDAIRLKEIAERQLSEALETIKTERELKASLRKELSHYMNIGDTLYNSPLSISLDGLKFSDDAATEPNNDEALHGYENGFIKLANAITDDNRISMPKKEELFRPVPSLVDDLLSELNISEIQKLKQQLMQMEREKVNLMSTLQDSQKQLEQANGALSEHQEKVNRLTENLNAIRKLQASKERQSALDNEKERDSHEDVDYYEVDINGPEILECKYKVAVSEAGELKEELKTLKAEYQACQSRYEEERTRLATDVTTLKENLATLEKTSHVEREEKAKLEKELRKLSDVAGESQGSLSVAQDELVTFSEELATLYNHVCMCNNETPNRVMLDFYKEGKGGRSSPEGRGRRSPSSPSPISSLPSPVSDHRREPMNIYNLVAIIRDQIKHLQLAVDRTTELSRQRVASLELGTVADKDKEACMEEILKLKSLLSTKREQIATLRTVLKANKQTAEVALANLKSKYENEKAMVTETMMKLRNELKALKEDAATFSSLRAMFATRCDEYVTQLDEMQRQLAAAEDEKKTLNSLLRMAIQQKLALTQRLEDLEFDHEQTRRGGNAGRAKARSKAASTASATAHSNSVPSGILGGPVVFCSEKYKIYCD	1	80	1	80	3.106E-38	146	1.000	0.097
HAPBU22127	AF-A0A668VWD7-F1-model_v4	0.975	80	2	MSVEEQGYPDAVLLMEAGPEWLRAEIGRLSRELSETTNEKIQAAEYGLAVLEEKQQLKQQYEDLEIEYEAVRQELDQLKE	MSVEEQGYPDAVLLMEAAPEWLRAEIGRLSRELSETTNEKIQAAEYGLAVLEEKQQLKQQYEDLEMEYEAVRQELDQLKEAFGQAYSNHRKVAADGESREESLIQESACKEAYYEQRVLELQNELRQTRNILTNTQSENERLNAISQDLRESSQMVELQRNQLRDDIKEYKFRESRLLQDYTELEEENISLQKQVSMLKQSQVEFEGLKHEIRRLEEDTQFLNSQLEDAIRLKEIAERQLSEALETIKTERELKASLRKELSHYMNIGDTLYNSPLSISLDGLKFSDDAATEPNNDEALHGYENGFIKLANAITDDNRISMPKKEELFRPVPSLVDDLLSELNISEIQKLKQQLMQMEREKVNLMSTLQDSQKQLEQANGALSEHQEKVNRLTENLNAIRKLQASKERQSALDNEKERDSHEDVDYYEVDINGPEILECKYKVAVSEAGELKEELKTLKAEYQACQSRYEEERTRLATDVTTLKDNLATLEKTSHVEREEKAKLEKELRKLSDVAGESQGSLSVAQDELVTFSEELATLYNHVCMCNNETPNRVMLDFYKEGKGGRSSPEGRGRRSPILLTKGLFPEPSKTDLSDGAPSPISSLPSPVSDHRREPMNIYNLVAIIRDQIKHLQLAVDRTTELSRQRVASLELGTVADKDKEACMEEILKLKSLLSTKREQIATLRTVLKANKQTAEVALANLKSKYENEKAMVTETMMKLRNELKALKEDAATFSSLRAMFATRCDEYVTQLDEMQRQLAAAEDEKKTLNSLLRMAIQQKLALTQRLEDLEFDHEQTRRGGNAGRAKARSKAAGTASAAAATNATNNPH	1	80	1	80	3.106E-38	146	1.000	0.097
HAPBU22127	AF-A0A668VWE2-F1-model_v4	0.975	80	2	MSVEEQGYPDAVLLMEAGPEWLRAEIGRLSRELSETTNEKIQAAEYGLAVLEEKQQLKQQYEDLEIEYEAVRQELDQLKE	MSVEEQGYPDAVLLMEAAPEWLRAEIGRLSRELSETTNEKIQAAEYGLAVLEEKQQLKQQYEDLEMEYEAVRQELDQLKEAFGQAYSNHRKVAADGESREESLIQESACKEAYYEQRVLELQNELRQTRNILTNTQSENERLNAISQDLRESSQMVELQRNQLRDDIKEYKFRESRLLQDYTELEEENISLQKQVSMLKQSQVEFEGLKHEIRRLEEDTQFLNSQLEDAIRLKEIAERQLSEALETIKTERELKASLRKELSHYMNIGDTLYNSPLSISLDGLKFSDDAATEPNNDEALHGYENGFIKLANAITDDNRISMPKKEELFRPVPSLVDDLLSELNISEIQKLKQQLMQMEREKVNLMSTLQDSQKQLEQANGALSEHQEKVNRLTENLNAIRKLQASKERQSALDNEKERDSHEDVDYYEVDINGPEILECKYKVAVSEAGELKEELKTLKAEYQACQSRYEEERTRLATDVTTLKDNLATLEKTSHVEREEKAKLEKELRKLSDVAGESQGSLSVAQDELVTFSEELATLYNHVCMCNNETPNRVMLDFYKEGKGGRSSPEGRGRRSPILLTKGLFPEPSKTDLSDGAPSPISSLPSPVSDHRREPMNIYNLVAIIRDQIKHLQLAVDRTTELSRQRVASLELGTVADKDKEACMEEILKLKSLLSTKREQIATLRTVLKANKQTAEVALANLKSKYENEKAMVTETMMKLRNELKALKEDAATFSSLRAMFATRCDEYVTQLDEMQRQLAAAEDEKKTLNSLLRMAIQQKLALTQRLEDLEFDHEQTRRGGNAGRAKARSKAAGTASAAAHSISVPSGILGGPVVFCSEKYKIYCD	1	80	1	80	3.106E-38	146	1.000	0.095
HAPBU22127	AF-A0A669EWE9-F1-model_v4	0.975	80	2	MSVEEQGYPDAVLLMEAGPEWLRAEIGRLSRELSETTNEKIQAAEYGLAVLEEKQQLKQQYEDLEIEYEAVRQELDQLKE	MSVEEQGYPDAVLLMEAAPEWLRAEIGRLSRELSETTNEKIQAAEYGLAVLEEKQQLKQQYEDLEMEYEAVRQELDQLKEAFGQAYSNHRKVAADGESREESLIQESACKEAYYEQRVLELQNELRQTRNILTNTQSENERLNAISQDLRESSQMVELQRNQLRDDIKEYKFRESRLLQDYTELEEENISLQKQVSMLKQSQVEFEGLKHEIRRLEEDTQFLNSQLEDAIRLKEIAERQLSEALETIKTERELKASLRKELSHYMNIGDTLYNSPLSISLDGLKFSDDAATEPNNDEALHGYENGFIKLANAITDDNRISMPKKEELFRPVPSLVDDLLSELNISEIQKLKQQLMQMEREKVNLMSTLQDSQKQLEQANGALSEHQEKVNRLTENLNAIRKLQASKERQSALDNEKERDSHEDVDYYEVDINGPEILECKYKVAVSEAGELKEELKTLKAEYQACQSRYEEERTRLATDVTTLKENLATLEKTSHVEREEKAKLEKELRKLSDVAGESQGSLSVAQDELVTFSEELATLYNHVCMCNNETPNRVMLDFYKEGKGGRSSPEGRGRRSPSSPSPISSLPSPVSDHRREPMNIYNLVAIIRDQIKHLQLAVDRTTELSRQRVASLELGTVADKDKEACMEEILKLKSLLSTKREQIATLRTVLKANKQTAEVALANLKSKYENEKAMVTETMMKLRNELKALKEDAATFSSLRAMFATRCDEYVTQLDEMQRQLAAAEDEKKTLNSLLRMAIQQKLALTQRLEDLEFDHEQTRRGGNAGRAKARSKAASTASATAATNTTTNNPHVSQSLTCSVSGRPEHSNSVPSGILGGPVVFCSEKYKIYCD	1	80	1	80	3.106E-38	146	1.000	0.094
HAPBU22127	AF-A0A672IV96-F1-model_v4	0.925	80	6	MSVEEQGYPDAVLLMEAGPEWLRAEIGRLSRELSETTNEKIQAAEYGLAVLEEKQQLKQQYEDLEIEYEAVRQELDQLKE	MSVEEQGYPDAMMLLEAAPEWLRAEIERLSRELSETTNEKIQAAEYGLAVLEEKQQLKQQYDDLEIEYEAVRQELDQLKEAFGQAHSNHRKVAADGESREESLIQESACKEAYYEQRVLELQTELRQSRNILTNTQSENERLNSITQEMRENSQMVELQRNQLRDDIKEYKFRESRLLQDYTELEEENISLQKQVLVLKQSQVEFEGLKHEIRRLEEDTQFLNSQLEDAIRLKEISERQLSEALETIKTERELKASLRKELSHYMSIGDTLYHSPLSISLDGLKFSDDAATEPNNDEALHGYENGFIKLANAITDDNRISTPKNEELFRPAPSLVDDLLSELNICEIQKLKQQLMQMEREKVNLLSNLQDSQKQLEQANGALSEHQEKVNRLTENLNAIRKLQASKERQSALDNEKERDSHEDGDYYEVDINGPEILECKYKVAVSEAGELKEELKTLKAEYQACQSRYEEERTRLENDVTTLGEKLSSLEKSSRTEKEEKAKLEKELRKLSDVAGESQGSLSVAQDELVTFSEELATLYNHVCMCNNETPNRVMLDFYKEGKGGRSSPEGRGRRSPILLTKGLFPEPGKADLSDGVPSPVSSLPSPVSDHRREPMNIYNLVAIIRDQIKHLQLAVDRTTELSRQRVASLELGAVADKDKEACMEEILKLKSLLSTKREQIATLRTVLKANKQTAEVALANLKSKYENEKAMVTETMMKLRNELKALKEDAATFSSLRAMFATRCDEYVTQLDEMQRQLAAAEDEKKTLNSLLRMAIQQKLALTQRLEDLEFDHEQTRRGGNSGRAKARKAAGGTAGNPH	1	80	1	80	4.921E-36	139	1.000	0.098
HAPBU22127	AF-A0A672IV99-F1-model_v4	0.925	80	6	MSVEEQGYPDAVLLMEAGPEWLRAEIGRLSRELSETTNEKIQAAEYGLAVLEEKQQLKQQYEDLEIEYEAVRQELDQLKE	MSVEEQGYPDAMMLLEAAPEWLRAEIERLSRELSETTNEKIQAAEYGLAVLEEKQQLKQQYDDLEIEYEAVRQELDQLKEAFGQAHSNHRKVAADGESREESLIQESACKEAYYEQRVLELQTELRQSRNILTNTQSENERLNSITQEMRENSQMVELQRNQLRDDIKEYKFRESRLLQDYTELEEENISLQKQVLVLKQSQVEFEGLKHEIRRLEEDTQFLNSQLEDAIRLKEISERQLSEALETIKTERELKASLRKELSHYMSIGDTLYHSISLDGLKFSDDAATEPNNDEALHGYENGFIKLANAITDDNRISTPKNEELFRPAPSLVDDLLSELNICEIQKLKQQLMQMEREKVNLLSNLQDSQKQLEQANGALSEHQEKVNRLTENLNAIRKLQASKERQSALDNEKERDSHEDGDYYEVDINGPEILECKYKVAVSEAGELKEELKTLKAEYQACQSRYEEERTRLENDVTTLGEKLSSLEKSSRTEKEEKAKLEKELRKLSDVAGESQGSLSVAQDELVTFSEELATLYNHVCMCNNETPNRVMLDFYKEGKGGRSSPEGRGRRSPILLTKGLFPEPGKADLSDGVPSPVSSLPSPVSDHRREPMNIYNLVAIIRDQIKHLQLAVDRTTELSRQRVASLELGAVADKDKEACMEEILKLKSLLSTKREQIATLRTVLKANKQTAEVALANLKSKYENEKAMVTETMMKLRNELKALKEDAATFSSLRAMFATRCDEYVTQLDEMQRQLAAAEDEKKTLNSLLRMAIQQKLALTQRLEDLEFDHEQTRRGGNSGRAKARKAAVCTRRLDCSRHIRHVEYRAPGYIGGV	1	80	1	80	4.921E-36	139	1.000	0.096
HAPBU22127	AF-A0A672IVT7-F1-model_v4	0.925	80	6	MSVEEQGYPDAVLLMEAGPEWLRAEIGRLSRELSETTNEKIQAAEYGLAVLEEKQQLKQQYEDLEIEYEAVRQELDQLKE	MSVEEQGYPDAMMLLEAAPEWLRAEIERLSRELSETTNEKIQAAEYGLAVLEEKQQLKQQYDDLEIEYEAVRQELDQLKEAFGQAHSNHRKVAADGESREESLIQESACKEAYYEQRVLELQTELRQSRNILTNTQSENERLNSITQEMRENSQMVELQRNQLRDDIKEYKFRESRLLQDYTELEEENISLQKQVLVLKQSQVEFEGLKHEIRRLEEDTQFLNSQLEDAIRLKEISERQLSEALETIKTERELKASLRKELSHYMSIGDTLYHSPLSISLDGLKFSDDAATEPNNDEALHGYENGFIKLANAITDDNRISTPKNEELFRPAPSLVDDLLSELNICEIQKLKQQLMQMEREKVNLLSNLQDSQKQLEQANGALSEHQEKVNRLTENLNAIRKLQASKERQSALDNEKERDSHEDGDYYEVDINGPEILECKYKVAVSEAGELKEELKTLKAEYQACQSRYEEERTRLENDVTTLGEKLSSLEKSSRTEKEEKAKLEKELRKLSDVAGESQGSLSVAQDELVTFSEELATLYNHVCMCNNETPNRVMLDFYKEGKGGRSSPEGRGRRSPILLTKGLFPEPGKADLSDGVPSPVSSLPSPVSDHRREPMNIYNLVAIIRDQIKHLQLAVDRTTELSRQRVASLELGAVADKDKEACMEEILKLKSLLSTKREQIATLRTVLKANKQTAEVALANLKSKYENEKAMVTETMMKLRNELKALKEDAATFSSLRAMFATRCDEYVTQLDEMQRQLAAAEDEKKTLNSLLRMAIQQKLALTQRLEDLEFDHEQTRRGGNSAPRRSLASPSWRPQDRPALSGPLSNEMFTIRK	1	80	1	80	4.921E-36	139	1.000	0.096
HAPBU22127	AF-A0A672IUX5-F1-model_v4	0.925	80	6	MSVEEQGYPDAVLLMEAGPEWLRAEIGRLSRELSETTNEKIQAAEYGLAVLEEKQQLKQQYEDLEIEYEAVRQELDQLKE	MSVEEQGYPDAMMLLEAAPEWLRAEIERLSRELSETTNEKIQAAEYGLAVLEEKQQLKQQYDDLEIEYEAVRQELDQLKEAFGQAHSNHRKVAADGESREESLIQESACKEAYYEQRVLELQTELRQSRNILTNTQSENERLNSITQEMRENSQMVELQRNQLRDDIKEYKFRESRLLQDYTELEEENISLQKQVLVLKQSQVEFEGLKHEIRRLEEDTQFLNSQLEDAIRLKEISERQLSEALETIKTERELKASLRKELSHYMSIGDTLPLSISLDGLKFSDDAATEPNNDEALHGYENGFIKLANAITDDNRISTPKNEELFRPAPSLVDDLLSELNICEIQKLKQQLMQMEREKVNLLSNLQDSQKQLEQANGALSEHQEKVNRLTENLNAIRKLQASKERQSALDNEKERDSHEDGDYYEVDINGPEILECKYKVAVSEAGELKEELKTLKAEYQACQSRYEEERTRLENDVTTLGEKLSSLEKSSRTEKEEKAKLEKELRKLSDVAGESQGSLSVAQDELVTFSEELATLYNHVCMCNNETPNRVMLDFYKEGKGGRSSPEGRGRRSPILLTKGLFPEPGKADLSDGVPSPVSSLPSPVSDHRREPMNIYNLVAIIRDQIKHLQLAVDRTTELSRQRVASLELGAVADKDKEACMEEILKLKSLLSTKREQIATLRTVLKANKQTAEVALANLKSKYENEKAMVTETMMKLRNELKALKEDAATFSSLRAMFATRCDEYVTQLDEMQRQLAAAEDEKKTLNSLLRMAIQQKLALTQRLEDLEFDHEQTRRGGNSGRAKARKAAGGTAGNPHVTPSAFRLGEHQCDSTQKFRTHPWAIGIAMATSGQKRSTCDHGCLFQDHFKSCDASTPIL	1	80	1	80	4.921E-36	139	1.000	0.091
HAPBU22127	AF-A0A672ISK0-F1-model_v4	0.925	80	6	MSVEEQGYPDAVLLMEAGPEWLRAEIGRLSRELSETTNEKIQAAEYGLAVLEEKQQLKQQYEDLEIEYEAVRQELDQLKE	MSVEEQGYPDAMMLLEAAPEWLRAEIERLSRELSETTNEKIQAAEYGLAVLEEKQQLKQQYDDLEIEYEAVRQELDQLKEAFGQAHSNHRKVAADGESREESLIQESACKEAYYEQRVLELQTELRQSRNILTNTQSENERLNSITQEMRENSQMVELQRNQLRDDIKEYKFRESRLLQDYTELEEENISLQKQVLVLKQSQVEFEGLKHEIRRLEEDTQFLNSQLEDAIRLKEISERQLSEALETIKTERELKASLRKELSHYMSIGDTLPLSISLDGLKFSDDAATEPNNDEALHGYENGFIKLANAITDDNRISTPKNEELFRPAPSLVDDLLSELNICEIQKLKQQLMQMEREKVNLLSNLQDSQKQLEQANGALSEHQEKVNRLTENLNAIRKLQASKERQSALDNEKERDSHEDGDYYEVDINGPEILECKYKVAVSEAGELKEELKTLKAEYQACQSRYEEERTRLENDVTTLGEKLSSLEKSSRTEKEEKAKLEKELRKLSDVAGESQGSLSVAQDELVTFSEELATLYNHVCMCNNETPNRVMLDFYKEGKGGRSSPEGRGRRSPILLTKGLFPEPGKADLSDGVPSPVSSLPSPVSDHRREPMNIYNLVAIIRDQIKHLQLAVDRTTELSRQRVASLELGAVADKDKEACMEEILKLKSLLSTKREQIATLRTVLKANKQTAEVALANLKSKYENEKAMVTETMMKLRNELKALKEDAATFSSLRAMFATRCDEYVTQLDEMQRQLAAAEDEKKTLNSLLRMAIQQKLALTQRLEDLEFDHEQTRRGGNSGRAKARKAAGGTAGNPHVSQSLTCSGLPELNNSMPNGILGGPVVFCSGCKRPHGTAVYRGWGGGGGAARARRTLPALVLKSPTRSL	1	80	1	80	4.921E-36	139	1.000	0.090
HAPBU22127	AF-A0A3B4T4U3-F1-model_v4	0.912	80	7	MSVEEQGYPDAVLLMEAGPEWLRAEIGRLSRELSETTNEKIQAAEYGLAVLEEKQQLKQQYEDLEIEYEAVRQELDQLKE	MSVEEQGYPDAMRLLEAGPEWMRAEIERLSRELSETTNEKIQAAEYGLAVLEEKQQLKQQYDDLEIEYEAVRQEVDQLKEAFGQAYSNHRKVAADGESREESLIQESACKEAYYEQRVLELQTDLRQARNILTNTQSENERLNTISQEMKENSQMVELQRNQLRDDIKEYKFREARLLQDYTELEEENISLQKQVSVLKQSQVEFEGLKHEIRRLEEDTQFLNSQLEDAIRLKEIAERQLGEALETIKTERELKASLRKELSHYMSIGDTLYHSPLSISLDGLKFSDDAATEPNNDEALHGYENGFTKLANAITDDNRVSTPKKEELFRPAPSLVDDLLSELNISEIQKLKQQLIQMEREKVNLLSTLQDSQKQLEQANGALSEHQEKVNRLTENLNAIRKLQASKERQSALDNEKERDSHEDGDYYEVDINGPEILECKYKVAVSEAGELKEELKTLKTEYQACQSRYDEERNRLENDVTTLGEKLSTLEKTSQAEREQKAKLEKELRKLSDVAGESQGSLSVAQDELVTFSEELATLYNHVCMCNNETPNRVMLDFYKEGKGGRSSPEGRGRRSPILLTKGLFPEPGKTDLSDGVPSPVSSLPSPVSDHRREPMNIYNLVAIIRDQIKHLQLAVDRTTELSRQRVASLELGTVADKDKEACMEEILKLKSLLSTKREQIATLRTVLKANKQTAEVALTNLKSKYENEKAMVTETMMKLRNELKALKEDAATFSSLRAMFATRCDEYVTQLDEMQRQLAAAEDEKKTLNSLLRMAIQQKLALTQRLEDLEFDHEQTRRGGNAGRAKARSKAASGTANNPH	1	80	1	80	1.272E-35	138	1.000	0.097
HAPBU22127	AF-A0A3B4XCM4-F1-model_v4	0.912	80	7	MSVEEQGYPDAVLLMEAGPEWLRAEIGRLSRELSETTNEKIQAAEYGLAVLEEKQQLKQQYEDLEIEYEAVRQELDQLKE	MSVEEQGYPDAMRLLEAGPEWMRAEIERLSRELSETTNEKIQAAEYGLAVLEEKQQLKQQYDDLEIEYEAVRQEVDQLKEAFGQAYSNHRKVAADGESREESLIQESACKEAYYEQRVLELQTDLRQARNILTNTQSENERLNNISQEMKENSQMVELQRNQLRDDIKEYKFREARLLQDYTELEEENISLQKQVSVLKQSQVEFEGLKHEIRRLEEDTQFLNSQLEDAIRLKEIAERQLGEALETIKTERELKASLRKELSHYMSIGDTLYHSPLSISLDGLKFSDDAATEPNNDEALNGYENGFTKLANAITDDNRVSTPKKEELFRPAPSLVDDLLSELNISEIQKLKQQLIQMEREKVNLLSTLQDSQKQLEQANGALSEHQEKVNRLTENLNAIRKLQASKERQSALDNEKERDSHEDGDYYEVDINGPEILECKYKVAVSEAGELKEELKTLKTEYQACQSRYDEERTRLENDVTTLGEKLSTLEKTSQAEREQKAKLEKELRKLSDVAGESQGSLSVAQDELVTFSEELATLYNHVCMCNNETPNRVMLDFYKEGKGGRSSPEGRGRRSPILLTKGLFPEPGKTDLSDGVPSPVSSLPSPVSDHRREPMNIYNLVAIIRDQIKHLQLAVDRTTELSRQRVASLELGTVADKDKEACMEEILKLKSLLSTKREQIATLRTVLKANKQTAEVALTNLKSKYENEKAMVTETMMKLRNELKALKEDAATFSSLRAMFATRCDEYVTQLDEMQRQLAAAEDEKKTLNSLLRMAIQQKLALTQRLEDLEFDHEQTRRGGNAGRAKARSKAASGTANNPH	1	80	1	80	1.272E-35	138	1.000	0.097
HAPBU22127	AF-A0A4W6EPH9-F1-model_v4	0.912	80	7	MSVEEQGYPDAVLLMEAGPEWLRAEIGRLSRELSETTNEKIQAAEYGLAVLEEKQQLKQQYEDLEIEYEAVRQELDQLKE	MSVEEQGYPDAMLLLEAAPEWVRAEIERLSRELSETTNEKIQAAEYGLAVLEEKQQLKQQYDDLEMEYEAVRQELDQLKEAFGQAYSNHRKVAADGESREESLIQESACKEAYYEQRVLELQTELRQARNILTNTQSENERLNTISQEMRENSQMVELQRNQLRDDIKEYKFREARLLQDYTELEEENISLQKQVSMLKQSQVEFEGLKHEIRRLEEDTQFLNSQLEDAIRLKEIAERQLGEALETIKTERELKASLRKELSHYMSIGDTLYHSPLSISLDGLKFSDDAATEPNNDEALHGYENGFTKLVNAITDDNRVSTPKKEELFHPAPSLVDNLLSELNISEIQKLKQQLMQMEREKVNLLSTLQDSQKQLEQANGALSEHQEKVNRLTENLNAIRKLQASKERQSALDNEKERDSHEDGDYYEVDINGPEILECKYKVAVSEAGELKEELKTLKAEYQACQSRYEEERNRLENDVTTLGEKLATLEKTSLTEREEKAKLEKELRKLSDVAGESQGSLSVAQDELVTFSEELATLYNHVCMCNNETPNRVMLDFYKEGKGGRSSPEGRGRRSPILLTKGLFPEPGKTDLSDGAPSPVSSLPSPVSDHRREPMNIYNLVAIIRDQIKHLQLAVDRTTELSRQRVASLELGTVADKDKEACMEEILKLKSLLSTKREQIATLRTVLKANKQTAEVALTNLKSKYENEKAMVTETMMKLRNELKALKEDAATFSSLRAMFATRCDEYVTQLDEMQRQLAAAEDEKKTLNSLLRMAIQQKLALTQRLEDLEFDHEQTRRGGNTGRAKTRSKAAAGTANNPH	1	80	1	80	1.746E-35	138	1.000	0.097
HAPBU22127	AF-A0A4W6EQD2-F1-model_v4	0.912	80	7	MSVEEQGYPDAVLLMEAGPEWLRAEIGRLSRELSETTNEKIQAAEYGLAVLEEKQQLKQQYEDLEIEYEAVRQELDQLKE	MSVEEQGYPDAMLLLEAAPEWVRAEIERLSRELSETTNEKIQAAEYGLAVLEEKQQLKQQYDDLEMEYEAVRQELDQLKEAFGQAYSNHRKVAADGESREESLIQESACKEAYYEQRVLELQTELRQARNILTNTQSENERLNTISQEMRENSQMVELQRNQLRDDIKEYKFREARLLQDYTELEEENISLQKQVSMLKQSQVEFEGLKHEIRRLEEDTQFLNSQLEDAIRLKEIAERQLGEALETIKTERELKASLRKELSHYMSIGDTLYHSPLSISLDGLKFSDDAATEPNNDEALHGYENGFTKLVNAITDDNRVSTPKKEELFHPAPSLVDNLLSELNISEIQKLKQQLMQMEREKVNLLSTLQDSQKQLEQANGALSEHQEKVNRLTENLNAIRKLQASKERQSALDNEKERDSHEDGDYYEVDINGPEILECKYKVAVSEAGELKEELKTLKAEYQACQSRYEEERNRLENDVTTLGEKLATLEKTSLTEREEKAKLEKELRKLSDVAGESQGSLSVAQDELVTFSEELATLYNHVCMCNNETPNRVMLDFYKEGKGGRSSPEGRGRRSPILLTKGLFPEPGKTDLSDGAPSPVSSLPSPVSDHRREPMNIYNLVAIIRDQIKHLQLAVDRTTELSRQRVASLELGTVADKDKEACMEEILKLKSLLSTKREQIATLRTVLKANKQTAEVALTNLKSKYENEKAMVTETMMKLRNELKALKEDAATFSSLRAMFATRCDEYVTQLDEMQRQLAAAEDEKKTLNSLLRMAIQQKLALTQRLEDLEFDHEQTRRGGNTGRAKTRSKAAAGTANNPHIVSSLLPQHHHSPFN	1	80	1	80	1.746E-35	138	1.000	0.096
HAPBU22127	AF-A0A3Q3ARM2-F1-model_v4	0.900	80	8	MSVEEQGYPDAVLLMEAGPEWLRAEIGRLSRELSETTNEKIQAAEYGLAVLEEKQQLKQQYEDLEIEYEAVRQELDQLKE	MSVEEQGYPDAMLLLEAGPEWLRAEIKRLSRELTETTSEKIQAAEYGLAVLEEKQQLKQQYDDLEMEYEAIRQELDQLKEAFGQAYTNHRKVAADGESREESLIQESACKEAYYEQRVLELQNELRQARNGLANTQFENERLSAISQDMKENSQVVELQRNQLRDDIKEYKFRESRLLQDYTELEEENISLQKQVSVLKQSQVEFEGLKHEIRRLEEDTQFLNSQLEDAIRLKEIAERQLGEALETIKTERELKASLRKELSHYMNIGDTLYHSPLSVSLDGLKFSDDAATEPNNDEALHGYENGFSKLASTITDDNRMSTPSKEELFHPAPSLVDDLLSELNISEIQKLKQQLMQMEREKVNLLSNLQDSQKQLEQANWALSEHQEKVNRLTENLNAIRKLQASKERQSALDNEKERDSHEDGDYYEVDINGPEILECKYKVAVSEAGELKEELKTLKTEYQACQSRYEEERTRLENEVTTLGDKLATLEKTSHADREEKVKLEKELRKLSDVAGESQGSLSVAQDELVTFSEELATLYNHVCMCNNETPNRVMLDFYKEGKGGRSSPEGRGRRSPILLTKGLFPEPYKTDFGDGIPSPGSSIPSPVSDHRREPMNIYNLVAIIRDQIKHLQLAVDRTTELSRQRVASLELGTVADKDKEACMEEILKLKSLLSTKREQIATLRTVLKANKQTAEVALANLKSKYENEKAMVTETMMKLRNELKALKEDAATFSSLRAMFATRCDEYVTQLEEMQRQLAASEDEKKTLNSLLRMAIQQKLALTQRLEDLEFDHEQTRRGGGAGRAKARSKPAGSHPHVSQSLTCSGSGRPEPNNALPNGILGGPVNFCSEKYKIYCD	1	80	1	80	1.746E-35	138	1.000	0.093
HAPBU22127	AF-A0A671VUU4-F1-model_v4	0.912	80	7	MSVEEQGYPDAVLLMEAGPEWLRAEIGRLSRELSETTNEKIQAAEYGLAVLEEKQQLKQQYEDLEIEYEAVRQELDQLKE	MSVEEQGYPDAMLLREAGPEWMRAEIERLSRELGETTNEKIQAAEYGLAVLEEKQQLKQQYDDLEIEYEGVRQELDQLKEAFGQAYSNHRKVAADGESREESLIQESACKEAYYEQRVLELQNELRQTRNILTNTQSENERLNTISQELRENSQMVELQRNQLRDDIKEYKFLEARLLQDYTELEEENISLQKQVSALKQSQVEFEGLKHEIRRLEEDTQFLNSQLEDAIRLKEIAERQLSEALETIKTERELKASLRKELSHYMSIGDTLYHSPLSISLDGLKFSDDATTEPNNDEALHGYENGFTKLANAINFDNCVSTPTKEELFNPVPSLVDDLLSELNISEIQKLKQQLMQMEREKVNLLSTLQDSQKQLEQANGALSEHQEKVNRLTENLNAIRKLQASKERQSALDNEKERDSHEDGDYYEVDINGPEILECKYKVAVSEAGELKEELKTLKTEYQACQSRYEEERVRLESDVTTLGQKLAVLEKTSHIEREEKAKLEKELRKVSDVAGESQGSLSVAQDELVTFSEELATLYNHVCMCNNETPNRVMLDFYKEGKGGRSSPEGRGRRSPILLTKGLFPEPGKTDLSDGAPSPVSSLPSPVSDHRREPMNIYNLVAIIRDQIKHLQLAVDRTTELSRQRVASLELGTVADKDKEACMEEILKLKSLLSTKREQIATLRTVLKANKQTAEVALANLKSKYENEKAMVTETMMKLRNELKALKEDAATFSSLRAMFATRCDEYVTQLDEMQRQLAAAEDEKKTLNSLLRMAIQQKLALTQRLEDLEFDHEQTRRGGSSGRAKTRSKAAGSAPNNPH	1	80	1	80	2.397E-35	138	1.000	0.097
HAPBU22127	AF-A0A671VYC1-F1-model_v4	0.912	80	7	MSVEEQGYPDAVLLMEAGPEWLRAEIGRLSRELSETTNEKIQAAEYGLAVLEEKQQLKQQYEDLEIEYEAVRQELDQLKE	MSVEEQGYPDAMLLREAGPEWMRAEIERLSRELGETTNEKIQAAEYGLAVLEEKQQLKQQYDDLEIEYEGVRQELDQLKEAFGQAYSNHRKVAADGESREESLIQESACKEAYYEQRVLELQNELRQTRNILTNTQSENERLNTISQELRENSQMVELQRNQLRDDIKEYKFLEARLLQDYTELEEENISLQKQVSALKQSQVEFEGLKHEIRRLEEDTQFLNSQLEDAIRLKEIAERQLSEALETIKTERELKASLRKELSHYMSIGDTLYHSISLDGLKFSDDATTEPNNDEALHGYENGFTKLANAINFDNCVSTPTKEELFNPVPSLVDDLLSELNISEIQKLKQQLMQMEREKVNLLSTLQDSQKQLEQANGALSEHQEKVNRLTENLNAIRKLQASKERQSALDNEKERDSHEDGDYYEVDINGPEILECKYKVAVSEAGELKEELKTLKTEYQACQSRYEEERVRLESDVTTLGQKLAVLEKTSHIEREEKAKLEKELRKVSDVAGESQGSLSVAQDELVTFSEELATLYNHVCMCNNETPNRVMLDFYKEGKGGRSSPEGRGRRSPILLTKGLFPEPGKTDLSDGAPSPVSSLPSPVSDHRREPMNIYNLVAIIRDQIKHLQLAVDRTTELSRQRVASLELGTVADKDKEACMEEILKLKSLLSTKREQIATLRTVLKANKQTAEVALANLKSKYENEKAMVTETMMKLRNELKALKEDAATFSSLRAMFATRCDEYVTQLDEMQRQLAAAEDEKKTLNSLLRMAIQQKLALTQRLEDLEFDHEQTRRGGSSGRAKTRSKLKTLMSFLTVFLLSGVWDKTNSCINRALHC	1	80	1	80	2.397E-35	138	1.000	0.095
HAPBU22127	AF-A0A671VYC6-F1-model_v4	0.912	80	7	MSVEEQGYPDAVLLMEAGPEWLRAEIGRLSRELSETTNEKIQAAEYGLAVLEEKQQLKQQYEDLEIEYEAVRQELDQLKE	MSVEEQGYPDAMLLREAGPEWMRAEIERLSRELGETTNEKIQAAEYGLAVLEEKQQLKQQYDDLEIEYEGVRQELDQLKEAFGQAYSNHRKVAADGESREESLIQESACKEAYYEQRVLELQNELRQTRNILTNTQSENERLNTISQELRENSQMVELQRNQLRDDIKEYKFLEARLLQDYTELEEENISLQKQVSALKQSQVEFEGLKHEIRRLEEDTQFLNSQLEDAIRLKEIAERQLSEALETIKTERELKASLRKELSHYMSIGDTLPLSISLDGLKFSDDATTEPNNDEALHGYENGFTKLANAINFDNCVSTPTKEELFNPVPSLVDDLLSELNISEIQKLKQQLMQMEREKVNLLSTLQDSQKQLEQANGALSEHQEKVNRLTENLNAIRKLQASKERQSALDNEKERDSHEDGDYYEVDINGPEILECKYKVAVSEAGELKEELKTLKTEYQACQSRYEEERVRLESDVTTLGQKLAVLEKTSHIEREEKAKLEKELRKVSDVAGESQGSLSVAQDELVTFSEELATLYNHVCMCNNETPNRVMLDFYKEGKGGRSSPEGRGRRSPILLTKGLFPEPGKTDLSDGAPSPVSSLPSPVSDHRREPMNIYNLVAIIRDQIKHLQLAVDRTTELSRQRVASLELGTVADKDKEACMEEILKLKSLLSTKREQIATLRTVLKANKQTAEVALANLKSKYENEKAMVTETMMKLRNELKALKEDAATFSSLRAMFATRCDEYVTQLDEMQRQLAAAEDEKKTLNSLLRMAIQQKLALTQRLEDLEFDHEQTRRGGSSGRAKTRSKAAGSAPNNPHVSQSLTCSGSGRPELNNAMPNGILGGPVVFCSGFQVRKGLLCTEGRGPPGRTLPALVLKSPTRSLSSLASLRSSRDCCVTNQLLMCASVYA	1	80	1	80	2.397E-35	138	1.000	0.088
HAPBU22127	AF-A0A671VWL6-F1-model_v4	0.912	80	7	MSVEEQGYPDAVLLMEAGPEWLRAEIGRLSRELSETTNEKIQAAEYGLAVLEEKQQLKQQYEDLEIEYEAVRQELDQLKE	MSVEEQGYPDAMLLREAGPEWMRAEIERLSRELGETTNEKIQAAEYGLAVLEEKQQLKQQYDDLEIEYEGVRQELDQLKEAFGQAYSNHRKVAADGESREESLIQESACKEAYYEQRVLELQNELRQTRNILTNTQSENERLNTISQELRENSQMVELQRNQLRDDIKEYKFLEARLLQDYTELEEENISLQKQVSALKQSQVEFEGLKHEIRRLEEDTQFLNSQLEDAIRLKEIAERQLSEALETIKTERELKASLRKELSHYMSIGDTLYHSISLDGLKFSDDATTEPNNDEALHGYENGFTKLANAINFDNCVSTPTKEELFNPVPSLVDDLLSELNISEIQKLKQQLMQMEREKVNLLSTLQDSQKQLEQANGALSEHQEKVNRLTENLNAIRKLQASKERQSALDNEKERDSHEDGDYYEVDINGPEILECKYKVAVSEAGELKEELKTLKTEYQACQSRYEEERVRLESDVTTLGQKLAVLEKTSHIEREEKAKLEKELRKVSDVAGESQGSLSVAQDELVTFSEELATLYNHVCMCNNETPNRVMLDFYKEGKGGRSSPEGRGRRSPILLTKGLFPEPGKTDLSDGAPSPVSSLPSPVSDHRREPMNIYNLVAIIRDQIKHLQLAVDRTTELSRQRVASLELGTVADKDKEACMEEILKLKSLLSTKREQIATLRTVLKANKQTAEVALANLKSKYENEKAMVTETMMKLRNELKALKEDAATFSSLRAMFATRCDEYVTQLDEMQRQLAAAEDEKKTLNSLLRMAIQQKLALTQRLEDLEFDHEQTRRGGSSGRAKTRSKAAGSAPNNPHVSQSLTCSGSGRPELNNAMPNGILGGHVTKCDILCSSAHLSALVLLEKRLSPLSPGDRPVSSSPLSNQVMLEEKATLKKSKYAISPCFLARGAHLRFYKEIH	1	80	1	80	2.397E-35	138	1.000	0.087
HAPBU22127	AF-A0A6G0IQT9-F1-model_v4	0.912	80	7	MSVEEQGYPDAVLLMEAGPEWLRAEIGRLSRELSETTNEKIQAAEYGLAVLEEKQQLKQQYEDLEIEYEAVRQELDQLKE	MSVEEQGYSDAMLLLEAGPEWMRAEIERLSRELSETTNEKIQAAEYGLAVLEEKQQLKQQYDDLEIEYETVRQELDQLKEAFGQAYSNHRKVAADGESREESLIQESACKEAYYEQRVLELQTELRQTRNILTNTQSENERLNTINQEMRENSQMVELQRNQLRDDIKEYKFLEARLLQDYTELEEENISLQKQVSVLKQSQVEFEGLKHEIRRLEEDTQFLNSQLEDAIRLKEIAERQLGEALETIKTERELKASLRKELSHYMSIGDTLYHSPLSISLDGLKFSDDAGTEPNNDEALHGYENGFTKLANAITYDNCISTAKKEELFHPAPSLVDDLLSELNISEIQKLKQQLMQMEREKVNLLSTLQDSQKQLEQANGALSDHQEKVNRLTENLNAIRKLQASKERQSALDNEKERDSHEDGDYYEVDINGPEILECKYKVAVSEAGELKEELKTLKTEYQACQSRYEDERTRLERDVTTLGEKLATLEKTCLTEKEQKTKLEKELRKLSDVAGESQGSLSVAQDELVTFSEELATLYNHVCMCNNETPNRVMLDFYKEGKGGRSSPEGRGRRSPILLTKGLFPEPSKTDLSDGSPVSSLPSPVSDHRREPMNIYNLVAIIRDQIKHLQLAVDRTTELSRQRVASLELGTVADKDKEACMEEILKLKSLLSTKREQIATLRTVLKANKQTAEVALANLKSKYENEKAMVTETMMKLRNELKALKEDAATFSSLRAMFATRCDEYVTQLDEMQRQLAAAEDEKKTLNSLLRMAIQQKLALTQRLEDLEFDHEQTRRGGNSGRSKARSKATATGTANNPH	1	80	1	80	3.290E-35	137	1.000	0.098
HAPBU22127	AF-A0A2I4CLS1-F1-model_v4	0.900	80	8	MSVEEQGYPDAVLLMEAGPEWLRAEIGRLSRELSETTNEKIQAAEYGLAVLEEKQQLKQQYEDLEIEYEAVRQELDQLKE	MSVEEPGYPDAMLLLEAGPEWLRAEIERLSRELSETTSEKIQAAEYGLAVLEEKQQLKQQYDDMEVEYEAVRQELDQLKEAFGQAYTNHRKVAADGESREESLIQESACKEAYYEQRVLELQNELRQSRNILANTQSENEHLVAISQDLKENSQMVELQRSQLRDDIKEYKFRESRLLQDYTELEEENISLQKQVSVLKQSQVEFEGLKHEIRRLEEDTQFLNSQLEDAIRLKEIAERQLGEALETIKTERELKASLRKELSHYMNIGDTLYHSPLSVSLDGLKFSDDAATEPNNDEALYGYENSFSKLANTITDNNRMSLPEKEELFHPAPSLVDDLLSELNISEIQKLKQQLMQMEREKVNLLSNLQDSQKQLEQANGALSEHQEKVNRLTENLNTIRKLQASKERQSALDNEKERDSHEDGDYYEVDINGPEILECKYKVAVSEAGELKEELKTLKTEYQACQSRYEEERSRLENEVTTLGGKLASLEKTSHVEREEKAKLEKELRKLSDVAGESQGSLNVAQDELVTFSEELATLYNHVCMCNNETPNRVMLDFYKEGKGGRSSPEGRGRRSPILLTKGLFPEPYRTDLGDGAHSPGSSIPSPVSDHRREPMNIYNLVAIIRDQIKHLQLAVDRTTELSRQRVASLELGTVADKDKEACMEEILKLKSVLSTKREQIATLRTVLKANKQTAEVALANLKSKYENEKAMVTETMMKLRNELKALKEDAATFSSLRAMFATRCDEYVMQLEEMQRQLAAAEDEKKTLNSLLRMAIQQKLALTQRLEDLEFDHEQTRRGGGAGRSKVRSKPTATAAGNNPHVSQSLTCSASNRPEPNNALPNGILGGPVVFCSEKYKIYCD	1	80	1	80	3.290E-35	137	1.000	0.093
HAPBU22127	AF-A0A4U5UTA7-F1-model_v4	0.912	80	7	MSVEEQGYPDAVLLMEAGPEWLRAEIGRLSRELSETTNEKIQAAEYGLAVLEEKQQLKQQYEDLEIEYEAVRQELDQLKE	MSVEEQGYSDALLLLEAGPEWMRAEIERLSRELSETTNEKIQAAEYGLAVLEEKQQLKQQYDDLEIEYETVRQELDQLKEAPIVNRLVGLGPPIPVWCTRISRSPHFETFRHDWTGGESQREELRKRKGVKKGGAFGQAYSNHRKVAADGESREESLIQESACKEAYYEQRVLELQTELRQTRNILTNTQSENERLNTINQEMRENSQMVELQRNQLRDDIKEYKFLEARLLQDYTELEEENISLQKQVSVLKQSQVEFEGLKHEIRRLEEDTQFLNSQLEDAIRLKEIAERQLGEALETIKTERELKASLRKELSHYMSIGDTLYHSPLSISLDGLKFSDDVGTEPNNDEALHGYENGFTKLANAITYDNCISTAKKEELFHPAPSLVDDLLSELNISEIQKLKQQLMQMEREKVNLLSTLQDSQKQLEQANGALSDHQEKVNRLTENLNAIRKLQASKERQSALDNEKERDSHEDGDYYEVDINGPEILECKYKVAVSEAGELKEELKTLKTEYQACQSRYEDERTRLERDVTTLGEKLATLEKTCLTEKEQKTKLEKELRKLSDVAGESQGSLSVAQDELVTFSEELATLYNHVCMCNNETPNRVMLDFYKEGKGGRSSPEGRGRRSPILLTKGLFPEPSKTDLTDGSPVSSLPSPVSDHRREPMNIYNLVAIIRDQIKHLQLAVDRTTELSRQRVASLELGTMADKDKEACMEEILKLKSLLSTKREQIATLRTVLKANKQTAEVALANLKSKYENEKAMVTETMMKLRNELKALKEDAATFSSLRAMFATRCDEYVTQLDEMQRQLAAAEDEKKTLNSLLRMAIQQKLALTQRLEDLEFDHEQTRRGGNSGRSKARSKATAAVTTNNPHVSQSLTCSGSGRPEPNNAMPNGILGGPVVFCSEKYKIYCD	1	80	1	80	3.290E-35	137	1.000	0.088
HAPBU22127	AF-A0A6P7I9Z7-F1-model_v4	0.900	80	8	MSVEEQGYPDAVLLMEAGPEWLRAEIGRLSRELSETTNEKIQAAEYGLAVLEEKQQLKQQYEDLEIEYEAVRQELDQLKE	MSREEQGYPDAMLLLEAGPEWLRAEIERLSRELTETTNEKIQAAEYGLAVLEEKQQLKQQYDELEIEYEAVRQEVDQLKEAFGQAYSNHRKVAADGESREESLIQESACKEAYYEQRVLELQTELRQTRNILTNTQSENERLVTISQEMRENSQMVELQRNQLRDDIKEYKFRETRLLQDYTELEEENISLQKQVLVLKQSQVEFEGLKHEIRRLEEDTQFLNSQLEDAIRLKEIAERQLSEALETIKTERELKASLRKELSHYMSIGDTLYHSPLSISLDGLKFSDDAATEPNNDEALHGYENGFAKLANIIAEDNRISTPKKEELFRPAPSLVDDLLSELNISEIQKLKQQLMQMEREKVNLLSTLQDSQKQLEQAHGALSEHQEKVNRLTENLNAIRKLQASKERQSALDNEKERDSHEDGDYYEVDINGPEILECKYKVAVSEAAELKEELKTLKTEHQTCQSRYEEERTRLENDVTTLGQKLATLEKTSQADREEKSKMEKELRKLSDVAGESQGSLSVAQDELVTFSEELATLYNHVCMCNNETPNRVMLDFYKEGKGGRSSPEGRGRRSPILLTKGLFPEPGKTDLSDGTPSPVSSLPSPVSDHRREPMNIYNLVAIIRDQIKHLQLAVDRTTELSRQRVASLELGTVADKDKEACMEEILKLKSLLSTKREQIATLRTVLKANKQTAEVALANLKSKYENEKAMVTETMMKLRNELKALKEDAATFSSLRAMFATRCDEYVTQLDEMQRQLAAAEDEKKTLNSLLRMAIQQKLALTQRLEDLEFDHEQTRGRGGNSGRSKARSKAANSSSSSTSTNPH	1	80	1	80	8.506E-35	136	1.000	0.097
HAPBU22127	AF-A0A6P7IHI6-F1-model_v4	0.900	80	8	MSVEEQGYPDAVLLMEAGPEWLRAEIGRLSRELSETTNEKIQAAEYGLAVLEEKQQLKQQYEDLEIEYEAVRQELDQLKE	MSREEQGYPDAMLLLEAGPEWLRAEIERLSRELTETTNEKIQAAEYGLAVLEEKQQLKQQYDELEIEYEAVRQEVDQLKEAFGQAYSNHRKVAADGESREESLIQESACKEAYYEQRVLELQTELRQTRNILTNTQSENERLVTISQEMRENSQMVELQRNQLRDDIKEYKFRETRLLQDYTELEEENISLQKQVLVLKQSQVEFEGLKHEIRRLEEDTQFLNSQLEDAIRLKEIAERQLSEALETIKTERELKASLRKELSHYMSIGDTLYHSPLSISLDGLKFSDDAATEPNNDEALHGYENGFAKLANIIAEDNRISTPKKEELFRPAPSLVDDLLSELNISEIQKLKQQLMQMEREKVNLLSTLQDSQKQLEQAHGALSEHQEKVNRLTENLNAIRKLQASKERQSALDNEKERDSHEDGDYYEVDINGPEILECKYKVAVSEAAELKEELKTLKTEHQTCQSRYEEERTRLENDVTTLGQKLATLEKTSQADREEKSKMEKELRKLSDVAGESQGSLSVAQDELVTFSEELATLYNHVCMCNNETPNRVMLDFYKEGKGGRSSPEGRGRRSPILLTKGLFPEPGKTDLSDGTPSPVSSLPSPVSDHRREPMNIYNLVAIIRDQIKHLQLAVDRTTELSRQRVASLELGTVADKDKEACMEEILKLKSLLSTKREQIATLRTVLKANKQTAEVALANLKSKYENEKAMVTETMMKLRNELKALKEDAATFSSLRAMFATRCDEYVTQLDEMQRQLAAAEDEKKTLNSLLRMAIQQKLALTQRLEDLEFDHEQTRGRGGNSGRSKARSKAANSSSSSTSTNPHIVSSLLPQHHHSPFN	1	80	1	80	8.506E-35	136	1.000	0.095
HAPBU22127	AF-A0A6P7IJS9-F1-model_v4	0.900	80	8	MSVEEQGYPDAVLLMEAGPEWLRAEIGRLSRELSETTNEKIQAAEYGLAVLEEKQQLKQQYEDLEIEYEAVRQELDQLKE	MSREEQGYPDAMLLLEAGPEWLRAEIERLSRELTETTNEKIQAAEYGLAVLEEKQQLKQQYDELEIEYEAVRQEVDQLKEAFGQAYSNHRKVAADGESREESLIQESACKEAYYEQRVLELQTELRQTRNILTNTQSENERLVTISQEMRENSQMVELQRNQLRDDIKEYKFRETRLLQDYTELEEENISLQKQVLVLKQSQVEFEGLKHEIRRLEEDTQFLNSQLEDAIRLKEIAERQLSEALETIKTERELKASLRKELSHYMSIGDTLYHSPLSISLDGLKFSDDAATEPNNDEALHGYENGFAKLANIIAEDNRISTPKKEELFRPAPSLVDDLLSELNISEIQKLKQQLMQMEREKVNLLSTLQDSQKQLEQAHGALSEHQEKVNRLTENLNAIRKLQASKERQSALDNEKERDSHEDGDYYEVDINGPEILECKYKVAVSEAAELKEELKTLKTEHQTCQSRYEEERTRLENDVTTLGQKLATLEKTSQADREEKSKMEKELRKLSDVAGESQGSLSVAQDELVTFSEELATLYNHVCMCNNETPNRVMLDFYKEGKGGRSSPEGRGRRSPILLTKGLFPEPGKTDLSDGTPSPVSSLPSPVSDHRREPMNIYNLVAIIRDQIKHLQLAVDRTTELSRQRVASLELGTVADKDKEACMEEILKLKSLLSTKREQIATLRTVLKANKQTAEVALANLKSKYENEKAMVTETMMKLRNELKALKEDAATFSSLRAMFATRCDEYVTQLDEMQRQLAAAEDEKKTLNSLLRMAIQQKLALTQRLEDLEFDHEQTRGRGGNSGRSKARSKAANSSSSSTSTNPHVSQSLTCSGSGRPEHSNSVPNALLGGPVVFCSEKYKIYCD	1	80	1	80	8.506E-35	136	1.000	0.092
HAPBU22127	AF-A0A665VYU4-F1-model_v4	0.900	80	8	MSVEEQGYPDAVLLMEAGPEWLRAEIGRLSRELSETTNEKIQAAEYGLAVLEEKQQLKQQYEDLEIEYEAVRQELDQLKE	MSVEEQGYPDAMLLLEARPEWMRTEIERLSRELSETTNEKIQAAEYGLVVLEEKQQLKQQYDDLEIEYEAVRQELDQLKEAFGQAYSNHRKVAADGESREESLIQESACKEAYYERRVLELQTELRQARNILANTQSENERLNTISQEMRENSQMVELQRNQLRDDIKEYKFREARLLQDYTELEEENISLQKQVSVLKQSQVEFEGLKHEIRRLEEDTQFLNSQLEDAIRLKEIAERQLGEALETIKTERELKASLRKELSHYMTIGDTLYHSPLSISLDGLKFSDDAATEPNNDEALHGYENGFSKLASVIAEDNRVSTPKKEDLFRPVPSLVDDLLSELNISEIQKLKQQLIQMEREKVNLLSTLQDSQKQLEQANGALSEHQERVNRLTENLNAIRKLQASKERQSALDNEKERDSHEDGDYYEVDINGPEILECKYKVAVSEAGELKEELKTLKVEYQTCQSRYDEERKRLESDVTTLGEKLATLEKISQADREEKLKLEKDLRKLSDVAGESQGSLSVAQDELVTFSEELATLYNHVCMCNNETPNRVMLDFYKEGKGGRSSPEGRGRRSPILITKGLFAEPGKTDLSDGVPSPVSSLPSPVSDHRREPMNIYNLVAIIRDQIKHLQLAVDRTTELSRQRVATLELGTVADKDKEACMEEILKLKSLLSTKREQIATLRTVLKANKQTAEVALTNLKSKYENEKAMVTETMMKLRNELKALKEDAATFSSLRAMFATRCDEYVTQLDEMQRQLAAAEDEKKTLNSLLRMAIQQKLALTQRLEDLEFDHEQTRRGVCLLALVLLKKKNATPPFSLLCLSVLFPQD	1	80	1	80	1.167E-34	136	1.000	0.096
HAPBU22127	AF-A0A665VZR1-F1-model_v4	0.900	80	8	MSVEEQGYPDAVLLMEAGPEWLRAEIGRLSRELSETTNEKIQAAEYGLAVLEEKQQLKQQYEDLEIEYEAVRQELDQLKE	MSVEEQGYPDAMLLLEARPEWMRTEIERLSRELSETTNEKIQAAEYGLVVLEEKQQLKQQYDDLEIEYEAVRQELDQLKEAFGQAYSNHRKVAADGESREESLIQESACKEAYYERRVLELQTELRQARNILANTQSENERLNTISQEMRENSQMVELQRNQLRDDIKEYKFREARLLQDYTELEEENISLQKQVSVLKQSQVEFEGLKHEIRRLEEDTQFLNSQLEDAIRLKEIAERQLGEALETIKTERELKASLRKELSHYMTIGDTLYHSISLDGLKFSDDAATEPNNDEALHGYENGFSKLASVIAEDNRVSTPKKEDLFRPVPSLVDDLLSELNISEIQKLKQQLIQMEREKVNLLSTLQDSQKQLEQANGALSEHQERVNRLTENLNAIRKLQASKERQSALDNEKERDSHEDGDYYEVDINGPEILECKYKVAVSEAGELKEELKTLKVEYQTCQSRYDEERKRLESDVTTLGEKLATLEKISQADREEKLKLEKDLRKLSDVAGESQGSLSVAQDELVTFSEELATLYNHVCMCNNETPNRVMLDFYKEGKGGRSSPEGRGRRSPILITKGLFAEPGKTDLSDGVPSPVSSLPSPVSDHRREPMNIYNLVAIIRDQIKHLQLAVDRTTELSRQRVATLELGTVADKDKEACMEEILKLKSLLSTKREQIATLRTVLKANKQTAEVALTNLKSKYENEKAMVTETMMKLRNELKALKEDAATFSSLRAMFATRCDEYVTQLDEMQRQLAAAEDEKKTLNSLLRMAIQQKLALTQRLEDLEFDHEQTRRGGNAGRGRGPTGRTLPALLLKSPTCSLSSPASLRSSRDCCVTNQLLVCASVNA	1	80	1	80	1.167E-34	136	1.000	0.094
HAPBU22127	AF-A0A665VZP9-F1-model_v4	0.900	80	8	MSVEEQGYPDAVLLMEAGPEWLRAEIGRLSRELSETTNEKIQAAEYGLAVLEEKQQLKQQYEDLEIEYEAVRQELDQLKE	MSVEEQGYPDAMLLLEARPEWMRTEIERLSRELSETTNEKIQAAEYGLVVLEEKQQLKQQYDDLEIEYEAVRQELDQLKEAFGQAYSNHRKVAADGESREESLIQESACKEAYYERRVLELQTELRQARNILANTQSENERLNTISQEMRENSQMVELQRNQLRDDIKEYKFREARLLQDYTELEEENISLQKQVSVLKQSQVEFEGLKHEIRRLEEDTQFLNSQLEDAIRLKEIAERQLGEALETIKTERELKASLRKELSHYMTIGDTLYHSPLSISLDGLKFSDDAATEPNNDEALHGYENGFSKLASVIAEDNRVSTPKKEDLFRPVPSLVDDLLSELNISEIQKLKQQLIQMEREKVNLLSTLQDSQKQLEQANGALSEHQERVNRLTENLNAIRKLQASKERQSALDNEKERDSHEDGDYYEVDINGPEILECKYKVAVSEAGELKEELKTLKVEYQTCQSRYDEERKRLESDVTTLGEKLATLEKISQADREEKLKLEKDLRKLSDVAGESQGSLSVAQDELVTFSEELATLYNHVCMCNNETPNRVMLDFYKEGKGGRSSPEGRGRRSPILITKGLFAEPGKTDLSDGVPSPVSSLPSPVSDHRREPMNIYNLVAIIRDQIKHLQLAVDRTTELSRQRVATLELGTVADKDKEACMEEILKLKSLLSTKREQIATLRTVLKANKQTAEVALTNLKSKYENEKAMVTETMMKLRNELKALKEDAATFSSLRAMFATRCDEYVTQLDEMQRQLAAAEDEKKTLNSLLRMAIQQKLALTQRLEDLEFDHEQTRRGGNAGRAKARSKAASSAANNPHIVSSTIHPLNRRRNYGGKKLPSEYFSSVNIQ	1	80	1	80	1.167E-34	136	1.000	0.094
