MONDO29199	AF-F6PIY7-F1-model_v4	1.000	80	0	MAGAMEEDEYTKLVMESQPEWLRAEVKRLFQELGETTREKIQAAEYGLVVLEEKQQLKLQYEELELEYETIRGEMEQLKE	MAGAMEEDEYTKLVMESQPEWLRAEVKRLFQELGETTREKIQAAEYGLVVLEEKQQLKLQYEELELEYETIRGEMEQLKEAFGQAHTNHKKVAADGESREETLIQESATKEEYYVRKVLELQTELKQLRNVLTNTQSENERLNSVAQELRETNQNVEIQRARLRDDIKEYKFREARLLQDYTELEEENISLQKQVSVLKQNQVEFEGLKHEIKRLEEETEYLNSQLEDAIRLKEISERQLEEALETLKTEREQKNNLRKELSHYMNINDSMYTSHLNFSLDGLKFSDEAAEPNNDDVLVNGFEQNGLNKMAACDSNKTSTPKKDDGFPPAPSLVSDLLSELNISEIQKLKQQLMQMEREKVGLLSTLQESQKQLESTRGALSEQREKVSRLTENLTAMKKLQVSKERQSALDNEKERDSHEDGDYYEVDINGPEILECKYKVAVAEMGDLKEELKSLKAKYEECESRYEEEKGRYETEGQALAEKIVLLEKSSRLDRERLARLEKELKKMSDVAGETQGSLSVAQDELVTFSEELANLYHHVCMCNNETPNRVMLDYYKEGKGGGRISPEGKGRRSPILLSKGLLAIDLGKTENGSGDSSPSPGSSLPSPVLDLRKEPMNIYNLIAIIRDQIKHLQAAVDRTTELSRQRVATQELGPVVDKDKEALMEEILKLKSLLSTKREQIATLRTVLKANKQTAEVALANLKSKYENEKAMVTETMMKLRNELKALKEDAATFSSLRAMFATRCDEYVTQLDEMQRQLAAAEDEKKTLNSLLRMAIQQKLALTQRLEHLELDHEQAKRGRTKSASKGKSGAPSL	1	80	1	80	3.387E-39	149	1.000	0.098
MONDO29199	AF-A0A6P5IN14-F1-model_v4	0.962	80	3	MAGAMEEDEYTKLVMESQPEWLRAEVKRLFQELGETTREKIQAAEYGLVVLEEKQQLKLQYEELELEYETIRGEMEQLKE	MAGAMEEEEYTKLVMESQPEWLRAEVKRLFHELGETTREKIQAAEYGLVVLEEKQQLKLQYEELELEYETIRSEMEQLKEAFGQAHTNHKKVAADGESREETLIQESATKEEYYVRKVLELQTELKQLRNVLTNTQSENERLNSVAQELKEINQNVEIQRARLRDDIKEYKFREARLLQDYTELEEENICLQKQVSILKQNQVEFEGLKHEIKRLEEETEYLNSQLEDAIRLKEIAERQLEESLETLKTEREQKNSLRKELSHYMNINDSMYTSHLSFSLDGLKFSDEAAEPNNDEVLVNGFEQNGLHKARPDSNKTSTPKKEEGLLPAPSLVSDLLSELNISEIQKLKQQLVQMEREKMTLLSTLQESQKQLESTRGALSEQHEKVSRLTENLTAMKKLRVSKERQSALDNEKERDSHEDGDYYEVDINGPEILECKYKVAVAEMGDLREELKVLKGRYEECASRYEEEKGRYETEGQALTEKIALLEKAGRLDREHLARLEKELKKVSDVAGETQGSLSVAQDELVTFSEELANLYHHVCMCNNETPNRVMLDYYKEGRGGGRGSPEGRGRRSPVLLSKGLLAIDLGKADNASGDGSPSPSSSLPSPVADPRKEPMNIYNLIAIIRDQIKHLQAAVDRTVELSRQRVAAQELGPVVDKDKEALMEEILKLKSLLSTKREQIATLRTVLKANKQTAEVALANLKSKYENEKAMVTETMMKLRNELKALKEDAATFSSLRAMFATRCDEYVTQLDEMQRQLAAAEDEKKTLNSLLRMAIQQKLALTQRLEHLELDHEQAKRGRTKSASKGKSSTPSL	1	80	1	80	3.909E-37	143	1.000	0.098
MONDO29199	AF-A0A4X2L4E7-F1-model_v4	0.962	80	3	MAGAMEEDEYTKLVMESQPEWLRAEVKRLFQELGETTREKIQAAEYGLVVLEEKQQLKLQYEELELEYETIRGEMEQLKE	MAGAMEEEEYTKLVMESQPEWLRAEVKRLFHELGETTREKIQAAEYGLVVLEEKQQLKLQYEELELEYETIRSEMEQLKEAFGQAHTNHKKVAADGESREETLIQESATKEEYYVRKVLELQTELKQLRNVLTNTQSENERLNSVAQELKEINQNVEIQRARLRDDIKEYKFREARLLQDYTELEEENICLQKQVSVLKQNQVEFEGLKHEIKRLEEETEYLNSQLEDAIRLKEIAERQLEESLETLKTEREQKNNLRKELSHYMNINDSMYTSHLSFSLDGLKFSDEAAEPNNDEVLVNGFEQNGLHKMAACDSNKTSTPKKEEGFPPAPSLVSDLLSELNISEIQKLKQQLVQMEREKMTLLSTLQESQKQLESTRGALSEQHEKVSRLTENLTAMKKLQVSKERQSALDNEKERDSHEDGDYYEVDINGPEILECKYKVAVAEVGDLREELKALKGRYEECASRYEEEKGRYETEGQALTEKIALLEKASRLDREHLARLEKELKKVSDVAGETQGSLSVAQDELVTFSEELANLYHHVCMCNNETPNRVMLDYYKEGKGGGRVSPEGKGRRSPILLSKGLLAIDLSKVESGSGDGSPSPSSSLPSPVSDPRKEPMNIYNLIAIIRDQIKHLQAAVDRTVELSRQRVATQELGPVVDKDKEALMEEILKLKSLLSTKREQIATLRTVLKANKQTAEVALANLKSKYENEKAMVTETMMKLRNELKALKEDAATFSSLRAMFATRCDEYVTQLDEMQRQLAAAEDEKKTLNSLLRMAIQQKLALTQRLEHLELDHEQAKRGRTKSASKGKSGTPSL	1	80	1	80	3.909E-37	143	1.000	0.098
MONDO29199	AF-G3WYI6-F1-model_v4	0.950	80	4	MAGAMEEDEYTKLVMESQPEWLRAEVKRLFQELGETTREKIQAAEYGLVVLEEKQQLKLQYEELELEYETIRGEMEQLKE	MAGPMEEEEYAKLVMESQPEWLRAEVKRLFHELGETTREKIQAAEYGLVVLEEKQQLKLQYEELELEYETIRGEMEQLKEAFGQAHTNHKKVAADGESREETLIQESATKEEYYVRKVLELQTELKQLRNVLTNTQSENERLNSVAQELREINQNVEIQRARLRDDIKEYKFREARLLQDYTELEEENISLQKQVSVLKQNQVEFEGLKHEIKRLEEETEYLNSQLEDAIRLKEISERQLEEALETLKTEREQKNNLRKELSHYMNINDSMYTSHLSFSLDGLKFSDETAEPNNDDVLVNGFEQNGLHKTAACDSNKTSTPKKDEGFPPAPSLVSDLLSELNISEIQKLKQQLMQMEREKVTLLSTLQESQKQLECTRGALSEQHEKVSRLTENLTAMKKLQVSKERQSALDNEKDRDSHEDGDYYEVDINGPEILECKYKVAMAEMGELREELKGLKSHYEACEARYEEERSRYENEGQSLAEKVALLEKAGRLEREHAARLEKELKKVSDVAGETQGSLSVAQDELVTFSEELANLYHHVCMCNNETPNRVMLDYYKEGKGGGRISPEGKGRRSPVLLSKGLLAIDLGKAEGGSGDSSPSPGSSLPSPVSDPRKEPMNIYNLIAIIRDQIKHLQAAVDRTMELSRQRVATQELGPVVDKDKEALMEEILKLKSLLSTKREQIATLRTVLKANKQHVRRSRLPTQSSTLLGGRRAEAWVTPQQTAEVALANLKSKYENEKAMVTETMMKLRNELKALKEDAATFSSLRAMFATRCDEYVTQLDEMQRQLAAAEDEKKTLNSLLRMAIQQKLALTQRLEHLELDHEQAKRGRTKSASKGKSSSPSL	1	80	1	80	1.387E-36	141	1.000	0.095
MONDO29199	AF-A0A7N4PV29-F1-model_v4	0.950	80	4	MAGAMEEDEYTKLVMESQPEWLRAEVKRLFQELGETTREKIQAAEYGLVVLEEKQQLKLQYEELELEYETIRGEMEQLKE	MAGPMEEEEYAKLVMESQPEWLRAEVKRLFHELGETTREKIQAAEYGLVVLEEKQQLKLQYEELELEYETIRGEMEQLKEAFGQAHTNHKKVAADGESREETLIQESATKEEYYVRKVLELQTELKQLRNVLTNTQSENERLNSVAQELREINQNVEIQRARLRDDIKEYKFREARLLQDYTELEEENISLQKQVSVLKQNQVEFEGLKHEIKRLEEETEYLNSQLEDAIRLKEISERQLEEALETLKTEREQKNNLRKELSHYMNINDSMYTSHLSFSLDGLKFSDETAEPNNDDVLVNGFEQNGLHKTAACDSNKTSTPKKDEGFPPAPSLVSDLLSELNISEIQKLKQQLMQMEREKVTLLSTLQESQKQLECTRGALSEQHEKVSRLTENLTAMKKLQVSKERQSALDNEKDRDSHEDGDYYEVDINGPEILECKYKVAMAEMGELREELKGLKSHYEACEARYEEERSRYENEGQSLAEKVALLEKAGRLEREHAARLEKELKKVSDVAGETQGSLSVAQDELVTFSEELANLYHHVCMCNNETPNRVMLDYYKEGKGGGRISPEGKGRRSPVLLSKGLLAIDLGKAEGGSGDSSPSPGSSLPSPVSDPRKEPMNIYNLIAIIRDQIKHLQAAVDRTMELSRQRVATQELGPVVDKDKEALMEEILKLKSLLSTKREQIATLRTVLKANKQTAEVALANLKSKYENEKAMVTETMMKLRNELKALKEDAATFSSLRAMFATRCDEYVTQLDEMQRQLAAAEDEKKTLNSLLRMAIQQKLALTQRLEHLELDHEQAKRGRTKSASKGKSSSPSVSHLRSCADRPEAAVLGGQVFCSEKYKIYCD	1	80	1	80	1.387E-36	141	1.000	0.094
MONDO29199	AF-A0A6J1UZR7-F1-model_v4	0.900	80	8	MAGAMEEDEYTKLVMESQPEWLRAEVKRLFQELGETTREKIQAAEYGLVVLEEKQQLKLQYEELELEYETIRGEMEQLKE	MSLAMEEEEYAKLVMESEPEWLRAEIKRLFQELGETTREKIQAAEYGLVVLEEKQQLKQQYEELELEYETIRTEMEQLKEAFGQAHTNHKKVAADGESREETLIQESATKEEYYMKKVMELQTELKQLKNVLANTQSENERLNSVAQELREINQNVEIQRGRLRDDIKEYKFRESRLLQDYTELEEENICLQKQVSILKQNQVEFEGLKHEIKRLEEVTEFLNSQLEDAIRLKEISERQLEEALETLKTEREQKNNLRKELSHYMNINDSMYTSHLNISLDGLKFSDETTEPNNDEIVNGFEPNCLSKINNGNNKASTPKKTDSFPPAPSLVNDLLSELNISEIQKLKQQLMQMEREKMNLLSTLQESQKQLENTRGALSEQHEKVGRLTENLNAMKKLQVSKERQSALDNEKERDSHEDGDYYEVDINGPEILECKYKVAMAEISDLKEELKALKTKYEECESKYEEDKSRYETESQVLTEKISSLDKSSRQDREQVIRLEKELRKVTDVAGETQGSLSVAQDELVTFSEELANLYHHVCMCNNETPNRVMLDYYKQGKGGHTSPEVKGHRSPILLSKGLLLIDLGKAETGSGESSPSPVSSLPSPVSEVSRKEPMNVYNLIAIIRDQIKHLQAAVDRTTELSRQRVTTQELGPVVDKDKEALMEEILKLKSLLSTKREQIATLRTVLKANKQTAEVALANLKSKYENEKAMVTETMMKLRNELKALKEDAATFSSLRAMFATRCDEYVTQLDEMQRQLAAAEDEKKTLNSLLRMAIQQKLALTQRLEHLELDHEQSKRVRAKSASKAKSSNPSL	1	80	1	80	1.071E-33	133	1.000	0.098
MONDO29199	AF-A0A6P9DLP9-F1-model_v4	0.900	80	8	MAGAMEEDEYTKLVMESQPEWLRAEVKRLFQELGETTREKIQAAEYGLVVLEEKQQLKLQYEELELEYETIRGEMEQLKE	MSLAMEEEEYAKLVMESEPEWLRAEIKRLFQELGETTREKIQAAEYGLVVLEEKQQLKQQYEELELEYETIRTEMEQLKEAFGQAHTNHKKVAADGESREETLIQESATKEEYYMKKVMELQTELKQLRNVLANTQSENERLNSVAQELREINQNVENQRGRLRDDIKEYKFRESRLLQDYTELEEENICLQKQVSILKQNQVEFEGLKHEIKRLEEVTEFLNSQLEDAIRLKEISERQLEEALETLKTEREQKNNLRKELSHYMNINDSMYTSHLNISLDGLKFSDETTEPNNDEIVNGFEPNCLSKINNGNNKASTPKKSDSFPPAPSLVNDLLSELNISEIQKLKQQLMQMEREKMNLLSTLQESQKQLENTRGALSEQHEKVGRLTENLNAMKKLQVSKERQSALDNEKERDSHEDGDYYEVDINGPEILECKYKVAMAEISDLKEELKAVKAKYEECESKYEEDKSRYETESQALTEKISSLDKSSRQDREQVIRLEKELRKVTDVAGETQGSLSVAQDELVTFSEELANLYHHVCMCNNETPNRVMLDYYKQGKGGHTSPEVKGHRSPILLSKGLLSIDLGKPETGSGESSPSPVSSLPSPVSEVSRKEPMNVYNLIAIIRDQIKHLQAAVDRTTELSRQRVTTQELGPVVDKDKEALMEEILKLKSLLSTKREQIATLRTVLKANKQTAEVALANLKSKYENEKAMVTETMMKLRNELKALKEDAATFSSLRAMFATRCDEYVTQLDEMQRQLAAAEDEKKTLNSLLRMAIQQKLALTQRLEHLELDHEQSKRVRTKSASKAKSSNPSL	1	80	1	80	1.071E-33	133	1.000	0.098
MONDO29199	AF-A0A6J1UQ72-F1-model_v4	0.900	80	8	MAGAMEEDEYTKLVMESQPEWLRAEVKRLFQELGETTREKIQAAEYGLVVLEEKQQLKLQYEELELEYETIRGEMEQLKE	MSLAMEEEEYAKLVMESEPEWLRAEIKRLFQELGETTREKIQAAEYGLVVLEEKQQLKQQYEELELEYETIRTEMEQLKEAFGQAHTNHKKVAADGESREETLIQESATKEEYYMKKVMELQTELKQLKNVLANTQSENERLNSVAQELREINQNVEIQRGRLRDDIKEYKFRESRLLQDYTELEEENICLQKQVSILKQNQVEFEGLKHEIKRLEEVTEFLNSQLEDAIRLKEISERQLEEALETLKTEREQKNNLRKELSHYMNINDSMYTSHLNISLDGLKFSDETTEPNNDEIVNGFEPNCLSKINNGNNKASTPKKTDSFPPAPSLVNDLLSELNISEIQKLKQQLMQMEREKMNLLSTLQESQKQLENTRGALSEQHEKVGRLTENLNAMKKLQVSKERQSALDNEKERDSHEDGDYYEVDINGPEILECKYKVAMAEISDLKEELKALKTKYEECESKYEEDKSRYETESQVLTEKISSLDKSSRQDREQVIRLEKELRKVTDVAGETQGSLSVAQDELVTFSEELANLYHHVCMCNNETPNRVMLDYYKQGKGGHTSPEVKGHRSPILLSKGLLLIDLGKAETGSGESSPSPVSSLPSPVSEVSRKEPMNVYNLIAIIRDQIKHLQAAVDRTTELSRQRVTTQELGPVVDKDKEALMEEILKLKSLLSTKREQIATLRTVLKANKQTAEVALANLKSKYENEKAMVTETMMKLRNELKALKEDAATFSSLRAMFATRCDEYVTQLDEMQRQLAAAEDEKKTLNSLLRMAIQQKLALTQRLEHLELDHEQSKRVRAKSASKAKSSNPSPSPTSASGTSLLSDFTASLYWLA	1	80	1	80	1.071E-33	133	1.000	0.095
MONDO29199	AF-A0A6J1UQ51-F1-model_v4	0.900	80	8	MAGAMEEDEYTKLVMESQPEWLRAEVKRLFQELGETTREKIQAAEYGLVVLEEKQQLKLQYEELELEYETIRGEMEQLKE	MSLAMEEEEYAKLVMESEPEWLRAEIKRLFQELGETTREKIQAAEYGLVVLEEKQQLKQQYEELELEYETIRTEMEQLKEAFGQAHTNHKKVAADGESREETLIQESATKEEYYMKKVMELQTELKQLKNVLANTQSENERLNSVAQELREINQNVEIQRGRLRDDIKEYKFRESRLLQDYTELEEENICLQKQVSILKQNQVEFEGLKHEIKRLEEVTEFLNSQLEDAIRLKEISERQLEEALETLKTEREQKNNLRKELSHYMNINDSMYTSHLNISLDGLKFSDETTEPNNDEIVNGFEPNCLSKINNGNNKASTPKKTDSFPPAPSLVNDLLSELNISEIQKLKQQLMQMEREKMNLLSTLQESQKQLENTRGALSEQHEKVGRLTENLNAMKKLQVSKERQSALDNEKERDSHEDGDYYEVDINGPEILECKYKVAMAEISDLKEELKALKTKYEECESKYEEDKSRYETESQVLTEKISSLDKSSRQDREQVIRLEKELRKVTDVAGETQGSLSVAQDELVTFSEELANLYHHVCMCNNETPNRVMLDYYKQGKGGHTSPEVKGHRSPILLSKGLLLIDLGKAETGSGESSPSPVSSLPSPVSEVSRKEPMNVYNLIAIIRDQIKHLQAAVDRTTELSRQRVTTQELGPVVDKDKEALMEEILKLKSLLSTKREQIATLRTVLKANKQTAEVALANLKSKYENEKAMVTETMMKLRNELKALKEDAATFSSLRAMFATRCDEYVTQLDEMQRQLAAAEDEKKTLNSLLRMAIQQKLALTQRLEHLELDHEQSKRVRAKSASKAKSSNPSVSHIRSCGDKSEGSVLNNQVFCSDKYKICCD	1	80	1	80	1.071E-33	133	1.000	0.095
MONDO29199	AF-A0A0F7ZD06-F1-model_v4	0.900	80	8	MAGAMEEDEYTKLVMESQPEWLRAEVKRLFQELGETTREKIQAAEYGLVVLEEKQQLKLQYEELELEYETIRGEMEQLKE	MSLAMEEEEYAKLVMESEPEWLRAEIKRLFQELGETTREKIQAAEYGLVVLEEKQQLKQQYEELELEYETIRTEMEQLKEAFGQAHTNHKKVAADGESREETLIQESATKEEYYMKKVMELQTELKQLRNVLANTQSENERLNSVAQELREINQNVEIQRGRLRDDIKEYKFRESRLLQDYTELEEENICLQKQVSILKQNQVEFEGLKHEIKRLEEVTEFLNSQLEDAIRLKEISERQLEEALETLKTEREQKNNLRKELSHYMNINDSMYTSHLNISLDGLKFSDETTEPNNDEIVNGFEPNCLSKINNGNNKASTPKKPDSFPPAPSLVNDLLSELNISEIQKLKQQLMQMEREKMNLLSTLQESQKQLENTRGALSEQREKVGRLTENLSAMKKLQVSKERQSALDNEKDRDSHEDGDYYEVDINDPEILECKYKVAVAEISDLKEELKALKTKYEECESKYEEDKGRYETETQALTEKIGSLDKSSRQDREQVIRLEKELRKVTDVAGETQGSLSVAQDELVTFSEELANLYHHVCMCNNETPNRVMLDYYKQGKGGHTSPEVKGHRSPILLSKGLLSIDLGKSETGSGESSPSPVSSLPSPVSEVSRKEPMNVYNLIAIIRDQIKHLQAAVDRTTELSRHRVTTQELGPVVDKDKEAFMEEILKLKSLLSTKREQIATLRTVLKANKQTAEVALANLKSKYENEKAMVTETMMKLRNELKALKEDAATFSSLRAMFATRCDEYVTQLDEMQRQLAAAEDEKKTLNSLLRMAIQQKLALTQRLEHLELDNEQSKRVRTKSASKVKSSSPSVSHIRSCGDKSEGSVLNNQVFCSDKYKICCD	1	80	1	80	1.071E-33	133	1.000	0.095
MONDO29199	AF-A0A6P9DA55-F1-model_v4	0.900	80	8	MAGAMEEDEYTKLVMESQPEWLRAEVKRLFQELGETTREKIQAAEYGLVVLEEKQQLKLQYEELELEYETIRGEMEQLKE	MSLAMEEEEYAKLVMESEPEWLRAEIKRLFQELGETTREKIQAAEYGLVVLEEKQQLKQQYEELELEYETIRTEMEQLKEAFGQAHTNHKKVAADGESREETLIQESATKEEYYMKKVMELQTELKQLRNVLANTQSENERLNSVAQELREINQNVENQRGRLRDDIKEYKFRESRLLQDYTELEEENICLQKQVSILKQNQVEFEGLKHEIKRLEEVTEFLNSQLEDAIRLKEISERQLEEALETLKTEREQKNNLRKELSHYMNINDSMYTSHLNISLDGLKFSDETTEPNNDEIVNGFEPNCLSKINNGNNKASTPKKSDSFPPAPSLVNDLLSELNISEIQKLKQQLMQMEREKMNLLSTLQESQKQLENTRGALSEQHEKVGRLTENLNAMKKLQVSKERQSALDNEKERDSHEDGDYYEVDINGPEILECKYKVAMAEISDLKEELKAVKAKYEECESKYEEDKSRYETESQALTEKISSLDKSSRQDREQVIRLEKELRKVTDVAGETQGSLSVAQDELVTFSEELANLYHHVCMCNNETPNRVMLDYYKQGKGGHTSPEVKGHRSPILLSKGLLSIDLGKPETGSGESSPSPVSSLPSPVSEVSRKEPMNVYNLIAIIRDQIKHLQAAVDRTTELSRQRVTTQELGPVVDKDKEALMEEILKLKSLLSTKREQIATLRTVLKANKQTAEVALANLKSKYENEKAMVTETMMKLRNELKALKEDAATFSSLRAMFATRCDEYVTQLDEMQRQLAAAEDEKKTLNSLLRMAIQQKLALTQRLEHLELDHEQSKRVRTKSASKAKSSNPSVSHIRSCGDKSEGSVLNNQVFCSDKYKICCD	1	80	1	80	1.071E-33	133	1.000	0.095
MONDO29199	AF-A0A6P9DA43-F1-model_v4	0.900	80	8	MAGAMEEDEYTKLVMESQPEWLRAEVKRLFQELGETTREKIQAAEYGLVVLEEKQQLKLQYEELELEYETIRGEMEQLKE	MSLAMEEEEYAKLVMESEPEWLRAEIKRLFQELGETTREKIQAAEYGLVVLEEKQQLKQQYEELELEYETIRTEMEQLKEAFGQAHTNHKKVAADGESREETLIQESATKEEYYMKKVMELQTELKQLRNVLANTQSENERLNSVAQELREINQNVENQRGRLRDDIKEYKFRESRLLQDYTELEEENICLQKQVSILKQNQVEFEGLKHEIKRLEEVTEFLNSQLEDAIRLKEISERQLEEALETLKTEREQKNNLRKELSHYMNINDSMYTSHLNISLDGLKFSDETTEPNNDEIVNGFEPNCLSKINNGNNKASTPKKSDSFPPAPSLVNDLLSELNISEIQKLKQQLMQMEREKMNLLSTLQESQKQLENTRGALSEQHEKVGRLTENLNAMKKLQVSKERQSALDNEKERDSHEDGDYYEVDINGPEILECKYKVAMAEISDLKEELKAVKAKYEECESKYEEDKSRYETESQALTEKISSLDKSSRQDREQVIRLEKELRKVTDVAGETQGSLSVAQDELVTFSEELANLYHHVCMCNNETPNRVMLDYYKQGKGGHTSPEVKGHRSPILLSKGLLSIDLGKPETGSGESSPSPVSSLPSPVSEVSRKEPMNVYNLIAIIRDQIKHLQAAVDRTTELSRQRVTTQELGPVVDKDKEALMEEILKLKSLLSTKREQIATLRTVLKANKQTAEVALANLKSKYENEKAMVTETMMKLRNELKALKEDAATFSSLRAMFATRCDEYVTQLDEMQRQLAAAEDEKKTLNSLLRMAIQQKLALTQRLEHLELDHEQSKRVRTKSASKAKSSNPSPSPTSGSGTSLLSDFTAHCIGWHDILTHLHACEEAAASLINSLVNLPLFIYA	1	80	1	80	1.071E-33	133	1.000	0.092
MONDO29199	AF-A0A2D4NJT7-F1-model_v4	0.900	80	8	MAGAMEEDEYTKLVMESQPEWLRAEVKRLFQELGETTREKIQAAEYGLVVLEEKQQLKLQYEELELEYETIRGEMEQLKE	VLRGSSFCLLSLPHFLPFLPVWKPPSRPPPPAAKMSLAMEEEEYGKLVMESEPEWLRAEIKRLFQELGETTREKIQAAEYGLVVLEEKQQLKQQYEELELEYETIRTEMEQLKEAFGQAHTNHKKVAADGESREETLIQESATKEEYYMKKVMELQTELKQLRNVLANTQSENERLNSVAQELREINQNVEIQRGRLRDDIKEYKFRESRLLQDYTELEEENICLQKQVSILKQNQVEFEGLKHEIKRLEEVTEFLNSQLEDAIRLKEISERQLEEALETLKTEREQKNNLRKELSHYMNINDSMYTSHLNISLDGLKFSDETTEPNNDEIVNGFEPNCLSKINNGNNKASIPKKTDSFPPAPSLVNDLLSELNISEIQKLKQQLMQMEREKMHLL	1	80	35	114	2.018E-33	132	1.000	0.202
MONDO29199	AF-A0A2D4IBI0-F1-model_v4	0.900	80	8	MAGAMEEDEYTKLVMESQPEWLRAEVKRLFQELGETTREKIQAAEYGLVVLEEKQQLKLQYEELELEYETIRGEMEQLKE	MSLAMEEEEYGKLVMESEPEWLRAEIKRLFQELGETTREKIQAAEYGLVVLEEKQQLKQQYEELELEYETIRTEMEQLKEAFGQAHTNHKKVAADGESREETLIQESATKEEYYMKKVMELQTELKQLRNVLANTQSENERLNSVAQELREINQNVEIQRGRLRDDIKEYKFRESRLLQDYTELEEENICLQKQVSILKQNQVEFEGLKHEIKRLEEVTEFLNSQLEDAIRLKEISERQLEEALETLKTEREQKNNLRKELSHYMNINDSMYTSHLNISLDGLKFSDETTEPNNDEIVNGFEPNCLSKINNDNNKASTPKKPDSFPPAPSLVNDLLSELNISEIQKLKQQLMQMEREKMNLLSTLQESQKQLENTRGALSEQHEKVGRLTENLNAMKKLQVSKERQSALDNEKERDSHEDGDYYEVDINGPEILECKYKVAMAEISDLKEELKALKAKYEECESKYEEDKSRYETESQALTEKISSLDKSSRQDREQVIRLEKELRKVTDVAGETQGSLSVAQDELVTFSEELANLYHHVCMCNNETPNRVMLDYYKQGKGGHTSPEVKGHRSPILLSKGLLSIDLGKPETGSGESSPSPVSSLPSPVSEVSRKEPMNVYNLIAIIRDQIKHLQAAVDRTTELSRQRVTTQELGPVVDKDKEVLMEEILKLKSLLSTKREQIATLRTVLKANKQTAEVALANLKSKYENEKAMVTETMMKLRNELKALKEDAATFSSLRAMFATRCDEYVTQLDEMQRQLAAAEDEKKTLNSLLRMAIQQKLALTQRLEHLELDHEQSKRVRAKSASKAKSSNPSL	1	80	1	80	2.018E-33	132	1.000	0.098
