ORENI36670	AF-A0A669EK75-F1-model_v4	1.000	80	0	MSVEEQGYPDAVLLMEAAPEWLRAEIGRLSRELSETTNEKIQAAEYGLAVLEEKQQLKQQYEDLEMEYEAVRQELDQLKE	MSVEEQGYPDAVLLMEAAPEWLRAEIGRLSRELSETTNEKIQAAEYGLAVLEEKQQLKQQYEDLEMEYEAVRQELDQLKEAFGQAYSNHRKVAADGESREESLIQESACKEAYYEQRVLELQNELRQTRNILTNTQSENERLNAISQDLRESSQMVELQRNQLRDDIKEYKFRESRLLQDYTELEEENISLQKQVSMLKQSQVEFEGLKHEIRRLEEDTQFLNSQLEDAIRLKEIAERQLSEALETIKTERELKASLRKELSHYMNIGDTLYNSPLSISLDGLKFSDDAATEPNNDEALHGYENGFIKLANAITDDNRISMPKKEELFRPVPSLVDDLLSELNISEIQKLKQQLMQMEREKVNLMSTLQDSQKQLEQANGALSEHQEKVNRLTENLNAIRKLQASKERQSALDNEKERDSHEDVDYYEVDINGPEILECKYKVAVSEAGELKEELKTLKAEYQACQSRYEEERTRLATDVTTLKENLATLEKTSHVEREEKAKLEKELRKLSDVAGESQGSLSVAQDELVTFSEELATLYNHVCMCNNETPNRVMLDFYKEGKGGRSSPEGRGRRSPSSPSPISSLPSPVSDHRREPMNIYNLVAIIRDQIKHLQLAVDRTTELSRQRVASLELGTVADKDKEACMEEILKLKSLLSTKREQIATLRTVLKANKQTAEVALANLKSKYENEKAMVTETMMKLRNELKALKEDAATFSSLRAMFATRCDEYVTQLDEMQRQLAAAEDEKKTLNSLLRMAIQQKLALTQRLEDLEFDHEQTRRGGEGAHGPKPSLP	1	80	1	80	1.798E-39	149	1.000	0.101
ORENI36670	AF-A0A668VWE4-F1-model_v4	1.000	80	0	MSVEEQGYPDAVLLMEAAPEWLRAEIGRLSRELSETTNEKIQAAEYGLAVLEEKQQLKQQYEDLEMEYEAVRQELDQLKE	MSVEEQGYPDAVLLMEAAPEWLRAEIGRLSRELSETTNEKIQAAEYGLAVLEEKQQLKQQYEDLEMEYEAVRQELDQLKEAFGQAYSNHRKVAADGESREESLIQESACKEAYYEQRVLELQNELRQTRNILTNTQSENERLNAISQDLRESSQMVELQRNQLRDDIKEYKFRESRLLQDYTELEEENISLQKQVSMLKQSQVEFEGLKHEIRRLEEDTQFLNSQLEDAIRLKEIAERQLSEALETIKTERELKASLRKELSHYMNIGDTLYNSPLSISLDGLKFSDDAATEPNNDEALHGYENGFIKLANAITDDNRISMPKKEELFRPVPSLVDDLLSELNISEIQKLKQQLMQMEREKVNLMSTLQDSQKQLEQANGALSEHQEKVNRLTENLNAIRKLQASKERQSALDNEKERDSHEDVDYYEVDINGPEILECKYKVAVSEAGELKEELKTLKAEYQACQSRYEEERTRLATDVTTLKDNLATLEKTSHVEREEKAKLEKELRKLSDVAGESQGSLSVAQDELVTFSEELATLYNHVCMCNNETPNRVMLDFYKEGKGGRSSPEGRGRRSPILLTKGLFPEPSKTDLSDGAPSPISSLPSPVSDHRREPMNIYNLVAIIRDQIKHLQLAVDRTTELSRQRVASLELGTVADKDKEACMEEILKLKSLLSTKREQIATLRTVLKANKQTAEVALANLKSKYENEKAMVTETMMKLRNELKALKEDAATFSSLRAMFATRCDEYVTQLDEMQRQLAAAEDEKKTLNSLLRMAIQQKLALTQRLEDLEFDHEQTRRGGNAGRAKGAHGPKPSLP	1	80	1	80	1.798E-39	149	1.000	0.098
ORENI36670	AF-I3KKN9-F1-model_v4	1.000	80	0	MSVEEQGYPDAVLLMEAAPEWLRAEIGRLSRELSETTNEKIQAAEYGLAVLEEKQQLKQQYEDLEMEYEAVRQELDQLKE	MSVEEQGYPDAVLLMEAAPEWLRAEIGRLSRELSETTNEKIQAAEYGLAVLEEKQQLKQQYEDLEMEYEAVRQELDQLKEAFGQAYSNHRKVAADGESREESLIQESACKEAYYEQRVLELQNELRQTRNILTNTQSENERLNAISQDLRESSQMVELQRNQLRDDIKEYKFRESRLLQDYTELEEENISLQKQVSMLKQSQVEFEGLKHEIRRLEEDTQFLNSQLEDAIRLKEIAERQLSEALETIKTERELKASLRKELSHYMNIGDTLYNSPLSISLDGLKFSDDAATEPNNDEALHGYENGFIKLANAITDDNRISMPKKEELFRPVPSLVDDLLSELNISEIQKLKQQLMQMEREKVNLMSTLQDSQKQLEQANGALSEHQEKVNRLTENLNAIRKLQASKERQSALDNEKERDSHEDVDYYEVDINGPEILECKYKVAVSEAGELKEELKTLKAEYQACQSRYEEERTRLATDVTTLKENLATLEKTSHVEREEKAKLEKELRKLSDVAGESQGSLSVAQDELVTFSEELATLYNHVCMCNNETPNRVMLDFYKEGKGGRSSPEGRGRRSPSSPSPISSLPSPVSDHRREPMNIYNLVAIIRDQIKHLQLAVDRTTELSRQRVASLELGTVADKDKEACMEEILKLKSLLSTKREQIATLRTVLKANKQTAEVALANLKSKYENEKAMVTETMMKLRNELKALKEDAATFSSLRAMFATRCDEYVTQLDEMQRQLAAAEDEKKTLNSLLRMAIQQKLALTQRLEDLEFDHEQTRRGGNAGRAKARSKAASTASATAHSNSVPSGILGGPVVFCSEKYKIYCD	1	80	1	80	1.798E-39	149	1.000	0.097
ORENI36670	AF-A0A668VWD7-F1-model_v4	1.000	80	0	MSVEEQGYPDAVLLMEAAPEWLRAEIGRLSRELSETTNEKIQAAEYGLAVLEEKQQLKQQYEDLEMEYEAVRQELDQLKE	MSVEEQGYPDAVLLMEAAPEWLRAEIGRLSRELSETTNEKIQAAEYGLAVLEEKQQLKQQYEDLEMEYEAVRQELDQLKEAFGQAYSNHRKVAADGESREESLIQESACKEAYYEQRVLELQNELRQTRNILTNTQSENERLNAISQDLRESSQMVELQRNQLRDDIKEYKFRESRLLQDYTELEEENISLQKQVSMLKQSQVEFEGLKHEIRRLEEDTQFLNSQLEDAIRLKEIAERQLSEALETIKTERELKASLRKELSHYMNIGDTLYNSPLSISLDGLKFSDDAATEPNNDEALHGYENGFIKLANAITDDNRISMPKKEELFRPVPSLVDDLLSELNISEIQKLKQQLMQMEREKVNLMSTLQDSQKQLEQANGALSEHQEKVNRLTENLNAIRKLQASKERQSALDNEKERDSHEDVDYYEVDINGPEILECKYKVAVSEAGELKEELKTLKAEYQACQSRYEEERTRLATDVTTLKDNLATLEKTSHVEREEKAKLEKELRKLSDVAGESQGSLSVAQDELVTFSEELATLYNHVCMCNNETPNRVMLDFYKEGKGGRSSPEGRGRRSPILLTKGLFPEPSKTDLSDGAPSPISSLPSPVSDHRREPMNIYNLVAIIRDQIKHLQLAVDRTTELSRQRVASLELGTVADKDKEACMEEILKLKSLLSTKREQIATLRTVLKANKQTAEVALANLKSKYENEKAMVTETMMKLRNELKALKEDAATFSSLRAMFATRCDEYVTQLDEMQRQLAAAEDEKKTLNSLLRMAIQQKLALTQRLEDLEFDHEQTRRGGNAGRAKARSKAAGTASAAAATNATNNPH	1	80	1	80	1.798E-39	149	1.000	0.097
ORENI36670	AF-A0A668VWE2-F1-model_v4	1.000	80	0	MSVEEQGYPDAVLLMEAAPEWLRAEIGRLSRELSETTNEKIQAAEYGLAVLEEKQQLKQQYEDLEMEYEAVRQELDQLKE	MSVEEQGYPDAVLLMEAAPEWLRAEIGRLSRELSETTNEKIQAAEYGLAVLEEKQQLKQQYEDLEMEYEAVRQELDQLKEAFGQAYSNHRKVAADGESREESLIQESACKEAYYEQRVLELQNELRQTRNILTNTQSENERLNAISQDLRESSQMVELQRNQLRDDIKEYKFRESRLLQDYTELEEENISLQKQVSMLKQSQVEFEGLKHEIRRLEEDTQFLNSQLEDAIRLKEIAERQLSEALETIKTERELKASLRKELSHYMNIGDTLYNSPLSISLDGLKFSDDAATEPNNDEALHGYENGFIKLANAITDDNRISMPKKEELFRPVPSLVDDLLSELNISEIQKLKQQLMQMEREKVNLMSTLQDSQKQLEQANGALSEHQEKVNRLTENLNAIRKLQASKERQSALDNEKERDSHEDVDYYEVDINGPEILECKYKVAVSEAGELKEELKTLKAEYQACQSRYEEERTRLATDVTTLKDNLATLEKTSHVEREEKAKLEKELRKLSDVAGESQGSLSVAQDELVTFSEELATLYNHVCMCNNETPNRVMLDFYKEGKGGRSSPEGRGRRSPILLTKGLFPEPSKTDLSDGAPSPISSLPSPVSDHRREPMNIYNLVAIIRDQIKHLQLAVDRTTELSRQRVASLELGTVADKDKEACMEEILKLKSLLSTKREQIATLRTVLKANKQTAEVALANLKSKYENEKAMVTETMMKLRNELKALKEDAATFSSLRAMFATRCDEYVTQLDEMQRQLAAAEDEKKTLNSLLRMAIQQKLALTQRLEDLEFDHEQTRRGGNAGRAKARSKAAGTASAAAHSISVPSGILGGPVVFCSEKYKIYCD	1	80	1	80	1.798E-39	149	1.000	0.095
ORENI36670	AF-A0A669EWE9-F1-model_v4	1.000	80	0	MSVEEQGYPDAVLLMEAAPEWLRAEIGRLSRELSETTNEKIQAAEYGLAVLEEKQQLKQQYEDLEMEYEAVRQELDQLKE	MSVEEQGYPDAVLLMEAAPEWLRAEIGRLSRELSETTNEKIQAAEYGLAVLEEKQQLKQQYEDLEMEYEAVRQELDQLKEAFGQAYSNHRKVAADGESREESLIQESACKEAYYEQRVLELQNELRQTRNILTNTQSENERLNAISQDLRESSQMVELQRNQLRDDIKEYKFRESRLLQDYTELEEENISLQKQVSMLKQSQVEFEGLKHEIRRLEEDTQFLNSQLEDAIRLKEIAERQLSEALETIKTERELKASLRKELSHYMNIGDTLYNSPLSISLDGLKFSDDAATEPNNDEALHGYENGFIKLANAITDDNRISMPKKEELFRPVPSLVDDLLSELNISEIQKLKQQLMQMEREKVNLMSTLQDSQKQLEQANGALSEHQEKVNRLTENLNAIRKLQASKERQSALDNEKERDSHEDVDYYEVDINGPEILECKYKVAVSEAGELKEELKTLKAEYQACQSRYEEERTRLATDVTTLKENLATLEKTSHVEREEKAKLEKELRKLSDVAGESQGSLSVAQDELVTFSEELATLYNHVCMCNNETPNRVMLDFYKEGKGGRSSPEGRGRRSPSSPSPISSLPSPVSDHRREPMNIYNLVAIIRDQIKHLQLAVDRTTELSRQRVASLELGTVADKDKEACMEEILKLKSLLSTKREQIATLRTVLKANKQTAEVALANLKSKYENEKAMVTETMMKLRNELKALKEDAATFSSLRAMFATRCDEYVTQLDEMQRQLAAAEDEKKTLNSLLRMAIQQKLALTQRLEDLEFDHEQTRRGGNAGRAKARSKAASTASATAATNTTTNNPHVSQSLTCSVSGRPEHSNSVPSGILGGPVVFCSEKYKIYCD	1	80	1	80	1.798E-39	149	1.000	0.094
ORENI36670	AF-A0A3Q0R481-F1-model_v4	0.975	80	2	MSVEEQGYPDAVLLMEAAPEWLRAEIGRLSRELSETTNEKIQAAEYGLAVLEEKQQLKQQYEDLEMEYEAVRQELDQLKE	MSVEEQGYPDAVLLMEAGPEWLRAEIGRLSRELSETTNEKIQAAEYGLAVLEEKQQLKQQYEDLEMEYEAVRQELDQLREAFGQAYSNHRKVAADGESREESLIQESACKEAYYERRVLELQNEVRQTRNILTNTQSENERLNAITQELRENSQMVELQRNQLRDDIKEYKFREARLLQDYTELEEENISLQKQVSVLKQSQVEFEGLKHEIRRLEEDTQFLNSQLEDAIRLKEIAERQLSEALETIKTERELKASLRKELSHYMSIGDTLYHSPLSISLDGLKFSDDAATEPNNDEALHGYENGFTKLANAIADDNRISTPKKDELFCPVPSLVDDLLSELNISEIQKLKQQLMQMEREKVNLVSTLQDSQKQLEQANGALSEHQEKVNRLTENLNAIRKLQASKERQSALDNEKERDSHEDVDYYEVDINGPEILECKYKVAVSEAGELKEELKTLKAEYQACQSRYEDERTRLANDVTTLKETLATLEKTSHAEKEEKAKLEKELRKLSDVAGESQGSLSVAQDELVTFSEELATLYNHVCMCNNETPNRVMLDFYKEGKGGRSSPEGRGRRSPILLAKGLFPEPGKTDLSDGAPSPISSLPSPVSDHRREPMNIYNLVAIIRDQIKHLQLAVDRTTELSRQRVASLELGTVADKDKEACMEEILKLKSLLSTKREQIATLRTVLKANKQTAEVALANLKSKYENEKAMVTETMMKLRNELKALKEDAATFSSLRAMFATRCDEYVTQLDEMQRQLAAAEDEKKTLNSLLRMAIQQKLALTQRLEDLEFDHEQTRRGGNAGRSKARSKAASSAASANSNPHVSQSLTCAGLGRPEHSSSVPNGILGGPVVFCSEKYKIYCD	1	80	1	80	1.649E-38	147	1.000	0.093
ORENI36670	AF-A0A3B4FAV3-F1-model_v4	0.975	80	2	MSVEEQGYPDAVLLMEAAPEWLRAEIGRLSRELSETTNEKIQAAEYGLAVLEEKQQLKQQYEDLEMEYEAVRQELDQLKE	MSVEEQGYPDAVLLMEAGPEWLRAEIGRLSRELSETTNEKIQAAEYGLAVLEEKQQLKQQYEDLEIEYEAVRQELDQLKEAFGQAYSNHRKVAADGESREESLIQESACKEAYYEQRVLELQNELRQTRNILTNTQSENERLNAISQDLRESSQMVELQRNQLRDDIKEYKFRESRLLQDYTELEEENISLQKQVSMLKQSQVEFEGLKHEIRRLEEDTQFLNSQLEDAIRLKEIAERQLSEALETIKTERELKASLRKELSHYMNIGDTLYNSPLSISLDGLKFSDDAATEPNNDEALHGYENGFIKLANAITDDNRIPMPKKEELFRPVPSLVDDLLSELNISEIQKLKQQLMQMEREKVNLMSTLQDSQKQLEQANGALSEHQEKVNRLTENLNAIRKLQASKERQSALDNEKERDSHEDVDYYEVDINGPEILECKYKVAVSEAGELKEELKTLKAEYQACQSRYEEERTRLATDVTTLKENLTTLEKTSHAEREEKAKLEKELRKVSDVAGESQGSLSVAQDELVTFSEELATLYNHVCMCNNETPNRVMLDFYKEGKGGRSSPEGRGRRSPILLTKGLFPEPSKTDLSDGAPSPISSLPSPVSDHRREPMNIYNLVAIIRDQIKHLQLAVDRTTELSRQRVASLELGTVADKDKEACMEEILKLKSLLSTKREQIATLRTVLKANKQTAEVALANLKSKYENEKAMVTETMMKLRNELKALKEDAATFSSLRAMFATRCDEYVTQLDEMQRQLAAAEDEKKTLNSLLRMAIQQKLALTQRLEDLEFDHEQTRRGGNAGRLAPPASPLTL	1	80	1	80	2.263E-38	146	1.000	0.098
ORENI36670	AF-A0A3P9DIP5-F1-model_v4	0.975	80	2	MSVEEQGYPDAVLLMEAAPEWLRAEIGRLSRELSETTNEKIQAAEYGLAVLEEKQQLKQQYEDLEMEYEAVRQELDQLKE	MSVEEQGYPDAVLLMEAGPEWLRAEIGRLSRELSETTNEKIQAAEYGLAVLEEKQQLKQQYEDLEIEYEAVRQELDQLKEAFGQAYSNHRKVAADGESREESLIQESACKEAYYEQRVLELQNELRQTRNILTNTQSENERLNAISQDLRESSQMVELQRNQLRDDIKEYKFRESRLLQDYTELEEENISLQKQVSMLKQSQVEFEGLKHEIRRLEEDTQFLNSQLEDAIRLKEIAERQLSEALETIKTERELKASLRKELSHYMNIGDTLYNSPLSISLDGLKFSDDAATEPNNDEALHGYENGFIKLANAITDDNRIPMPKKEELFRPVPSLVDDLLSELNISEIQKLKQQLMQMEREKVNLMSTLQDSQKQLEQANGALSEHQEKVNRLTENLNAIRKLQASKERQSALDNEKERDSHEDVDYYEVDINGPEILECKYKVAVSEAGELKEELKTLKAEYQACQSRYEEERTRLATDVTTLKENLTTLEKTSHAEREEKAKLEKELRKVSDVAGESQGSLSVAQDELVTFSEELATLYNHVCMCNNETPNRVMLDFYKEGKGGRSSPEGRGRRSPILLTKGLFPEPSKTDLSDGAPSPISSLPSPVSDHRREPMNIYNLVAIIRDQIKHLQLAVDRTTELSRQRVASLELGTVADKDKEACMEEILKLKSLLSTKREQIATLRTVLKANKQTAEVALANLKSKYENEKAMVTETMMKLRNELKALKEDAATFSSLRAMFATRCDEYVTQLDEMQRQLAAAEDEKKTLNSLLRMAIQQKLALTQRLEDLEFDHEQTRRGGNAGRLAPPASPLTL	1	80	1	80	2.263E-38	146	1.000	0.098
ORENI36670	AF-A0A3Q2X5K8-F1-model_v4	0.975	80	2	MSVEEQGYPDAVLLMEAAPEWLRAEIGRLSRELSETTNEKIQAAEYGLAVLEEKQQLKQQYEDLEMEYEAVRQELDQLKE	MSVEEQGYPDAVLLMEAGPEWLRAEIGRLSRELSETTNEKIQAAEYGLAVLEEKQQLKQQYEDLEIEYEAVRQELDQLKEAFGQAYSNHRKVAADGESREESLIQESACKEAYYEQRVLELQNELRQTRNILTNTQSENERLNAISQDLRESSQMVELQRNQLRDDIKEYKFRESRLLQDYTELEEENISLQKQVSMLKQSQVEFEGLKHEIRRLEEDTQFLNSQLEDAIRLKEIAERQLSEALETIKTERELKASLRKELSHYMNIGDTLPLSISLDGLKFSDDAATEPNNDEALHGYENGFIKLANAITDDNRIPMPKKEELFRPVPSLVDDLLSELNISEIQKLKQQLMQMEREKVNLMSTLQDSQKQLEQANGALSEHQEKVNRLTENLNAIRKLQASKERQSALDNEKERDSHEDVDYYEVDINGPEILECKYKVAVSEAGELKEELKTLKAEYQACQSRYEEERTRLATDVTTLKENLTTLEKTSHAEREEKAKLEKELRKVSDVAGESQGSLSVAQDELVTFSEELATLYNHVCMCNNETPNRVMLDFYKEGKGGRSSPEGRGRRSPILLTKGLFPEPSKTDLSDGAPSPISSLPSPVSDHRREPMNIYNLVAIIRDQIKHLQLAVDRTTELSRQRVASLELGTVADKDKEACMEEILKLKSLLSTKREQIATLRTVLKANKQTAEVALANLKSKYENEKAMVTETMMKLRNELKALKEDAATFSSLRAMFATRCDEYVTQLDEMQRQLAAAEDEKKTLNSLLRMAIQQKLALTQRLEDLEFDHEQTRRGGNAGRAKAPPTSPLSFTSHDASCF	1	80	1	80	2.263E-38	146	1.000	0.097
ORENI36670	AF-A0A3Q2X4E4-F1-model_v4	0.975	80	2	MSVEEQGYPDAVLLMEAAPEWLRAEIGRLSRELSETTNEKIQAAEYGLAVLEEKQQLKQQYEDLEMEYEAVRQELDQLKE	MSVEEQGYPDAVLLMEAGPEWLRAEIGRLSRELSETTNEKIQAAEYGLAVLEEKQQLKQQYEDLEIEYEAVRQELDQLKEAFGQAYSNHRKVAADGESREESLIQESACKEAYYEQRVLELQNELRQTRNILTNTQSENERLNAISQDLRESSQMVELQRNQLRDDIKEYKFRESRLLQDYTELEEENISLQKQVSMLKQSQVEFEGLKHEIRRLEEDTQFLNSQLEDAIRLKEIAERQLSEALETIKTERELKASLRKELSHYMNIGDTLYNSPLSISLDGLKFSDDAATEPNNDEALHGYENGFIKLANAITDDNRIPMPKKEELFRPVPSLVDDLLSELNISEIQKLKQQLMQMEREKVNLMSTLQDSQKQLEQANGALSEHQEKVNRLTENLNAIRKLQASKERQSALDNEKERDSHEDVDYYEVDINGPEILECKYKVAVSEAGELKEELKTLKAEYQACQSRYEEERTRLATDVTTLKENLTTLEKTSHAEREEKAKLEKELRKLSDVAGESQGSLSVAQDELVTFSEELATLYNHVCMCNNETPNRVMLDFYKEGKGGRSSPEGRGRRSPILLTKGLFPEPSKTDLSDGAPSPISSLPSPVSDHRREPMNIYNLVAIIRDQIKHLQLAVDRTTELSRQRVASLELGTVADKDKEACMEEILKLKSLLSTKREQIATLRTVLKANKQTAEVALANLKSKYENEKAMVTETMMKLRNELKALKEDAATFSSLRAMFATRCDEYVTQLDEMQRQLAAAEDEKKTLNSLLRMAIQQKLALTQRLEDLEFDHEQTRRGGNAGRAKARSKAAGTASTTATTTTTTNNPH	1	80	1	80	2.263E-38	146	1.000	0.096
ORENI36670	AF-A0A3P9DJS6-F1-model_v4	0.975	80	2	MSVEEQGYPDAVLLMEAAPEWLRAEIGRLSRELSETTNEKIQAAEYGLAVLEEKQQLKQQYEDLEMEYEAVRQELDQLKE	MSVEEQGYPDAVLLMEAGPEWLRAEIGRLSRELSETTNEKIQAAEYGLAVLEEKQQLKQQYEDLEIEYEAVRQELDQLKEAFGQAYSNHRKVAADGESREESLIQESACKEAYYEQRVLELQNELRQTRNILTNTQSENERLNAISQDLRESSQMVELQRNQLRDDIKEYKFRESRLLQDYTELEEENISLQKQVSMLKQSQVEFEGLKHEIRRLEEDTQFLNSQLEDAIRLKEIAERQLSEALETIKTERELKASLRKELSHYMNIGDTLYNSPLSISLDGLKFSDDAATEPNNDEALHGYENGFIKLANAITDDNRIPMPKKEELFRPVPSLVDDLLSELNISEIQKLKQQLMQMEREKVNLMSTLQDSQKQLEQANGALSEHQEKVNRLTENLNAIRKLQASKERQSALDNEKERDSHEDVDYYEVDINGPEILECKYKVAVSEAGELKEELKTLKAEYQACQSRYEEERTRLATDVTTLKENLTTLEKTSHAEREEKAKLEKELRKLSDVAGESQGSLSVAQDELVTFSEELATLYNHVCMCNNETPNRVMLDFYKEGKGGRSSPEGRGRRSPILLTKGLFPEPSKTDLSDGAPSPISSLPSPVSDHRREPMNIYNLVAIIRDQIKHLQLAVDRTTELSRQRVASLELGTVADKDKEACMEEILKLKSLLSTKREQIATLRTVLKANKQTAEVALANLKSKYENEKAMVTETMMKLRNELKALKEDAATFSSLRAMFATRCDEYVTQLDEMQRQLAAAEDEKKTLNSLLRMAIQQKLALTQRLEDLEFDHEQTRRGGNAGRAKARSKAAGTASAAAAATTTTNNPH	1	80	1	80	2.263E-38	146	1.000	0.096
ORENI36670	AF-A0A3Q3CDM9-F1-model_v4	0.975	80	2	MSVEEQGYPDAVLLMEAAPEWLRAEIGRLSRELSETTNEKIQAAEYGLAVLEEKQQLKQQYEDLEMEYEAVRQELDQLKE	MSVEEQGYPDAVLLMEAGPEWLRAEIGRLSRELSETTNEKIQAAEYGLAVLEEKQQLKQQYEDLEIEYEAVRQELDQLKEAFGQAYSNHRKVAADGESREESLIQESACKEAYYEQRVLELQNELRQTRNILTNTQSENERLNAISQDLRESSQMVELQRNQLRDDIKEYKFRESRLLQDYTELEEENISLQKQVSMLKQSQVEFEGLKHEIRRLEEDTQFLNSQLEDAIRLKEIAERQLSEALETIKTERELKASLRKELSHYMNIGDTLYNSPLSISLDGLKFSDDAATEPNNDEALHGYENGFIKLANAITDDNRIPMPKKEELFRPVPSLVDDLLSELNISEIQKLKQQLMQMEREKVNLMSTLQDSQKQLEQANGALSEHQEKVNRLTENLNAIRKLQASKERQSALDNEKERDSHEDVDYYEVDINGPEILECKYKVAVSEAGELKEELKTLKAEYQACQSRYEEERTRLATDVTTLKENLTTLEKTSHAEREEKAKLEKELRKLSDVAGESQGSLSVAQDELVTFSEELATLYNHVCMCNNETPNRVMLDFYKEGKGGRSSPEGRGRRSPILLTKGLFPEPSKTDLSDGAPSPISSLPSPVSDHRREPMNIYNLVAIIRDQIKHLQLAVDRTTELSRQRVASLELGTVADKDKEACMEEILKLKSLLSTKREQIATLRTVLKANKQTAEVALANLKSKYENEKAMVTETMMKLRNELKALKEDAATFSSLRAMFATRCDEYVTQLDEMQRQLAAAEDEKKTLNSLLRMAIQQKLALTQRLEDLEFDHEQTRRGGNAGRAKARSKAAGTASTTATTTTTTNNPHIVSSLLPQHHHSPFN	1	80	1	80	2.263E-38	146	1.000	0.095
ORENI36670	AF-A0A3B4FBJ6-F1-model_v4	0.975	80	2	MSVEEQGYPDAVLLMEAAPEWLRAEIGRLSRELSETTNEKIQAAEYGLAVLEEKQQLKQQYEDLEMEYEAVRQELDQLKE	MSVEEQGYPDAVLLMEAGPEWLRAEIGRLSRELSETTNEKIQAAEYGLAVLEEKQQLKQQYEDLEIEYEAVRQELDQLKEAFGQAYSNHRKVAADGESREESLIQESACKEAYYEQRVLELQNELRQTRNILTNTQSENERLNAISQDLRESSQMVELQRNQLRDDIKEYKFRESRLLQDYTELEEENISLQKQVSMLKQSQVEFEGLKHEIRRLEEDTQFLNSQLEDAIRLKEIAERQLSEALETIKTERELKASLRKELSHYMNIGDTLYNSPLSISLDGLKFSDDAATEPNNDEALHGYENGFIKLANAITDDNRIPMPKKEELFRPVPSLVDDLLSELNISEIQKLKQQLMQMEREKVNLMSTLQDSQKQLEQANGALSEHQEKVNRLTENLNAIRKLQASKERQSALDNEKERDSHEDVDYYEVDINGPEILECKYKVAVSEAGELKEELKTLKAEYQACQSRYEEERTRLATDVTTLKENLTTLEKTSHAEREEKAKLEKELRKLSDVAGESQGSLSVAQDELVTFSEELATLYNHVCMCNNETPNRVMLDFYKEGKGGRSSPEGRGRRSPILLTKGLFPEPSKTDLSDGAPSPISSLPSPVSDHRREPMNIYNLVAIIRDQIKHLQLAVDRTTELSRQRVASLELGTVADKDKEACMEEILKLKSLLSTKREQIATLRTVLKANKQTAEVALANLKSKYENEKAMVTETMMKLRNELKALKEDAATFSSLRAMFATRCDEYVTQLDEMQRQLAAAEDEKKTLNSLLRMAIQQKLALTQRLEDLEFDHEQTRRGGNAGRAKARSKAAGTASAAAATTTTNNPHVSQSLTCSVSGRPEHSSSVPSGILGGPVVFCSEKYKIYCD	1	80	1	80	2.263E-38	146	1.000	0.092
ORENI36670	AF-A0A3Q4GKW7-F1-model_v4	0.975	80	2	MSVEEQGYPDAVLLMEAAPEWLRAEIGRLSRELSETTNEKIQAAEYGLAVLEEKQQLKQQYEDLEMEYEAVRQELDQLKE	MSVEEQGYPDAVLLMEADPEWLRAEIGRLSRELSETTNEKIQAAEYGLAVLEEKQQLKQQYEDLEIEYEAVRQELDQLKEVEDHFVRTD	1	80	1	80	4.262E-38	145	1.000	0.899
ORENI36670	AF-A0A4W6EPH9-F1-model_v4	0.937	80	5	MSVEEQGYPDAVLLMEAAPEWLRAEIGRLSRELSETTNEKIQAAEYGLAVLEEKQQLKQQYEDLEMEYEAVRQELDQLKE	MSVEEQGYPDAMLLLEAAPEWVRAEIERLSRELSETTNEKIQAAEYGLAVLEEKQQLKQQYDDLEMEYEAVRQELDQLKEAFGQAYSNHRKVAADGESREESLIQESACKEAYYEQRVLELQTELRQARNILTNTQSENERLNTISQEMRENSQMVELQRNQLRDDIKEYKFREARLLQDYTELEEENISLQKQVSMLKQSQVEFEGLKHEIRRLEEDTQFLNSQLEDAIRLKEIAERQLGEALETIKTERELKASLRKELSHYMSIGDTLYHSPLSISLDGLKFSDDAATEPNNDEALHGYENGFTKLVNAITDDNRVSTPKKEELFHPAPSLVDNLLSELNISEIQKLKQQLMQMEREKVNLLSTLQDSQKQLEQANGALSEHQEKVNRLTENLNAIRKLQASKERQSALDNEKERDSHEDGDYYEVDINGPEILECKYKVAVSEAGELKEELKTLKAEYQACQSRYEEERNRLENDVTTLGEKLATLEKTSLTEREEKAKLEKELRKLSDVAGESQGSLSVAQDELVTFSEELATLYNHVCMCNNETPNRVMLDFYKEGKGGRSSPEGRGRRSPILLTKGLFPEPGKTDLSDGAPSPVSSLPSPVSDHRREPMNIYNLVAIIRDQIKHLQLAVDRTTELSRQRVASLELGTVADKDKEACMEEILKLKSLLSTKREQIATLRTVLKANKQTAEVALTNLKSKYENEKAMVTETMMKLRNELKALKEDAATFSSLRAMFATRCDEYVTQLDEMQRQLAAAEDEKKTLNSLLRMAIQQKLALTQRLEDLEFDHEQTRRGGNTGRAKTRSKAAAGTANNPH	1	80	1	80	1.011E-36	141	1.000	0.097
ORENI36670	AF-A0A4W6EQD2-F1-model_v4	0.937	80	5	MSVEEQGYPDAVLLMEAAPEWLRAEIGRLSRELSETTNEKIQAAEYGLAVLEEKQQLKQQYEDLEMEYEAVRQELDQLKE	MSVEEQGYPDAMLLLEAAPEWVRAEIERLSRELSETTNEKIQAAEYGLAVLEEKQQLKQQYDDLEMEYEAVRQELDQLKEAFGQAYSNHRKVAADGESREESLIQESACKEAYYEQRVLELQTELRQARNILTNTQSENERLNTISQEMRENSQMVELQRNQLRDDIKEYKFREARLLQDYTELEEENISLQKQVSMLKQSQVEFEGLKHEIRRLEEDTQFLNSQLEDAIRLKEIAERQLGEALETIKTERELKASLRKELSHYMSIGDTLYHSPLSISLDGLKFSDDAATEPNNDEALHGYENGFTKLVNAITDDNRVSTPKKEELFHPAPSLVDNLLSELNISEIQKLKQQLMQMEREKVNLLSTLQDSQKQLEQANGALSEHQEKVNRLTENLNAIRKLQASKERQSALDNEKERDSHEDGDYYEVDINGPEILECKYKVAVSEAGELKEELKTLKAEYQACQSRYEEERNRLENDVTTLGEKLATLEKTSLTEREEKAKLEKELRKLSDVAGESQGSLSVAQDELVTFSEELATLYNHVCMCNNETPNRVMLDFYKEGKGGRSSPEGRGRRSPILLTKGLFPEPGKTDLSDGAPSPVSSLPSPVSDHRREPMNIYNLVAIIRDQIKHLQLAVDRTTELSRQRVASLELGTVADKDKEACMEEILKLKSLLSTKREQIATLRTVLKANKQTAEVALTNLKSKYENEKAMVTETMMKLRNELKALKEDAATFSSLRAMFATRCDEYVTQLDEMQRQLAAAEDEKKTLNSLLRMAIQQKLALTQRLEDLEFDHEQTRRGGNTGRAKTRSKAAAGTANNPHIVSSLLPQHHHSPFN	1	80	1	80	1.011E-36	141	1.000	0.096
ORENI36670	AF-A0A672IV96-F1-model_v4	0.925	80	6	MSVEEQGYPDAVLLMEAAPEWLRAEIGRLSRELSETTNEKIQAAEYGLAVLEEKQQLKQQYEDLEMEYEAVRQELDQLKE	MSVEEQGYPDAMMLLEAAPEWLRAEIERLSRELSETTNEKIQAAEYGLAVLEEKQQLKQQYDDLEIEYEAVRQELDQLKEAFGQAHSNHRKVAADGESREESLIQESACKEAYYEQRVLELQTELRQSRNILTNTQSENERLNSITQEMRENSQMVELQRNQLRDDIKEYKFRESRLLQDYTELEEENISLQKQVLVLKQSQVEFEGLKHEIRRLEEDTQFLNSQLEDAIRLKEISERQLSEALETIKTERELKASLRKELSHYMSIGDTLYHSPLSISLDGLKFSDDAATEPNNDEALHGYENGFIKLANAITDDNRISTPKNEELFRPAPSLVDDLLSELNICEIQKLKQQLMQMEREKVNLLSNLQDSQKQLEQANGALSEHQEKVNRLTENLNAIRKLQASKERQSALDNEKERDSHEDGDYYEVDINGPEILECKYKVAVSEAGELKEELKTLKAEYQACQSRYEEERTRLENDVTTLGEKLSSLEKSSRTEKEEKAKLEKELRKLSDVAGESQGSLSVAQDELVTFSEELATLYNHVCMCNNETPNRVMLDFYKEGKGGRSSPEGRGRRSPILLTKGLFPEPGKADLSDGVPSPVSSLPSPVSDHRREPMNIYNLVAIIRDQIKHLQLAVDRTTELSRQRVASLELGAVADKDKEACMEEILKLKSLLSTKREQIATLRTVLKANKQTAEVALANLKSKYENEKAMVTETMMKLRNELKALKEDAATFSSLRAMFATRCDEYVTQLDEMQRQLAAAEDEKKTLNSLLRMAIQQKLALTQRLEDLEFDHEQTRRGGNSGRAKARKAAGGTAGNPH	1	80	1	80	2.613E-36	140	1.000	0.098
ORENI36670	AF-A0A672IV99-F1-model_v4	0.925	80	6	MSVEEQGYPDAVLLMEAAPEWLRAEIGRLSRELSETTNEKIQAAEYGLAVLEEKQQLKQQYEDLEMEYEAVRQELDQLKE	MSVEEQGYPDAMMLLEAAPEWLRAEIERLSRELSETTNEKIQAAEYGLAVLEEKQQLKQQYDDLEIEYEAVRQELDQLKEAFGQAHSNHRKVAADGESREESLIQESACKEAYYEQRVLELQTELRQSRNILTNTQSENERLNSITQEMRENSQMVELQRNQLRDDIKEYKFRESRLLQDYTELEEENISLQKQVLVLKQSQVEFEGLKHEIRRLEEDTQFLNSQLEDAIRLKEISERQLSEALETIKTERELKASLRKELSHYMSIGDTLYHSISLDGLKFSDDAATEPNNDEALHGYENGFIKLANAITDDNRISTPKNEELFRPAPSLVDDLLSELNICEIQKLKQQLMQMEREKVNLLSNLQDSQKQLEQANGALSEHQEKVNRLTENLNAIRKLQASKERQSALDNEKERDSHEDGDYYEVDINGPEILECKYKVAVSEAGELKEELKTLKAEYQACQSRYEEERTRLENDVTTLGEKLSSLEKSSRTEKEEKAKLEKELRKLSDVAGESQGSLSVAQDELVTFSEELATLYNHVCMCNNETPNRVMLDFYKEGKGGRSSPEGRGRRSPILLTKGLFPEPGKADLSDGVPSPVSSLPSPVSDHRREPMNIYNLVAIIRDQIKHLQLAVDRTTELSRQRVASLELGAVADKDKEACMEEILKLKSLLSTKREQIATLRTVLKANKQTAEVALANLKSKYENEKAMVTETMMKLRNELKALKEDAATFSSLRAMFATRCDEYVTQLDEMQRQLAAAEDEKKTLNSLLRMAIQQKLALTQRLEDLEFDHEQTRRGGNSGRAKARKAAVCTRRLDCSRHIRHVEYRAPGYIGGV	1	80	1	80	2.613E-36	140	1.000	0.096
ORENI36670	AF-A0A672IVT7-F1-model_v4	0.925	80	6	MSVEEQGYPDAVLLMEAAPEWLRAEIGRLSRELSETTNEKIQAAEYGLAVLEEKQQLKQQYEDLEMEYEAVRQELDQLKE	MSVEEQGYPDAMMLLEAAPEWLRAEIERLSRELSETTNEKIQAAEYGLAVLEEKQQLKQQYDDLEIEYEAVRQELDQLKEAFGQAHSNHRKVAADGESREESLIQESACKEAYYEQRVLELQTELRQSRNILTNTQSENERLNSITQEMRENSQMVELQRNQLRDDIKEYKFRESRLLQDYTELEEENISLQKQVLVLKQSQVEFEGLKHEIRRLEEDTQFLNSQLEDAIRLKEISERQLSEALETIKTERELKASLRKELSHYMSIGDTLYHSPLSISLDGLKFSDDAATEPNNDEALHGYENGFIKLANAITDDNRISTPKNEELFRPAPSLVDDLLSELNICEIQKLKQQLMQMEREKVNLLSNLQDSQKQLEQANGALSEHQEKVNRLTENLNAIRKLQASKERQSALDNEKERDSHEDGDYYEVDINGPEILECKYKVAVSEAGELKEELKTLKAEYQACQSRYEEERTRLENDVTTLGEKLSSLEKSSRTEKEEKAKLEKELRKLSDVAGESQGSLSVAQDELVTFSEELATLYNHVCMCNNETPNRVMLDFYKEGKGGRSSPEGRGRRSPILLTKGLFPEPGKADLSDGVPSPVSSLPSPVSDHRREPMNIYNLVAIIRDQIKHLQLAVDRTTELSRQRVASLELGAVADKDKEACMEEILKLKSLLSTKREQIATLRTVLKANKQTAEVALANLKSKYENEKAMVTETMMKLRNELKALKEDAATFSSLRAMFATRCDEYVTQLDEMQRQLAAAEDEKKTLNSLLRMAIQQKLALTQRLEDLEFDHEQTRRGGNSAPRRSLASPSWRPQDRPALSGPLSNEMFTIRK	1	80	1	80	2.613E-36	140	1.000	0.096
ORENI36670	AF-A0A672IUX5-F1-model_v4	0.925	80	6	MSVEEQGYPDAVLLMEAAPEWLRAEIGRLSRELSETTNEKIQAAEYGLAVLEEKQQLKQQYEDLEMEYEAVRQELDQLKE	MSVEEQGYPDAMMLLEAAPEWLRAEIERLSRELSETTNEKIQAAEYGLAVLEEKQQLKQQYDDLEIEYEAVRQELDQLKEAFGQAHSNHRKVAADGESREESLIQESACKEAYYEQRVLELQTELRQSRNILTNTQSENERLNSITQEMRENSQMVELQRNQLRDDIKEYKFRESRLLQDYTELEEENISLQKQVLVLKQSQVEFEGLKHEIRRLEEDTQFLNSQLEDAIRLKEISERQLSEALETIKTERELKASLRKELSHYMSIGDTLPLSISLDGLKFSDDAATEPNNDEALHGYENGFIKLANAITDDNRISTPKNEELFRPAPSLVDDLLSELNICEIQKLKQQLMQMEREKVNLLSNLQDSQKQLEQANGALSEHQEKVNRLTENLNAIRKLQASKERQSALDNEKERDSHEDGDYYEVDINGPEILECKYKVAVSEAGELKEELKTLKAEYQACQSRYEEERTRLENDVTTLGEKLSSLEKSSRTEKEEKAKLEKELRKLSDVAGESQGSLSVAQDELVTFSEELATLYNHVCMCNNETPNRVMLDFYKEGKGGRSSPEGRGRRSPILLTKGLFPEPGKADLSDGVPSPVSSLPSPVSDHRREPMNIYNLVAIIRDQIKHLQLAVDRTTELSRQRVASLELGAVADKDKEACMEEILKLKSLLSTKREQIATLRTVLKANKQTAEVALANLKSKYENEKAMVTETMMKLRNELKALKEDAATFSSLRAMFATRCDEYVTQLDEMQRQLAAAEDEKKTLNSLLRMAIQQKLALTQRLEDLEFDHEQTRRGGNSGRAKARKAAGGTAGNPHVTPSAFRLGEHQCDSTQKFRTHPWAIGIAMATSGQKRSTCDHGCLFQDHFKSCDASTPIL	1	80	1	80	2.613E-36	140	1.000	0.091
ORENI36670	AF-A0A672ISK0-F1-model_v4	0.925	80	6	MSVEEQGYPDAVLLMEAAPEWLRAEIGRLSRELSETTNEKIQAAEYGLAVLEEKQQLKQQYEDLEMEYEAVRQELDQLKE	MSVEEQGYPDAMMLLEAAPEWLRAEIERLSRELSETTNEKIQAAEYGLAVLEEKQQLKQQYDDLEIEYEAVRQELDQLKEAFGQAHSNHRKVAADGESREESLIQESACKEAYYEQRVLELQTELRQSRNILTNTQSENERLNSITQEMRENSQMVELQRNQLRDDIKEYKFRESRLLQDYTELEEENISLQKQVLVLKQSQVEFEGLKHEIRRLEEDTQFLNSQLEDAIRLKEISERQLSEALETIKTERELKASLRKELSHYMSIGDTLPLSISLDGLKFSDDAATEPNNDEALHGYENGFIKLANAITDDNRISTPKNEELFRPAPSLVDDLLSELNICEIQKLKQQLMQMEREKVNLLSNLQDSQKQLEQANGALSEHQEKVNRLTENLNAIRKLQASKERQSALDNEKERDSHEDGDYYEVDINGPEILECKYKVAVSEAGELKEELKTLKAEYQACQSRYEEERTRLENDVTTLGEKLSSLEKSSRTEKEEKAKLEKELRKLSDVAGESQGSLSVAQDELVTFSEELATLYNHVCMCNNETPNRVMLDFYKEGKGGRSSPEGRGRRSPILLTKGLFPEPGKADLSDGVPSPVSSLPSPVSDHRREPMNIYNLVAIIRDQIKHLQLAVDRTTELSRQRVASLELGAVADKDKEACMEEILKLKSLLSTKREQIATLRTVLKANKQTAEVALANLKSKYENEKAMVTETMMKLRNELKALKEDAATFSSLRAMFATRCDEYVTQLDEMQRQLAAAEDEKKTLNSLLRMAIQQKLALTQRLEDLEFDHEQTRRGGNSGRAKARKAAGGTAGNPHVSQSLTCSGLPELNNSMPNGILGGPVVFCSGCKRPHGTAVYRGWGGGGGAARARRTLPALVLKSPTRSL	1	80	1	80	2.613E-36	140	1.000	0.090
ORENI36670	AF-A0A3Q3ARM2-F1-model_v4	0.900	80	8	MSVEEQGYPDAVLLMEAAPEWLRAEIGRLSRELSETTNEKIQAAEYGLAVLEEKQQLKQQYEDLEMEYEAVRQELDQLKE	MSVEEQGYPDAMLLLEAGPEWLRAEIKRLSRELTETTSEKIQAAEYGLAVLEEKQQLKQQYDDLEMEYEAIRQELDQLKEAFGQAYTNHRKVAADGESREESLIQESACKEAYYEQRVLELQNELRQARNGLANTQFENERLSAISQDMKENSQVVELQRNQLRDDIKEYKFRESRLLQDYTELEEENISLQKQVSVLKQSQVEFEGLKHEIRRLEEDTQFLNSQLEDAIRLKEIAERQLGEALETIKTERELKASLRKELSHYMNIGDTLYHSPLSVSLDGLKFSDDAATEPNNDEALHGYENGFSKLASTITDDNRMSTPSKEELFHPAPSLVDDLLSELNISEIQKLKQQLMQMEREKVNLLSNLQDSQKQLEQANWALSEHQEKVNRLTENLNAIRKLQASKERQSALDNEKERDSHEDGDYYEVDINGPEILECKYKVAVSEAGELKEELKTLKTEYQACQSRYEEERTRLENEVTTLGDKLATLEKTSHADREEKVKLEKELRKLSDVAGESQGSLSVAQDELVTFSEELATLYNHVCMCNNETPNRVMLDFYKEGKGGRSSPEGRGRRSPILLTKGLFPEPYKTDFGDGIPSPGSSIPSPVSDHRREPMNIYNLVAIIRDQIKHLQLAVDRTTELSRQRVASLELGTVADKDKEACMEEILKLKSLLSTKREQIATLRTVLKANKQTAEVALANLKSKYENEKAMVTETMMKLRNELKALKEDAATFSSLRAMFATRCDEYVTQLEEMQRQLAASEDEKKTLNSLLRMAIQQKLALTQRLEDLEFDHEQTRRGGGAGRAKARSKPAGSHPHVSQSLTCSGSGRPEPNNALPNGILGGPVNFCSEKYKIYCD	1	80	1	80	2.397E-35	138	1.000	0.093
