POEFO11876	AF-A0A3B3Z3K9-F1-model_v4	1.000	80	0	MSTEEQGYPEAVLLEARPEWLRAEVERLSRELSETTSEKIQAAEYGLAVLEEKQQLKQQYDDLEVEYEAVRQELDQLKEA	MSTEEQGYPEAVLLEARPEWLRAEVERLSRELSETTSEKIQAAEYGLAVLEEKQQLKQQYDDLEVEYEAVRQELDQLKEAFGQAYTNHRKVAADGESREESLIQESACKEAYYEQRVLELQNELRQTRNILTNTQSENERLVAISQEMKENGEMVELQRNQLRDDIKEYKFREGRLLQDYTELEEENISLQKQVSALKQSQVEFEGLKHEIRRLEEDTQFLNSQLEDAIRLKEIAERQLGEALETIKTERELKTSLRKELSHYMNIGDTLYHSPLSISLDGLKFSDDAATEPNNDEALLGYENSFTKLANTINEDNRISTPNKEELFCPVPSLVDDLLSELNISEIQKLKQQLMQMEREKVNLLSNLQDSQKQLEQANGALSEHQEKVNRLTENLNAIRKLQASKERQSALDNEKERDSHEDGDYYEVDINGPEILECKYKVAVSEAGELKEELKTLKAEYQACQSRYDEERSRLENDVRSLGDKLSNLERTTFVEREEKAKLEKELRKLSDVAGESQGSLSVAQDELVTFSEELATLYNHVCMCNNETPNRVMLDFYKEGKGGRSSPEGRGRRSPILLTKGLFPEHGRADLSDGAPSPVSSLPSPVSDHRREPMNIYNLVAIIRDQIKHLQLAVDRTTELSRQRVASLELGTVADKDKEACMEEILKLKSLLSTKREQIATLRTVLKANKQTAEVALANLKSKYENEKAMVTETMMKLRNELKALKEDAATFSSLRAMFATRCDEYVTQLEEMQRQLAAAEDEKKTLNSLLRMAIQQKLALTQRLEDLEFDHEQTRRGGNSGRSKARSKAAGTTATSNPH	1	80	1	80	2.263E-38	146	1.000	0.097
POEFO11876	AF-A0A3B3Z4N9-F1-model_v4	1.000	80	0	MSTEEQGYPEAVLLEARPEWLRAEVERLSRELSETTSEKIQAAEYGLAVLEEKQQLKQQYDDLEVEYEAVRQELDQLKEA	MSTEEQGYPEAVLLEARPEWLRAEVERLSRELSETTSEKIQAAEYGLAVLEEKQQLKQQYDDLEVEYEAVRQELDQLKEAFGQAYTNHRKVAADGESREESLIQESACKEAYYEQRVLELQNELRQTRNILTNTQSENERLVAISQEMKENGEMVELQRNQLRDDIKEYKFREGRLLQDYTELEEENISLQKQVSALKQSQVEFEGLKHEIRRLEEDTQFLNSQLEDAIRLKEIAERQLGEALETIKTERELKTSLRKELSHYMNIGDTLYHSPLSISLDGLKFSDDAATEPNNDEALLGYENSFTKLANTINEDNRISTPNKEELFCPVPSLVDDLLSELNISEIQKLKQQLMQMEREKVNLLSNLQDSQKQLEQANGALSEHQEKVNRLTENLNAIRKLQASKERQSALDNEKERDSHEDGDYYEVDINGPEILECKYKVAVSEAGELKEELKTLKAEYQACQSRYDEERSRLENDVRSLGDKLSNLERTTFVEREEKAKLEKELRKLSDVAGESQGSLSVAQDELVTFSEELATLYNHVCMCNNETPNRVMLDFYKEGKGGRSSPEGRGRRSPILLTKGLFPEHGRADLSDGAPSPVSSLPSPVSDHRREPMNIYNLVAIIRDQIKHLQLAVDRTTELSRQRVASLELGTVADKDKEACMEEILKLKSLLSTKREQIATLRTVLKANKQTAEVALANLKSKYENEKAMVTETMMKLRNELKALKEDAATFSSLRAMFATRCDEYVTQLEEMQRQLAAAEDEKKTLNSLLRMAIQQKLALTQRLEDLEFDHEQTRRGGNSGRSKARSKAAGTTATSNPHIVSSLLPQHHQSPFN	1	80	1	80	2.263E-38	146	1.000	0.096
POEFO11876	AF-A0A087YB49-F1-model_v4	1.000	80	0	MSTEEQGYPEAVLLEARPEWLRAEVERLSRELSETTSEKIQAAEYGLAVLEEKQQLKQQYDDLEVEYEAVRQELDQLKEA	MSTEEQGYPEAVLLEARPEWLRAEVERLSRELSETTSEKIQAAEYGLAVLEEKQQLKQQYDDLEVEYEAVRQELDQLKEAFGQAYTNHRKVAADGESREESLIQESACKEAYYEQRVLELQNELRQTRNILTNTQSENERLVAISQEMKENGEMVELQRNQLRDDIKEYKFREGRLLQDYTELEEENISLQKQVSALKQSQVEFEGLKHEIRRLEEDTQFLNSQLEDAIRLKEIAERQLGEALETIKTERELKTSLRKELSHYMNIGDTLYHSPLSISLDGLKFSDDAATEPNNDEALLGYENSFTKLANTINEDNRISTPNKEELFCPVPSLVDDLLSELNISEIQKLKQQLMQMEREKVNLLSNLQDSQKQLEQANGALSEHQEKVNRLTENLNAIRKLQASKERQSALDNEKERDSHEDGDYYEVDINGPEILECKYKVAVSEAGELKEELKTLKAEYQACQSRYDEERSRLENDVRSLGDKLSNLERTTFVEREEKAKLEKELRKLSDVAGESQGSLSVAQDELVTFSEELATLYNHVCMCNNETPNRVMLDFYKEGKGGRSSPEGRGRRSPILLTKGLFPEHGRADLSDGAPSPVSSLPSPVSDHRREPMNIYNLVAIIRDQIKHLQLAVDRTTELSRQRVASLELGTVADKDKEACMEEILKLKSLLSTKREQIATLRTVLKANKQTAEVALANLKSKYENEKAMVTETMMKLRNELKALKEDAATFSSLRAMFATRCDEYVTQLEEMQRQLAAAEDEKKTLNSLLRMAIQQKLALTQRLEDLEFDHEQTRRGGNSGRSKARSKAAGTTATSNPHVSQTLTCSGSGRPELNNAMPNGILGGPAIFCSEKYKIYCD	1	80	1	80	2.263E-38	146	1.000	0.093
POEFO11876	AF-A0A096ME17-F1-model_v4	1.000	80	0	MSTEEQGYPEAVLLEARPEWLRAEVERLSRELSETTSEKIQAAEYGLAVLEEKQQLKQQYDDLEVEYEAVRQELDQLKEA	MSTEEQGYPEAVLLEARPEWLRAEVERLSRELSETTSEKIQAAEYGLAVLEEKQQLKQQYDDLEVEYEAVRQELDQLKEAFGQAYTNHRKVAADGESREESLIQESACKEAYYEQRVLELQNELRQTRNILTNTQSENERLVAISQEMKEINKTNGEMVELQRNQLRDDIKEYKFREGRLLQDYTELEEENISLQKQVSALKQSQVEFEGLKHEIRRLEEDTQFLNSQLEDAIRLKEIAERQLGEALETIKTERELKTSLRKELSHYMNIGDTLYHSPLSISLDGLKFSDDAATEPNNDEALLGYENSFTKLANTINEDNRISTPNKEELFCPVPSLVDDLLSELNISEIQKLKQQLMQMEREKVNLLSNLQDSQKQLEQANGALSEHQEKVNRLTENLNAIRKLQASKERQSALDNEKERDSHEDGDYYEVDINGPEILECKYKVAVSEAGELKEELKTLKAEYQACQSRYDEERSRLENDVRSLGDKLSNLERTTFVEREEKAKLEKELRKLSDVAGESQGSLSVAQDELVTFSEELATLYNHVCMCNNETPNRVMLDFYKEGKGGRSSPEGRGRRSPILLTKGLFPEHGRADLSDGAPSPVSSLPSPVSDHRREPMNIYNLVAIIRDQIKHLQLAVDRTTELSRQRVASLELGTVADKDKEACMEEILKLKSLLSTKREQIATLRTVLKANKQTAEVALANLKSKYENEKAMVTETMMKLRNELKALKEDAATFSSLRAMFATRCDEYVTQLEEMQRQLAAAEDEKKTLNSLLRMAIQQKLALTQRLEDLEFDHEQTRRGGNSGRSKARSKAAGTTATSNPHVSQTLTCSGSGRPELNNAMPNGILGGPAIFCSEKYKIYCD	1	80	1	80	2.263E-38	146	1.000	0.092
POEFO11876	AF-A0A3B3VY63-F1-model_v4	0.987	80	1	MSTEEQGYPEAVLLEARPEWLRAEVERLSRELSETTSEKIQAAEYGLAVLEEKQQLKQQYDDLEVEYEAVRQELDQLKEA	MSTEEQGYPEAMLLEARPEWLRAEVERLSRELSETTSEKIQAAEYGLAVLEEKQQLKQQYDDLEVEYEAVRQELDQLKEAFGQAYTNHRKVAADGESREESLIQESACKEAYYEQRVLELQNELRQTRNILTNTQSENERLVAISQEMKENGEMVELQRNQLRDDIKEYKFREGRLLQDYTELEEENISLQKQVSALKQSQVEFEGLKHEIRRLEEDTQFLNSQLEDAIRLKEIAERQLGEALETIKTERELKTSLRKELSHYMNIGDTLYHSPLSISLDGLKFSDDAATEPNNDEALLGYENSFTKLANTINEDNRISTPNKEELFCPVPSLVDDLLSELNISEIQKLKQQLMQMEREKVNLLSNLQDSQKQLEQANGALSEHQEKVNRLTENLNAIRKLQASKERQSALDNEKERDSHEDGDYYEVDINGPEILECKYKVAVSEAGELKEELKTLKAEYQACQSRYDEERSRLENDVRSLGDKLSNLERTTFVEREEKAKLEKELRKLSDVAGESQGSLSVAQDELVTFSEELATLYNHVCMCNNETPNRVMLDFYKEGKGGRSSPEGRGRRSPILLTKGLFPEHGRADLSDGAPSPVSSLPSPVSDHRREPMNIYNLVAIIRDQIKHLQLAVDRTTELSRQRVASLELGTVADKDKEACMEEILKLKSLLSTKREQIATLRTVLKANKQTAEVALANLKSKYENEKAMVTETMMKLRNELKALKEDAATFSSLRAMFATRCDEYVTQLEEMQRQLAAAEDEKKTLNSLLRMAIQQKLALTQRLEDLEFDHEQTRRGGSSGRSKARSKAAGTAATSNPHVSQTLTCSGSGRPELNNAMPNGILGGPAIFCSEKYKIYCD	1	80	1	80	5.849E-38	145	1.000	0.093
POEFO11876	AF-A0A3P9NX11-F1-model_v4	0.987	80	1	MSTEEQGYPEAVLLEARPEWLRAEVERLSRELSETTSEKIQAAEYGLAVLEEKQQLKQQYDDLEVEYEAVRQELDQLKEA	MSTEEQGYPEAMLLEARPEWLRAEVERLSRELSETTSEKIQAAEYGLAVLEEKQQLKQQYDDLEVEYEAVRQELDQLKEAFGQAYTNHRKVAADGESREESLIQESACKEAYYEQRVLELQNELRQTRNILTNTQSENERLVAISQEMKENGEMVELQRNQLRDDIKEYKFREGRLLQDYTELEEENISLQKQVSVLKQSQVEFEGLKHEIRRLEEDTQFLNSQLEDAIRLKEIAERQLGEALETIKTERELKTSLRKELSHYMNIGDTLYHSPLSISLDGLKFSDDAATEPNNDEALLGYENSFTKLANTINEDNRISTPNKEELFCPVPSLVDDLLSELNISEIQKLKQQLMQMEREKVNLLSNLQDSQKQLEQANGALSEHQEKVNRLTENLSAIRKLQASKERQSALDNEKERDSHEDGDYYEVDINGPEILECKYKVAVSEAGELKEELKTLKAEYQTCQSRYDEERSRLENDVRSLGDKLSNLERTTFVEREEKAKLEKELRKLSDVAGESQGSLSVAQDELVTFSEELATLYNHVCMCNNETPNRVMLDFYKEGKGGRSSPEGRGRRSPILLTKGLFPEHGRADLSDGAPSPVSSLPSPVSDHRREPMNIYNLVAIIRDQIKHLQLAVDRTTELSRQRVASLELGTVADKDKEACMEEILKLKSLLSTKREQIATLRTVLKANKQTAEVALANLKSKYENEKAMVTETMMKLRNELKALKEDAATFSSLRAMFATRCDEYVTQLEEMQRQLAAAEDEKKTLNSLLRMAIQQKLALTQRLEDLEFDHEQTRRGGSSGRSKARSKAAGTTATTATTATSNPHVSQSLTCSGSGRPELNNAMPNGILGGPAIFCSEKYKIYCD	1	80	1	80	5.849E-38	145	1.000	0.092
POEFO11876	AF-M4AT16-F1-model_v4	0.962	80	3	MSTEEQGYPEAVLLEARPEWLRAEVERLSRELSETTSEKIQAAEYGLAVLEEKQQLKQQYDDLEVEYEAVRQELDQLKEA	MSTEEQGYPEAMLLEAGPEWLRAEVERLSRELSETSSEKIQAAEYGLAVLEEKQQLKQQYDDLEVEYEAVRQELDQLKEAFGQAYTNHRKVAADGESREESLIQESACKEAYYEQRVLELQNELRQTRNILTNTQSENERLVAISQEMKENGEMMELQRNQLRDDIKEYKFREGRLLQDYTELEEENISLQKQVSVLKQSQVEFEGLKHEIRRLEEDTQFLNSQLEDAIRLKEIAERQLGEALETIKTERELKTSLRKELSHYMNIGDTLYHSPLSISLDGLKFSDDVATEPNNDEALLGYENSFTKLANTINEDNRISTPKEELFCPVPSLVDDLLSELNISEIQKLKQQLMQMERDKVNLLSNLQDSQKQLEQANGALSEHQEKVNRLTENLNAIRKLQASKERQSALDNEKERDSHEDGDYYEVDINGPEILECKYKVAMSEAGELKEELKTLKAEYQACQSRYDEERSRLENDVRSLGDKLSNLEKTTFAEREEKAKLEKELRKLSDVAGESQGSLNVAQDELVTFSEELATLYNHVCMCNNETPNRVMLDFYKEGKGGRSSPEGRGRRSPILLTKGLFPEHGRTDLSDGTPSPVSSLPSPVSDHRREPMNIYNLVAIIRDQIKHLQLAVDRTTELSRQRVASLELGTMADKDKEACMEEILKLKSLLSTKREQIATLRTVLKANKQTAEVALANLKSKYENEKAMVTETMMKLRNELKALKEDAATFSSLRAMFATRCDEYVTQLEEMQRQLAAAEDEKKTLNSLLRMAIQQKLALTQRLEDLEFDHEQTRRGGNSGRSKARSKAAGTTATSNPH	1	80	1	80	1.904E-36	141	1.000	0.098
POEFO11876	AF-A0A3B5QWW2-F1-model_v4	0.962	80	3	MSTEEQGYPEAVLLEARPEWLRAEVERLSRELSETTSEKIQAAEYGLAVLEEKQQLKQQYDDLEVEYEAVRQELDQLKEA	MSTEEQGYPEAMLLEAGPEWLRAEVERLSRELSETSSEKIQAAEYGLAVLEEKQQLKQQYDDLEVEYEAVRQELDQLKEAFGQAYTNHRKVAADGESREESLIQESACKEAYYEQRVLELQNELRQTRNILTNTQSENERLVAISQEMKENGEMMELQRNQLRDDIKEYKFREGRLLQDYTELEEENISLQKQVSVLKQSQVEFEGLKHEIRRLEEDTQFLNSQLEDAIRLKEIAERQLGEALETIKTERELKTSLRKELSHYMNIGDTLYHSPLSISLDGLKFSDDVATEPNNDEALLGYENSFTKLANTINEDNRISTPKEELFCPVPSLVDDLLSELNISEIQKLKQQLMQMERDKVNLLSNLQDSQKQLEQANGALSEHQEKVNRLTENLNAIRKLQASKERQSALDNEKERDSHEDGDYYEVDINGPEILECKYKVAMSEAGELKEELKTLKAEYQACQSRYDEERSRLENDVRSLGDKLSNLEKTTFAEREEKAKLEKELRKLSDVAGESQGSLNVAQDELVTFSEELATLYNHVCMCNNETPNRVMLDFYKEGKGGRSSPEGRGRRSPILLTKGLFPEHGRTDLSDGTPSPVSSLPSPVSDHRREPMNIYNLVAIIRDQIKHLQLAVDRTTELSRQRVASLELGTMADKDKEACMEEILKLKSLLSTKREQIATLRTVLKANKQTAEVALANLKSKYENEKAMVTETMMKLRNELKALKEDAATFSSLRAMFATRCDEYVTQLEEMQRQLAAAEDEKKTLNSLLRMAIQQKLALTQRLEDLEFDHEQTRRGGNSGRSKARSKAAGTTATSNPHIVSSLLPQHHQSPFN	1	80	1	80	1.904E-36	141	1.000	0.096
POEFO11876	AF-A0A3B5LRM8-F1-model_v4	0.962	80	3	MSTEEQGYPEAVLLEARPEWLRAEVERLSRELSETTSEKIQAAEYGLAVLEEKQQLKQQYDDLEVEYEAVRQELDQLKEA	MSTEEQGYPEAMLLEAGPEWLRAEVERLSRELSETSSEKIQAAEYGLAVLEEKQQLKQQYDDLEVEYEAVRQELDQLKEAFGQAYTNHRKVAADGESREESLIQESACKEAYYEQRVLVLQNELRQTRNILTNTQSENERLVAISQEMKENGEMMELQRNQLRDDIKEYKFREGRLLQDYTELEEENISLQKQVSVLKQSQVEFEGLKHEIRRLEEDTQFLNSQLEDAIRLKEIAERQLGEALETIKTERELKTSLRKELSHYMNIGDTVYHSPLSISLDGLKFSDDVATEPNNDEALLGYENSFTKLANAINEDNRISTPKEELFCPVPSLVDDLLSELNISEIQKLKQQLMQMERDKVNLLSNLQDSQKQLEQANGALSEHQEKVNRLTENLNAIRKLQASKERQSALDNEKERDSHEDGDYYEVDINGPEILECKYKVAMSEAGELKEELKTLKAEYQACQSRYDEERSRLENDVRSLGDKLSNLEKTTFAEREEKAKLEKELRKLSDVAGESQGSLSVAQDELVTFSEELATLYNHVCMCNNETPNRVMLDFYKEGKGGRSSPEGRGRRSPILLTKGLFPEHGRTDLSDGTPSPVSSLPSPVSDHRREPMNIYNLVAIIRDQIKHLQLAVDRTTELSRQRVASLELGTMADKDKEACMEEILKLKSLLSTKREQIATLRTVLKANKQTAEVALANLKSKYENEKAMVTETMMKLRNELKALKEDAATFSSLRAMFATRCDEYVTQLEEMQRQLAAAEDEKKTLNSLLRMAIQQKLALTQRLEDLEFDHEQTRRGGNSGRSKARSKAAGTTATSNPHVSQSLTCSGSGRPELNNTMPNGILGGPAIFCSEKYKIYCD	1	80	1	80	1.904E-36	141	1.000	0.093
POEFO11876	AF-A0A3Q2NS93-F1-model_v4	0.937	80	5	MSTEEQGYPEAVLLEARPEWLRAEVERLSRELSETTSEKIQAAEYGLAVLEEKQQLKQQYDDLEVEYEAVRQELDQLKEA	MSAEEQGYPRATLLEARPEWLRAEVERLSRELSETTGEKIQAAEYGLAVLEEKQQLKQQYEDLEVEYEAVRQELDQLKEAFGQAYTNHRKVAADGESREESLIQESACKEAYYERRVLELQKELRQTRNILTNTQSENERLVAISQEIKENGEMVELQRNQLRDDIKEYKFREGRLLQDYTELEEENISLQKQVSALKQSQVEFEGLKHEIRRLEEDTQFLNSQLEDAIRLKEIAERQLGEALETIKTERELKTSLRKELSHYMNIGDTLYHSISLDGLKFSDDAATEPNNDQALLGYENSFTKLADTINEDNRTFTPKEEEEELFCPVPSLVDDLLSELNISEIQKLKQQLMQMEREKVNLLSNLQDSQKQLEQANGALSEHQEKVSRLTENLNAIRKLQASKERQSALDNEKERDSHEDGDYYEVDINGPEILECKYKVAVSEAGELKEELKTLKAEYQACQSRYEEERSRLESDVRSLGDKLSSLERTTSAEREEKAKLEKELRKLSDVAGESQGSLSVAQDELVTFSEELATLYNHVCMCNNETPNRVMLDFYKEGKGGRSSPEGRGRRSPILLTKGLFPEHGRADLSDGAPSPVSSLPSPVADHRREPMNIYNLVAIIRDQIKHLQLAVDRTTELSRQRVASLELGTVADKDKEACMEEILKLKSLLSTKREQIATLRTVLKANKQSAEVALANLKSKYENEKAMVTETMMKLRNELKALKEDAATFSSLRAMFATRCDEYVTQLEEMQRQLAAAEDEKKTLNSLLRMAIQQKLALTQRLEDLEFDHEQTRRGGNAGRSKARSKAAAAAGKPHVSQSLTCSGSGRPELNNAMPNGILGGPAVFCSEKYKIYCD	1	80	1	80	2.397E-35	138	1.000	0.093
POEFO11876	AF-A0A1A8JRF4-F1-model_v4	0.900	80	8	MSTEEQGYPEAVLLEARPEWLRAEVERLSRELSETTSEKIQAAEYGLAVLEEKQQLKQQYDDLEVEYEAVRQELDQLKEA	MSVEEQGYPTAMLLEARPEWLRAEIERLSRELAETTSEKIQAAEYGLAVLEEKQQLKQQYDDLEVEYDSVRQEMDQLKEAFGQAYTNHRKVAADGESREESLIQESACKEAYYEQRVLELQNELRQTRNILTNSQSEIERLTAISQEMKENSQMVELQRNQLRDDIKEYKFRESRLLQDYTELEEENISLQKQVLVLKQSQVEFEGLKHEIRRLEEDTQFLNSQLEDAIRLKEIAERQLGEALETIKTERELKGSLRKELSLYMNIGDSLYHSPLSVSLDGLKFSDDAATEPNNDEALHGYEDVFAKLANTIADDNRVSTPKKEGLFHPAPSLVDDLLSELNISEIQKLKQQLMQMEREKVNLLSNLQESQKQLEQANGALSEHQEKVNRLTENLNAIRKLQASKERQSALDNEKERDSHEDGDYYEVDINGLEILECKYKVAMSEAGELKEELKTLKTEYQACQSRYEEERTRLEHEVDSLGEKLFTLEKMSYVDREEKAKLEKELRKLSDVAGESQGSLSVAQDELVTFSEELATLYNHVCMCNNETPNRVMLDFYKEGKGGRNSPEGR	1	80	1	80	8.506E-35	136	1.000	0.140
POEFO11876	AF-A0A1A8LIW7-F1-model_v4	0.900	80	8	MSTEEQGYPEAVLLEARPEWLRAEVERLSRELSETTSEKIQAAEYGLAVLEEKQQLKQQYDDLEVEYEAVRQELDQLKEA	MSVEEQGYPTAMLLEARPEWLRAEIERLSRELAETTSEKIQAAEYGLAVLEEKQQLKQQYDDLEVEYDSVRQEMDQLKEAFGQAYTNHRKVAADGESREESLIQESACKEAYYEQRVLELQNELRQTRNILTNSQSEIERLTAISQEMKESSQMVELQRNQLRDDIKEYKFRESRLLQDYTELEEENISLQKQVLVLKQSQVEFEGLKHEIRRLEEDTQFLNSQLEDAIRLKEIAERQLGEALETIKTERELKGSLRKELSLYMNIGDSLYHSPLSVSLDGLKFSDDAATEPNNDEALHGYENVFAKLANTIADDNRVSTPKKEGLFHPAPSLVDDLLSELNISEIQKLKQQLMQMEREKVNLLSNLQESQKQLEQANGALSEHQEKVNRLTENLNAIRKLQASKERQSALDNEKERDSHEDGDYYEVDINGLEILECKYKVAVSEAGELKEELKTLKTEYQACQSRYEEERTRLEHEVDSLGEKLFTLEKMSYVDREEKAKLEKELRKLSDVAGESQGSLSVAQDELVTFSEELATLYNHVCMCNNETPNRVMLDFYKEGKGGRNSPEGRDRRSPILLTKGLFPEHGKTDLSDGAPSPVSSIPSPVSDHRREPMNIYNLVAIIRDQIKHLQLAVDRTTELSRQRVASLELGTVADKDKEACMEEILKLKSLLSTKREQIATLRTVLKANKQTAEVALANLKSKYENEKAMVTETMMKLR	1	80	1	80	8.506E-35	136	1.000	0.111
POEFO11876	AF-A0A1A8ILV4-F1-model_v4	0.900	80	8	MSTEEQGYPEAVLLEARPEWLRAEVERLSRELSETTSEKIQAAEYGLAVLEEKQQLKQQYDDLEVEYEAVRQELDQLKEA	MSVEEQGYPTAMLLEARPEWLRAEIERLSRELAETTSEKIQAAEYGLAVLEEKQQLKQQYDDLEVEYDSVRQEMDQLKEAFGQAYTNHRKVAADGESREESLIQESACKEAYYEQRVLELQNELRQTRNILTNSQSEIERLTAISQEMKENSQMVELQRNQLRDDIKEYKFRESRLLQDYTELEEENISLQKQVLVLKQSQVEFEGLKHEIRRLEEDTQFLNSQLEDAIRLKEIAERQLGEALETIKTERELKGSLRKELSLYMNIGDSLYHSPLSVSLDGLKFSDDAATEPNNDEALHGYEDVFAKLANTIADDNRVSTPKKEGLFHPAPSLVDDLLSELNISEIQKLKQQLMQMEREKVNLLSNLQESQKQLEQANGALSEHQEKVNRLTENLNAIRKLQASKERQSALDNEKERDSHEDGDYYEVDINGLEILECKYKVAMSEAGELKEELKTLKTEYQACQSRYEEERTRLEHEVDSLGEKLFTLEKMSYVDREEKAKLEKELRKLSDVAGESQGSLSVAQDELVTFSEELATLYNHVCMCNNETPNRVMLDFYKEGKGGRNSPEGRDRRSPILLTKGLFPEHGKTDLSDGAPSPVSSIPSPVSDHRREPMNIYNLVAIIRDQIKHLQLAVDRTTELSRQRVASLELGTVADKDKEACMEEILKLKSLLSTKREQIATLRTVLKANKQTAEVALANLKSKYENEKAMVTETMMKLRN	1	80	1	80	8.506E-35	136	1.000	0.111
POEFO11876	AF-A0A1A8HD37-F1-model_v4	0.900	80	8	MSTEEQGYPEAVLLEARPEWLRAEVERLSRELSETTSEKIQAAEYGLAVLEEKQQLKQQYDDLEVEYEAVRQELDQLKEA	MSVEEQGYPTAMLLEARPEWLRAEIERLSRELTETTSEKIQAAEYGLAVLEEKQQLKQQYDDLEVEYDSVRQEMDQLKEAFGQAYTNHRKVAADGESREESLIQESACKEAYYEQRVLELQNELRQTRNILTNSQSEIERLTAISQEMKENSQMVELQRNQLRDDIKEYKFRESRLLQDYTELEEENISLQKQVLVLKQSQVEFEGLKHEIRRLEEDTQFLNSQLEDAIRLKEIAERQLGEALETIKTERELKGSLRKELSLYMNIGDSLYHSPLSVSLDGLKFSDDAATEPNNDEALHGYENVFAKLANTIADDNRVSTPKKEGLFHPAPSLVDDLLSELNISEIQKLKQQLMQMEREKVNLLSNLQESQKQLEQANGALSEHQEKVNRLTENLNAIRKLQASKERQSALDNEKERDSHEDGDYYEVDINGLEILECKYKVAVSEAGELKEELKTLKTEYQACQSRYEEERTRLEHEVDSLGEKLFTLEKMSYVDREEKAKLEKELRKLSDVAGESQGSLSVAQDELVTFSEELATLYNHVCMCNNETPNRVMLDFYKEGKGGRSSPEGRDRRSPILLTKGLFPEHGKTDLSDGAPSPVSSIPSPVSDHRREPMNVYNLVAIIRDQIKHLQLAVDRTTELSRQRVASLELGTVADKDKEACMEEILKLKSLLSTKREQIATLRTVLKANKQTAEVALANLKSKYENEKAMVTETMMKLRNELKALKEDAATFSSLRVMFASRCDQYVTQLDEMQRQLAAAEDEKKTLNSLLRMAIQQKLALTQRLEDLEAPQYPHSLNSSPRRSRAKELANKSGRAPRSPRSSPARPQLRSSSRASPVLGSSVPASATHHLRALTRSLNTSPR	1	80	1	80	8.506E-35	136	1.000	0.093
POEFO11876	AF-A0A672IV96-F1-model_v4	0.901	81	8	MSTEEQGYPEAVLLEARPEWLRAEVERLSRELSETTSEKIQAAEYGLAVLEEKQQLKQQYDDLEVEYEAVRQELDQLKEA	MSVEEQGYPDAMMLLEAAPEWLRAEIERLSRELSETTNEKIQAAEYGLAVLEEKQQLKQQYDDLEIEYEAVRQELDQLKEAFGQAHSNHRKVAADGESREESLIQESACKEAYYEQRVLELQTELRQSRNILTNTQSENERLNSITQEMRENSQMVELQRNQLRDDIKEYKFRESRLLQDYTELEEENISLQKQVLVLKQSQVEFEGLKHEIRRLEEDTQFLNSQLEDAIRLKEISERQLSEALETIKTERELKASLRKELSHYMSIGDTLYHSPLSISLDGLKFSDDAATEPNNDEALHGYENGFIKLANAITDDNRISTPKNEELFRPAPSLVDDLLSELNICEIQKLKQQLMQMEREKVNLLSNLQDSQKQLEQANGALSEHQEKVNRLTENLNAIRKLQASKERQSALDNEKERDSHEDGDYYEVDINGPEILECKYKVAVSEAGELKEELKTLKAEYQACQSRYEEERTRLENDVTTLGEKLSSLEKSSRTEKEEKAKLEKELRKLSDVAGESQGSLSVAQDELVTFSEELATLYNHVCMCNNETPNRVMLDFYKEGKGGRSSPEGRGRRSPILLTKGLFPEPGKADLSDGVPSPVSSLPSPVSDHRREPMNIYNLVAIIRDQIKHLQLAVDRTTELSRQRVASLELGAVADKDKEACMEEILKLKSLLSTKREQIATLRTVLKANKQTAEVALANLKSKYENEKAMVTETMMKLRNELKALKEDAATFSSLRAMFATRCDEYVTQLDEMQRQLAAAEDEKKTLNSLLRMAIQQKLALTQRLEDLEFDHEQTRRGGNSGRAKARKAAGGTAGNPH	1	80	1	81	7.806E-34	133	1.000	0.099
POEFO11876	AF-A0A672IV99-F1-model_v4	0.901	81	8	MSTEEQGYPEAVLLEARPEWLRAEVERLSRELSETTSEKIQAAEYGLAVLEEKQQLKQQYDDLEVEYEAVRQELDQLKEA	MSVEEQGYPDAMMLLEAAPEWLRAEIERLSRELSETTNEKIQAAEYGLAVLEEKQQLKQQYDDLEIEYEAVRQELDQLKEAFGQAHSNHRKVAADGESREESLIQESACKEAYYEQRVLELQTELRQSRNILTNTQSENERLNSITQEMRENSQMVELQRNQLRDDIKEYKFRESRLLQDYTELEEENISLQKQVLVLKQSQVEFEGLKHEIRRLEEDTQFLNSQLEDAIRLKEISERQLSEALETIKTERELKASLRKELSHYMSIGDTLYHSISLDGLKFSDDAATEPNNDEALHGYENGFIKLANAITDDNRISTPKNEELFRPAPSLVDDLLSELNICEIQKLKQQLMQMEREKVNLLSNLQDSQKQLEQANGALSEHQEKVNRLTENLNAIRKLQASKERQSALDNEKERDSHEDGDYYEVDINGPEILECKYKVAVSEAGELKEELKTLKAEYQACQSRYEEERTRLENDVTTLGEKLSSLEKSSRTEKEEKAKLEKELRKLSDVAGESQGSLSVAQDELVTFSEELATLYNHVCMCNNETPNRVMLDFYKEGKGGRSSPEGRGRRSPILLTKGLFPEPGKADLSDGVPSPVSSLPSPVSDHRREPMNIYNLVAIIRDQIKHLQLAVDRTTELSRQRVASLELGAVADKDKEACMEEILKLKSLLSTKREQIATLRTVLKANKQTAEVALANLKSKYENEKAMVTETMMKLRNELKALKEDAATFSSLRAMFATRCDEYVTQLDEMQRQLAAAEDEKKTLNSLLRMAIQQKLALTQRLEDLEFDHEQTRRGGNSGRAKARKAAVCTRRLDCSRHIRHVEYRAPGYIGGV	1	80	1	81	7.806E-34	133	1.000	0.097
POEFO11876	AF-A0A672IVT7-F1-model_v4	0.901	81	8	MSTEEQGYPEAVLLEARPEWLRAEVERLSRELSETTSEKIQAAEYGLAVLEEKQQLKQQYDDLEVEYEAVRQELDQLKEA	MSVEEQGYPDAMMLLEAAPEWLRAEIERLSRELSETTNEKIQAAEYGLAVLEEKQQLKQQYDDLEIEYEAVRQELDQLKEAFGQAHSNHRKVAADGESREESLIQESACKEAYYEQRVLELQTELRQSRNILTNTQSENERLNSITQEMRENSQMVELQRNQLRDDIKEYKFRESRLLQDYTELEEENISLQKQVLVLKQSQVEFEGLKHEIRRLEEDTQFLNSQLEDAIRLKEISERQLSEALETIKTERELKASLRKELSHYMSIGDTLYHSPLSISLDGLKFSDDAATEPNNDEALHGYENGFIKLANAITDDNRISTPKNEELFRPAPSLVDDLLSELNICEIQKLKQQLMQMEREKVNLLSNLQDSQKQLEQANGALSEHQEKVNRLTENLNAIRKLQASKERQSALDNEKERDSHEDGDYYEVDINGPEILECKYKVAVSEAGELKEELKTLKAEYQACQSRYEEERTRLENDVTTLGEKLSSLEKSSRTEKEEKAKLEKELRKLSDVAGESQGSLSVAQDELVTFSEELATLYNHVCMCNNETPNRVMLDFYKEGKGGRSSPEGRGRRSPILLTKGLFPEPGKADLSDGVPSPVSSLPSPVSDHRREPMNIYNLVAIIRDQIKHLQLAVDRTTELSRQRVASLELGAVADKDKEACMEEILKLKSLLSTKREQIATLRTVLKANKQTAEVALANLKSKYENEKAMVTETMMKLRNELKALKEDAATFSSLRAMFATRCDEYVTQLDEMQRQLAAAEDEKKTLNSLLRMAIQQKLALTQRLEDLEFDHEQTRRGGNSAPRRSLASPSWRPQDRPALSGPLSNEMFTIRK	1	80	1	81	7.806E-34	133	1.000	0.097
POEFO11876	AF-A0A672IUX5-F1-model_v4	0.901	81	8	MSTEEQGYPEAVLLEARPEWLRAEVERLSRELSETTSEKIQAAEYGLAVLEEKQQLKQQYDDLEVEYEAVRQELDQLKEA	MSVEEQGYPDAMMLLEAAPEWLRAEIERLSRELSETTNEKIQAAEYGLAVLEEKQQLKQQYDDLEIEYEAVRQELDQLKEAFGQAHSNHRKVAADGESREESLIQESACKEAYYEQRVLELQTELRQSRNILTNTQSENERLNSITQEMRENSQMVELQRNQLRDDIKEYKFRESRLLQDYTELEEENISLQKQVLVLKQSQVEFEGLKHEIRRLEEDTQFLNSQLEDAIRLKEISERQLSEALETIKTERELKASLRKELSHYMSIGDTLPLSISLDGLKFSDDAATEPNNDEALHGYENGFIKLANAITDDNRISTPKNEELFRPAPSLVDDLLSELNICEIQKLKQQLMQMEREKVNLLSNLQDSQKQLEQANGALSEHQEKVNRLTENLNAIRKLQASKERQSALDNEKERDSHEDGDYYEVDINGPEILECKYKVAVSEAGELKEELKTLKAEYQACQSRYEEERTRLENDVTTLGEKLSSLEKSSRTEKEEKAKLEKELRKLSDVAGESQGSLSVAQDELVTFSEELATLYNHVCMCNNETPNRVMLDFYKEGKGGRSSPEGRGRRSPILLTKGLFPEPGKADLSDGVPSPVSSLPSPVSDHRREPMNIYNLVAIIRDQIKHLQLAVDRTTELSRQRVASLELGAVADKDKEACMEEILKLKSLLSTKREQIATLRTVLKANKQTAEVALANLKSKYENEKAMVTETMMKLRNELKALKEDAATFSSLRAMFATRCDEYVTQLDEMQRQLAAAEDEKKTLNSLLRMAIQQKLALTQRLEDLEFDHEQTRRGGNSGRAKARKAAGGTAGNPHVTPSAFRLGEHQCDSTQKFRTHPWAIGIAMATSGQKRSTCDHGCLFQDHFKSCDASTPIL	1	80	1	81	7.806E-34	133	1.000	0.092
POEFO11876	AF-A0A672ISK0-F1-model_v4	0.901	81	8	MSTEEQGYPEAVLLEARPEWLRAEVERLSRELSETTSEKIQAAEYGLAVLEEKQQLKQQYDDLEVEYEAVRQELDQLKEA	MSVEEQGYPDAMMLLEAAPEWLRAEIERLSRELSETTNEKIQAAEYGLAVLEEKQQLKQQYDDLEIEYEAVRQELDQLKEAFGQAHSNHRKVAADGESREESLIQESACKEAYYEQRVLELQTELRQSRNILTNTQSENERLNSITQEMRENSQMVELQRNQLRDDIKEYKFRESRLLQDYTELEEENISLQKQVLVLKQSQVEFEGLKHEIRRLEEDTQFLNSQLEDAIRLKEISERQLSEALETIKTERELKASLRKELSHYMSIGDTLPLSISLDGLKFSDDAATEPNNDEALHGYENGFIKLANAITDDNRISTPKNEELFRPAPSLVDDLLSELNICEIQKLKQQLMQMEREKVNLLSNLQDSQKQLEQANGALSEHQEKVNRLTENLNAIRKLQASKERQSALDNEKERDSHEDGDYYEVDINGPEILECKYKVAVSEAGELKEELKTLKAEYQACQSRYEEERTRLENDVTTLGEKLSSLEKSSRTEKEEKAKLEKELRKLSDVAGESQGSLSVAQDELVTFSEELATLYNHVCMCNNETPNRVMLDFYKEGKGGRSSPEGRGRRSPILLTKGLFPEPGKADLSDGVPSPVSSLPSPVSDHRREPMNIYNLVAIIRDQIKHLQLAVDRTTELSRQRVASLELGAVADKDKEACMEEILKLKSLLSTKREQIATLRTVLKANKQTAEVALANLKSKYENEKAMVTETMMKLRNELKALKEDAATFSSLRAMFATRCDEYVTQLDEMQRQLAAAEDEKKTLNSLLRMAIQQKLALTQRLEDLEFDHEQTRRGGNSGRAKARKAAGGTAGNPHVSQSLTCSGLPELNNSMPNGILGGPVVFCSGCKRPHGTAVYRGWGGGGGAARARRTLPALVLKSPTRSL	1	80	1	81	7.806E-34	133	1.000	0.091
POEFO11876	AF-A0A3Q2CYM8-F1-model_v4	0.912	80	7	MSTEEQGYPEAVLLEARPEWLRAEVERLSRELSETTSEKIQAAEYGLAVLEEKQQLKQQYDDLEVEYEAVRQELDQLKEA	MMSAEEQGYPAATLLEAGPEWLRAEVERLSRELSETTSEKIQAAEYGLAVLEEKQQLKQQYDDLEMEYEAVRQEMDLLKEAFGQAYTNHRKVAADGESREESLIQESAFKEAYYEQRVLELQNELRQTRNILTNTQSENERLVAISQEMKENSEVVELQRNQLRDDIKEYKFREGRLLQDYTELEEENISLQKQVSVLKQSQVEFEGLKHEIRRLEEDTQFLNSQLEDAIRLKEIAERQLGEALETIKTERELKASLRKELSNYMNIGDTLYQSPLSISLDALKFSDDATTEPNNDEALLGLENSFTKLANTINEDNRNPTAKNEELFCPVPSLVDDLLSELNISEIQKLKQQLMQMEREKVNLLSNLQDSQKQLEQANGALSEHQEKVSRLTENLNAIRKLQASKERQSALDNEKERDSHEDGDYYEVDINGPEILECKYKVAVSEAGELKEELKTLKAEYQACQSRYEEERSRLENDVRSLGDKLSNLERTTSAEREEKAKLEKELRKLSDVAGESQGSLSVAQDELVTFSEELATLYNHVCMCNNETPNRVMLDFYKEGKGGRSSPEGRGRRSPILLTKGLFPEHGRADLSDGAPSPVSSLPSPVSDHRREPMNIYNLVAIIRDQIKHLQLAVDRTTELSRQRVASLELGTVADKDKEACMEEILKLKSLLSTKREQIATLRTVLKANKQSAEVALANLKSKYENEKAMVTETMMKLRNELKALKEDAATFSSLRAMFATRCDEYVTQLEEMQRQLAAAEDEKKTLNSLLRMAIQQKLALTQRLEDLEFDHEQTRRGGNTGRAKARSKAASGAASTNPHIFSSLLPQHHHSPFN	1	80	2	81	1.071E-33	133	1.000	0.096
POEFO11876	AF-A0A0S7GZA8-F1-model_v4	0.912	80	7	MSTEEQGYPEAVLLEARPEWLRAEVERLSRELSETTSEKIQAAEYGLAVLEEKQQLKQQYDDLEVEYEAVRQELDQLKEA	MSSEERGYAEAMLLEAGPVWLRAEVERLSRELSETTSEKIQAAEYGLVVLEEKQQLKQQYDDLEVEYEAVRQELDQLKEAFGQAYTNHRKVAADGESREESLIQESACKEAYYEPAFCMFL	1	80	1	80	2.770E-33	132	1.000	0.661
POEFO11876	AF-A0A0S7H3I7-F1-model_v4	0.912	80	7	MSTEEQGYPEAVLLEARPEWLRAEVERLSRELSETTSEKIQAAEYGLAVLEEKQQLKQQYDDLEVEYEAVRQELDQLKEA	MSSEERGYAEAMLLEAGPVWLRAEVERLSRELSETTSEKIQAAEYGLVVLEEKQQLKQQYDDLEVEYEAVRQELDQLKEAFGQAYTNHRKVAADGESREESLIQESACKEAYYEQRVLELQNELRQTRNILTNTQSENERLVAISQEMKENGEMMELQRNQLRDDIKEYKFREGRLLQDYTELEEENISLQKQVLVLKQSQVEFEGLKHEIRRLEEDTQFLNSQLEDAIRLKEIAERQLGEALETIKTERELKTSLRKELSHYMNIGDTLYHR	1	80	1	80	2.770E-33	132	1.000	0.293
POEFO11876	AF-A0A0S7GZF2-F1-model_v4	0.912	80	7	MSTEEQGYPEAVLLEARPEWLRAEVERLSRELSETTSEKIQAAEYGLAVLEEKQQLKQQYDDLEVEYEAVRQELDQLKEA	MSSEERGYAEAMLLEAGPVWLRAEVERLSRELSETTSEKIQAAEYGLVVLEEKQQLKQQYDDLEVEYEAVRQELDQLKEAFGQAYTNHRKVAADGESREESLIQESACKEAYYEQRVLELQNELRQTRNILTNTQSENERLVAISQEMKENGEMMELQRNQLRDDIKEYKFREGRLLQDYTELEEENISLQKQVLVLKQSQVEFEGLKHEIRRLEEDTQFLNSQLEDAIRLKEIAERQLGEALETIKTERELKTSLRKELSHYMNIGDTLYHSPLSISLDGLKFSDDATTEPNNDEALLGYENSFTKLANTINEDNRISTPKKEELFCPVPSLVDDLLSELNISEIQKLKQQLMQVGLCSHFFVTQQNCNVLRIICFCQF	1	80	1	80	2.770E-33	132	1.000	0.211
POEFO11876	AF-A0A2I4CLS1-F1-model_v4	0.901	81	8	MSTEEQGYPEAVLLEARPEWLRAEVERLSRELSETTSEKIQAAEYGLAVLEEKQQLKQQYDDLEVEYEAVRQELDQLKEA	MSVEEPGYPDAMLLLEAGPEWLRAEIERLSRELSETTSEKIQAAEYGLAVLEEKQQLKQQYDDMEVEYEAVRQELDQLKEAFGQAYTNHRKVAADGESREESLIQESACKEAYYEQRVLELQNELRQSRNILANTQSENEHLVAISQDLKENSQMVELQRSQLRDDIKEYKFRESRLLQDYTELEEENISLQKQVSVLKQSQVEFEGLKHEIRRLEEDTQFLNSQLEDAIRLKEIAERQLGEALETIKTERELKASLRKELSHYMNIGDTLYHSPLSVSLDGLKFSDDAATEPNNDEALYGYENSFSKLANTITDNNRMSLPEKEELFHPAPSLVDDLLSELNISEIQKLKQQLMQMEREKVNLLSNLQDSQKQLEQANGALSEHQEKVNRLTENLNTIRKLQASKERQSALDNEKERDSHEDGDYYEVDINGPEILECKYKVAVSEAGELKEELKTLKTEYQACQSRYEEERSRLENEVTTLGGKLASLEKTSHVEREEKAKLEKELRKLSDVAGESQGSLNVAQDELVTFSEELATLYNHVCMCNNETPNRVMLDFYKEGKGGRSSPEGRGRRSPILLTKGLFPEPYRTDLGDGAHSPGSSIPSPVSDHRREPMNIYNLVAIIRDQIKHLQLAVDRTTELSRQRVASLELGTVADKDKEACMEEILKLKSVLSTKREQIATLRTVLKANKQTAEVALANLKSKYENEKAMVTETMMKLRNELKALKEDAATFSSLRAMFATRCDEYVMQLEEMQRQLAAAEDEKKTLNSLLRMAIQQKLALTQRLEDLEFDHEQTRRGGGAGRSKVRSKPTATAAGNNPHVSQSLTCSASNRPEPNNALPNGILGGPVVFCSEKYKIYCD	1	80	1	81	3.803E-33	131	1.000	0.094
