SALFA40234	AF-A0A672IV96-F1-model_v4	1.000	80	0	MSVEEQGYPDAMMLLEAAPEWLRAEIERLSRELSETTNEKIQAAEYGLAVLEEKQQLKQQYDDLEIEYEAVRQELDQLKE	MSVEEQGYPDAMMLLEAAPEWLRAEIERLSRELSETTNEKIQAAEYGLAVLEEKQQLKQQYDDLEIEYEAVRQELDQLKEAFGQAHSNHRKVAADGESREESLIQESACKEAYYEQRVLELQTELRQSRNILTNTQSENERLNSITQEMRENSQMVELQRNQLRDDIKEYKFRESRLLQDYTELEEENISLQKQVLVLKQSQVEFEGLKHEIRRLEEDTQFLNSQLEDAIRLKEISERQLSEALETIKTERELKASLRKELSHYMSIGDTLYHSPLSISLDGLKFSDDAATEPNNDEALHGYENGFIKLANAITDDNRISTPKNEELFRPAPSLVDDLLSELNICEIQKLKQQLMQMEREKVNLLSNLQDSQKQLEQANGALSEHQEKVNRLTENLNAIRKLQASKERQSALDNEKERDSHEDGDYYEVDINGPEILECKYKVAVSEAGELKEELKTLKAEYQACQSRYEEERTRLENDVTTLGEKLSSLEKSSRTEKEEKAKLEKELRKLSDVAGESQGSLSVAQDELVTFSEELATLYNHVCMCNNETPNRVMLDFYKEGKGGRSSPEGRGRRSPILLTKGLFPEPGKADLSDGVPSPVSSLPSPVSDHRREPMNIYNLVAIIRDQIKHLQLAVDRTTELSRQRVASLELGAVADKDKEACMEEILKLKSLLSTKREQIATLRTVLKANKQTAEVALANLKSKYENEKAMVTETMMKLRNELKALKEDAATFSSLRAMFATRCDEYVTQLDEMQRQLAAAEDEKKTLNSLLRMAIQQKLALTQRLEDLEFDHEQTRRGGNSGRAKARKAAGGTAGNPH	1	80	1	80	1.798E-39	149	1.000	0.098
SALFA40234	AF-A0A672IV99-F1-model_v4	1.000	80	0	MSVEEQGYPDAMMLLEAAPEWLRAEIERLSRELSETTNEKIQAAEYGLAVLEEKQQLKQQYDDLEIEYEAVRQELDQLKE	MSVEEQGYPDAMMLLEAAPEWLRAEIERLSRELSETTNEKIQAAEYGLAVLEEKQQLKQQYDDLEIEYEAVRQELDQLKEAFGQAHSNHRKVAADGESREESLIQESACKEAYYEQRVLELQTELRQSRNILTNTQSENERLNSITQEMRENSQMVELQRNQLRDDIKEYKFRESRLLQDYTELEEENISLQKQVLVLKQSQVEFEGLKHEIRRLEEDTQFLNSQLEDAIRLKEISERQLSEALETIKTERELKASLRKELSHYMSIGDTLYHSISLDGLKFSDDAATEPNNDEALHGYENGFIKLANAITDDNRISTPKNEELFRPAPSLVDDLLSELNICEIQKLKQQLMQMEREKVNLLSNLQDSQKQLEQANGALSEHQEKVNRLTENLNAIRKLQASKERQSALDNEKERDSHEDGDYYEVDINGPEILECKYKVAVSEAGELKEELKTLKAEYQACQSRYEEERTRLENDVTTLGEKLSSLEKSSRTEKEEKAKLEKELRKLSDVAGESQGSLSVAQDELVTFSEELATLYNHVCMCNNETPNRVMLDFYKEGKGGRSSPEGRGRRSPILLTKGLFPEPGKADLSDGVPSPVSSLPSPVSDHRREPMNIYNLVAIIRDQIKHLQLAVDRTTELSRQRVASLELGAVADKDKEACMEEILKLKSLLSTKREQIATLRTVLKANKQTAEVALANLKSKYENEKAMVTETMMKLRNELKALKEDAATFSSLRAMFATRCDEYVTQLDEMQRQLAAAEDEKKTLNSLLRMAIQQKLALTQRLEDLEFDHEQTRRGGNSGRAKARKAAVCTRRLDCSRHIRHVEYRAPGYIGGV	1	80	1	80	1.798E-39	149	1.000	0.096
SALFA40234	AF-A0A672IVT7-F1-model_v4	1.000	80	0	MSVEEQGYPDAMMLLEAAPEWLRAEIERLSRELSETTNEKIQAAEYGLAVLEEKQQLKQQYDDLEIEYEAVRQELDQLKE	MSVEEQGYPDAMMLLEAAPEWLRAEIERLSRELSETTNEKIQAAEYGLAVLEEKQQLKQQYDDLEIEYEAVRQELDQLKEAFGQAHSNHRKVAADGESREESLIQESACKEAYYEQRVLELQTELRQSRNILTNTQSENERLNSITQEMRENSQMVELQRNQLRDDIKEYKFRESRLLQDYTELEEENISLQKQVLVLKQSQVEFEGLKHEIRRLEEDTQFLNSQLEDAIRLKEISERQLSEALETIKTERELKASLRKELSHYMSIGDTLYHSPLSISLDGLKFSDDAATEPNNDEALHGYENGFIKLANAITDDNRISTPKNEELFRPAPSLVDDLLSELNICEIQKLKQQLMQMEREKVNLLSNLQDSQKQLEQANGALSEHQEKVNRLTENLNAIRKLQASKERQSALDNEKERDSHEDGDYYEVDINGPEILECKYKVAVSEAGELKEELKTLKAEYQACQSRYEEERTRLENDVTTLGEKLSSLEKSSRTEKEEKAKLEKELRKLSDVAGESQGSLSVAQDELVTFSEELATLYNHVCMCNNETPNRVMLDFYKEGKGGRSSPEGRGRRSPILLTKGLFPEPGKADLSDGVPSPVSSLPSPVSDHRREPMNIYNLVAIIRDQIKHLQLAVDRTTELSRQRVASLELGAVADKDKEACMEEILKLKSLLSTKREQIATLRTVLKANKQTAEVALANLKSKYENEKAMVTETMMKLRNELKALKEDAATFSSLRAMFATRCDEYVTQLDEMQRQLAAAEDEKKTLNSLLRMAIQQKLALTQRLEDLEFDHEQTRRGGNSAPRRSLASPSWRPQDRPALSGPLSNEMFTIRK	1	80	1	80	1.798E-39	149	1.000	0.096
SALFA40234	AF-A0A672IUX5-F1-model_v4	1.000	80	0	MSVEEQGYPDAMMLLEAAPEWLRAEIERLSRELSETTNEKIQAAEYGLAVLEEKQQLKQQYDDLEIEYEAVRQELDQLKE	MSVEEQGYPDAMMLLEAAPEWLRAEIERLSRELSETTNEKIQAAEYGLAVLEEKQQLKQQYDDLEIEYEAVRQELDQLKEAFGQAHSNHRKVAADGESREESLIQESACKEAYYEQRVLELQTELRQSRNILTNTQSENERLNSITQEMRENSQMVELQRNQLRDDIKEYKFRESRLLQDYTELEEENISLQKQVLVLKQSQVEFEGLKHEIRRLEEDTQFLNSQLEDAIRLKEISERQLSEALETIKTERELKASLRKELSHYMSIGDTLPLSISLDGLKFSDDAATEPNNDEALHGYENGFIKLANAITDDNRISTPKNEELFRPAPSLVDDLLSELNICEIQKLKQQLMQMEREKVNLLSNLQDSQKQLEQANGALSEHQEKVNRLTENLNAIRKLQASKERQSALDNEKERDSHEDGDYYEVDINGPEILECKYKVAVSEAGELKEELKTLKAEYQACQSRYEEERTRLENDVTTLGEKLSSLEKSSRTEKEEKAKLEKELRKLSDVAGESQGSLSVAQDELVTFSEELATLYNHVCMCNNETPNRVMLDFYKEGKGGRSSPEGRGRRSPILLTKGLFPEPGKADLSDGVPSPVSSLPSPVSDHRREPMNIYNLVAIIRDQIKHLQLAVDRTTELSRQRVASLELGAVADKDKEACMEEILKLKSLLSTKREQIATLRTVLKANKQTAEVALANLKSKYENEKAMVTETMMKLRNELKALKEDAATFSSLRAMFATRCDEYVTQLDEMQRQLAAAEDEKKTLNSLLRMAIQQKLALTQRLEDLEFDHEQTRRGGNSGRAKARKAAGGTAGNPHVTPSAFRLGEHQCDSTQKFRTHPWAIGIAMATSGQKRSTCDHGCLFQDHFKSCDASTPIL	1	80	1	80	1.798E-39	149	1.000	0.091
SALFA40234	AF-A0A672ISK0-F1-model_v4	1.000	80	0	MSVEEQGYPDAMMLLEAAPEWLRAEIERLSRELSETTNEKIQAAEYGLAVLEEKQQLKQQYDDLEIEYEAVRQELDQLKE	MSVEEQGYPDAMMLLEAAPEWLRAEIERLSRELSETTNEKIQAAEYGLAVLEEKQQLKQQYDDLEIEYEAVRQELDQLKEAFGQAHSNHRKVAADGESREESLIQESACKEAYYEQRVLELQTELRQSRNILTNTQSENERLNSITQEMRENSQMVELQRNQLRDDIKEYKFRESRLLQDYTELEEENISLQKQVLVLKQSQVEFEGLKHEIRRLEEDTQFLNSQLEDAIRLKEISERQLSEALETIKTERELKASLRKELSHYMSIGDTLPLSISLDGLKFSDDAATEPNNDEALHGYENGFIKLANAITDDNRISTPKNEELFRPAPSLVDDLLSELNICEIQKLKQQLMQMEREKVNLLSNLQDSQKQLEQANGALSEHQEKVNRLTENLNAIRKLQASKERQSALDNEKERDSHEDGDYYEVDINGPEILECKYKVAVSEAGELKEELKTLKAEYQACQSRYEEERTRLENDVTTLGEKLSSLEKSSRTEKEEKAKLEKELRKLSDVAGESQGSLSVAQDELVTFSEELATLYNHVCMCNNETPNRVMLDFYKEGKGGRSSPEGRGRRSPILLTKGLFPEPGKADLSDGVPSPVSSLPSPVSDHRREPMNIYNLVAIIRDQIKHLQLAVDRTTELSRQRVASLELGAVADKDKEACMEEILKLKSLLSTKREQIATLRTVLKANKQTAEVALANLKSKYENEKAMVTETMMKLRNELKALKEDAATFSSLRAMFATRCDEYVTQLDEMQRQLAAAEDEKKTLNSLLRMAIQQKLALTQRLEDLEFDHEQTRRGGNSGRAKARKAAGGTAGNPHVSQSLTCSGLPELNNSMPNGILGGPVVFCSGCKRPHGTAVYRGWGGGGGAARARRTLPALVLKSPTRSL	1	80	1	80	1.798E-39	149	1.000	0.090
SALFA40234	AF-A0A4W6EPH9-F1-model_v4	0.962	80	3	MSVEEQGYPDAMMLLEAAPEWLRAEIERLSRELSETTNEKIQAAEYGLAVLEEKQQLKQQYDDLEIEYEAVRQELDQLKE	MSVEEQGYPDAMLLLEAAPEWVRAEIERLSRELSETTNEKIQAAEYGLAVLEEKQQLKQQYDDLEMEYEAVRQELDQLKEAFGQAYSNHRKVAADGESREESLIQESACKEAYYEQRVLELQTELRQARNILTNTQSENERLNTISQEMRENSQMVELQRNQLRDDIKEYKFREARLLQDYTELEEENISLQKQVSMLKQSQVEFEGLKHEIRRLEEDTQFLNSQLEDAIRLKEIAERQLGEALETIKTERELKASLRKELSHYMSIGDTLYHSPLSISLDGLKFSDDAATEPNNDEALHGYENGFTKLVNAITDDNRVSTPKKEELFHPAPSLVDNLLSELNISEIQKLKQQLMQMEREKVNLLSTLQDSQKQLEQANGALSEHQEKVNRLTENLNAIRKLQASKERQSALDNEKERDSHEDGDYYEVDINGPEILECKYKVAVSEAGELKEELKTLKAEYQACQSRYEEERNRLENDVTTLGEKLATLEKTSLTEREEKAKLEKELRKLSDVAGESQGSLSVAQDELVTFSEELATLYNHVCMCNNETPNRVMLDFYKEGKGGRSSPEGRGRRSPILLTKGLFPEPGKTDLSDGAPSPVSSLPSPVSDHRREPMNIYNLVAIIRDQIKHLQLAVDRTTELSRQRVASLELGTVADKDKEACMEEILKLKSLLSTKREQIATLRTVLKANKQTAEVALTNLKSKYENEKAMVTETMMKLRNELKALKEDAATFSSLRAMFATRCDEYVTQLDEMQRQLAAAEDEKKTLNSLLRMAIQQKLALTQRLEDLEFDHEQTRRGGNTGRAKTRSKAAAGTANNPH	1	80	1	80	3.106E-38	146	1.000	0.097
SALFA40234	AF-A0A4W6EQD2-F1-model_v4	0.962	80	3	MSVEEQGYPDAMMLLEAAPEWLRAEIERLSRELSETTNEKIQAAEYGLAVLEEKQQLKQQYDDLEIEYEAVRQELDQLKE	MSVEEQGYPDAMLLLEAAPEWVRAEIERLSRELSETTNEKIQAAEYGLAVLEEKQQLKQQYDDLEMEYEAVRQELDQLKEAFGQAYSNHRKVAADGESREESLIQESACKEAYYEQRVLELQTELRQARNILTNTQSENERLNTISQEMRENSQMVELQRNQLRDDIKEYKFREARLLQDYTELEEENISLQKQVSMLKQSQVEFEGLKHEIRRLEEDTQFLNSQLEDAIRLKEIAERQLGEALETIKTERELKASLRKELSHYMSIGDTLYHSPLSISLDGLKFSDDAATEPNNDEALHGYENGFTKLVNAITDDNRVSTPKKEELFHPAPSLVDNLLSELNISEIQKLKQQLMQMEREKVNLLSTLQDSQKQLEQANGALSEHQEKVNRLTENLNAIRKLQASKERQSALDNEKERDSHEDGDYYEVDINGPEILECKYKVAVSEAGELKEELKTLKAEYQACQSRYEEERNRLENDVTTLGEKLATLEKTSLTEREEKAKLEKELRKLSDVAGESQGSLSVAQDELVTFSEELATLYNHVCMCNNETPNRVMLDFYKEGKGGRSSPEGRGRRSPILLTKGLFPEPGKTDLSDGAPSPVSSLPSPVSDHRREPMNIYNLVAIIRDQIKHLQLAVDRTTELSRQRVASLELGTVADKDKEACMEEILKLKSLLSTKREQIATLRTVLKANKQTAEVALTNLKSKYENEKAMVTETMMKLRNELKALKEDAATFSSLRAMFATRCDEYVTQLDEMQRQLAAAEDEKKTLNSLLRMAIQQKLALTQRLEDLEFDHEQTRRGGNTGRAKTRSKAAAGTANNPHIVSSLLPQHHHSPFN	1	80	1	80	3.106E-38	146	1.000	0.096
SALFA40234	AF-A0A3B4T4U3-F1-model_v4	0.950	80	4	MSVEEQGYPDAMMLLEAAPEWLRAEIERLSRELSETTNEKIQAAEYGLAVLEEKQQLKQQYDDLEIEYEAVRQELDQLKE	MSVEEQGYPDAMRLLEAGPEWMRAEIERLSRELSETTNEKIQAAEYGLAVLEEKQQLKQQYDDLEIEYEAVRQEVDQLKEAFGQAYSNHRKVAADGESREESLIQESACKEAYYEQRVLELQTDLRQARNILTNTQSENERLNTISQEMKENSQMVELQRNQLRDDIKEYKFREARLLQDYTELEEENISLQKQVSVLKQSQVEFEGLKHEIRRLEEDTQFLNSQLEDAIRLKEIAERQLGEALETIKTERELKASLRKELSHYMSIGDTLYHSPLSISLDGLKFSDDAATEPNNDEALHGYENGFTKLANAITDDNRVSTPKKEELFRPAPSLVDDLLSELNISEIQKLKQQLIQMEREKVNLLSTLQDSQKQLEQANGALSEHQEKVNRLTENLNAIRKLQASKERQSALDNEKERDSHEDGDYYEVDINGPEILECKYKVAVSEAGELKEELKTLKTEYQACQSRYDEERNRLENDVTTLGEKLSTLEKTSQAEREQKAKLEKELRKLSDVAGESQGSLSVAQDELVTFSEELATLYNHVCMCNNETPNRVMLDFYKEGKGGRSSPEGRGRRSPILLTKGLFPEPGKTDLSDGVPSPVSSLPSPVSDHRREPMNIYNLVAIIRDQIKHLQLAVDRTTELSRQRVASLELGTVADKDKEACMEEILKLKSLLSTKREQIATLRTVLKANKQTAEVALTNLKSKYENEKAMVTETMMKLRNELKALKEDAATFSSLRAMFATRCDEYVTQLDEMQRQLAAAEDEKKTLNSLLRMAIQQKLALTQRLEDLEFDHEQTRRGGNAGRAKARSKAASGTANNPH	1	80	1	80	2.075E-37	143	1.000	0.097
SALFA40234	AF-A0A3B4XCM4-F1-model_v4	0.950	80	4	MSVEEQGYPDAMMLLEAAPEWLRAEIERLSRELSETTNEKIQAAEYGLAVLEEKQQLKQQYDDLEIEYEAVRQELDQLKE	MSVEEQGYPDAMRLLEAGPEWMRAEIERLSRELSETTNEKIQAAEYGLAVLEEKQQLKQQYDDLEIEYEAVRQEVDQLKEAFGQAYSNHRKVAADGESREESLIQESACKEAYYEQRVLELQTDLRQARNILTNTQSENERLNNISQEMKENSQMVELQRNQLRDDIKEYKFREARLLQDYTELEEENISLQKQVSVLKQSQVEFEGLKHEIRRLEEDTQFLNSQLEDAIRLKEIAERQLGEALETIKTERELKASLRKELSHYMSIGDTLYHSPLSISLDGLKFSDDAATEPNNDEALNGYENGFTKLANAITDDNRVSTPKKEELFRPAPSLVDDLLSELNISEIQKLKQQLIQMEREKVNLLSTLQDSQKQLEQANGALSEHQEKVNRLTENLNAIRKLQASKERQSALDNEKERDSHEDGDYYEVDINGPEILECKYKVAVSEAGELKEELKTLKTEYQACQSRYDEERTRLENDVTTLGEKLSTLEKTSQAEREQKAKLEKELRKLSDVAGESQGSLSVAQDELVTFSEELATLYNHVCMCNNETPNRVMLDFYKEGKGGRSSPEGRGRRSPILLTKGLFPEPGKTDLSDGVPSPVSSLPSPVSDHRREPMNIYNLVAIIRDQIKHLQLAVDRTTELSRQRVASLELGTVADKDKEACMEEILKLKSLLSTKREQIATLRTVLKANKQTAEVALTNLKSKYENEKAMVTETMMKLRNELKALKEDAATFSSLRAMFATRCDEYVTQLDEMQRQLAAAEDEKKTLNSLLRMAIQQKLALTQRLEDLEFDHEQTRRGGNAGRAKARSKAASGTANNPH	1	80	1	80	2.075E-37	143	1.000	0.097
SALFA40234	AF-A0A665VYU4-F1-model_v4	0.937	80	5	MSVEEQGYPDAMMLLEAAPEWLRAEIERLSRELSETTNEKIQAAEYGLAVLEEKQQLKQQYDDLEIEYEAVRQELDQLKE	MSVEEQGYPDAMLLLEARPEWMRTEIERLSRELSETTNEKIQAAEYGLVVLEEKQQLKQQYDDLEIEYEAVRQELDQLKEAFGQAYSNHRKVAADGESREESLIQESACKEAYYERRVLELQTELRQARNILANTQSENERLNTISQEMRENSQMVELQRNQLRDDIKEYKFREARLLQDYTELEEENISLQKQVSVLKQSQVEFEGLKHEIRRLEEDTQFLNSQLEDAIRLKEIAERQLGEALETIKTERELKASLRKELSHYMTIGDTLYHSPLSISLDGLKFSDDAATEPNNDEALHGYENGFSKLASVIAEDNRVSTPKKEDLFRPVPSLVDDLLSELNISEIQKLKQQLIQMEREKVNLLSTLQDSQKQLEQANGALSEHQERVNRLTENLNAIRKLQASKERQSALDNEKERDSHEDGDYYEVDINGPEILECKYKVAVSEAGELKEELKTLKVEYQTCQSRYDEERKRLESDVTTLGEKLATLEKISQADREEKLKLEKDLRKLSDVAGESQGSLSVAQDELVTFSEELATLYNHVCMCNNETPNRVMLDFYKEGKGGRSSPEGRGRRSPILITKGLFAEPGKTDLSDGVPSPVSSLPSPVSDHRREPMNIYNLVAIIRDQIKHLQLAVDRTTELSRQRVATLELGTVADKDKEACMEEILKLKSLLSTKREQIATLRTVLKANKQTAEVALTNLKSKYENEKAMVTETMMKLRNELKALKEDAATFSSLRAMFATRCDEYVTQLDEMQRQLAAAEDEKKTLNSLLRMAIQQKLALTQRLEDLEFDHEQTRRGVCLLALVLLKKKNATPPFSLLCLSVLFPQD	1	80	1	80	5.365E-37	142	1.000	0.096
SALFA40234	AF-A0A665VZR1-F1-model_v4	0.937	80	5	MSVEEQGYPDAMMLLEAAPEWLRAEIERLSRELSETTNEKIQAAEYGLAVLEEKQQLKQQYDDLEIEYEAVRQELDQLKE	MSVEEQGYPDAMLLLEARPEWMRTEIERLSRELSETTNEKIQAAEYGLVVLEEKQQLKQQYDDLEIEYEAVRQELDQLKEAFGQAYSNHRKVAADGESREESLIQESACKEAYYERRVLELQTELRQARNILANTQSENERLNTISQEMRENSQMVELQRNQLRDDIKEYKFREARLLQDYTELEEENISLQKQVSVLKQSQVEFEGLKHEIRRLEEDTQFLNSQLEDAIRLKEIAERQLGEALETIKTERELKASLRKELSHYMTIGDTLYHSISLDGLKFSDDAATEPNNDEALHGYENGFSKLASVIAEDNRVSTPKKEDLFRPVPSLVDDLLSELNISEIQKLKQQLIQMEREKVNLLSTLQDSQKQLEQANGALSEHQERVNRLTENLNAIRKLQASKERQSALDNEKERDSHEDGDYYEVDINGPEILECKYKVAVSEAGELKEELKTLKVEYQTCQSRYDEERKRLESDVTTLGEKLATLEKISQADREEKLKLEKDLRKLSDVAGESQGSLSVAQDELVTFSEELATLYNHVCMCNNETPNRVMLDFYKEGKGGRSSPEGRGRRSPILITKGLFAEPGKTDLSDGVPSPVSSLPSPVSDHRREPMNIYNLVAIIRDQIKHLQLAVDRTTELSRQRVATLELGTVADKDKEACMEEILKLKSLLSTKREQIATLRTVLKANKQTAEVALTNLKSKYENEKAMVTETMMKLRNELKALKEDAATFSSLRAMFATRCDEYVTQLDEMQRQLAAAEDEKKTLNSLLRMAIQQKLALTQRLEDLEFDHEQTRRGGNAGRGRGPTGRTLPALLLKSPTCSLSSPASLRSSRDCCVTNQLLVCASVNA	1	80	1	80	5.365E-37	142	1.000	0.094
SALFA40234	AF-A0A665VZP9-F1-model_v4	0.937	80	5	MSVEEQGYPDAMMLLEAAPEWLRAEIERLSRELSETTNEKIQAAEYGLAVLEEKQQLKQQYDDLEIEYEAVRQELDQLKE	MSVEEQGYPDAMLLLEARPEWMRTEIERLSRELSETTNEKIQAAEYGLVVLEEKQQLKQQYDDLEIEYEAVRQELDQLKEAFGQAYSNHRKVAADGESREESLIQESACKEAYYERRVLELQTELRQARNILANTQSENERLNTISQEMRENSQMVELQRNQLRDDIKEYKFREARLLQDYTELEEENISLQKQVSVLKQSQVEFEGLKHEIRRLEEDTQFLNSQLEDAIRLKEIAERQLGEALETIKTERELKASLRKELSHYMTIGDTLYHSPLSISLDGLKFSDDAATEPNNDEALHGYENGFSKLASVIAEDNRVSTPKKEDLFRPVPSLVDDLLSELNISEIQKLKQQLIQMEREKVNLLSTLQDSQKQLEQANGALSEHQERVNRLTENLNAIRKLQASKERQSALDNEKERDSHEDGDYYEVDINGPEILECKYKVAVSEAGELKEELKTLKVEYQTCQSRYDEERKRLESDVTTLGEKLATLEKISQADREEKLKLEKDLRKLSDVAGESQGSLSVAQDELVTFSEELATLYNHVCMCNNETPNRVMLDFYKEGKGGRSSPEGRGRRSPILITKGLFAEPGKTDLSDGVPSPVSSLPSPVSDHRREPMNIYNLVAIIRDQIKHLQLAVDRTTELSRQRVATLELGTVADKDKEACMEEILKLKSLLSTKREQIATLRTVLKANKQTAEVALTNLKSKYENEKAMVTETMMKLRNELKALKEDAATFSSLRAMFATRCDEYVTQLDEMQRQLAAAEDEKKTLNSLLRMAIQQKLALTQRLEDLEFDHEQTRRGGNAGRAKARSKAASSAANNPHIVSSTIHPLNRRRNYGGKKLPSEYFSSVNIQ	1	80	1	80	5.365E-37	142	1.000	0.094
SALFA40234	AF-A0A6G0IQT9-F1-model_v4	0.937	80	5	MSVEEQGYPDAMMLLEAAPEWLRAEIERLSRELSETTNEKIQAAEYGLAVLEEKQQLKQQYDDLEIEYEAVRQELDQLKE	MSVEEQGYSDAMLLLEAGPEWMRAEIERLSRELSETTNEKIQAAEYGLAVLEEKQQLKQQYDDLEIEYETVRQELDQLKEAFGQAYSNHRKVAADGESREESLIQESACKEAYYEQRVLELQTELRQTRNILTNTQSENERLNTINQEMRENSQMVELQRNQLRDDIKEYKFLEARLLQDYTELEEENISLQKQVSVLKQSQVEFEGLKHEIRRLEEDTQFLNSQLEDAIRLKEIAERQLGEALETIKTERELKASLRKELSHYMSIGDTLYHSPLSISLDGLKFSDDAGTEPNNDEALHGYENGFTKLANAITYDNCISTAKKEELFHPAPSLVDDLLSELNISEIQKLKQQLMQMEREKVNLLSTLQDSQKQLEQANGALSDHQEKVNRLTENLNAIRKLQASKERQSALDNEKERDSHEDGDYYEVDINGPEILECKYKVAVSEAGELKEELKTLKTEYQACQSRYEDERTRLERDVTTLGEKLATLEKTCLTEKEQKTKLEKELRKLSDVAGESQGSLSVAQDELVTFSEELATLYNHVCMCNNETPNRVMLDFYKEGKGGRSSPEGRGRRSPILLTKGLFPEPSKTDLSDGSPVSSLPSPVSDHRREPMNIYNLVAIIRDQIKHLQLAVDRTTELSRQRVASLELGTVADKDKEACMEEILKLKSLLSTKREQIATLRTVLKANKQTAEVALANLKSKYENEKAMVTETMMKLRNELKALKEDAATFSSLRAMFATRCDEYVTQLDEMQRQLAAAEDEKKTLNSLLRMAIQQKLALTQRLEDLEFDHEQTRRGGNSGRSKARSKATATGTANNPH	1	80	1	80	1.387E-36	141	1.000	0.098
SALFA40234	AF-A0A2I4CLS1-F1-model_v4	0.925	80	6	MSVEEQGYPDAMMLLEAAPEWLRAEIERLSRELSETTNEKIQAAEYGLAVLEEKQQLKQQYDDLEIEYEAVRQELDQLKE	MSVEEPGYPDAMLLLEAGPEWLRAEIERLSRELSETTSEKIQAAEYGLAVLEEKQQLKQQYDDMEVEYEAVRQELDQLKEAFGQAYTNHRKVAADGESREESLIQESACKEAYYEQRVLELQNELRQSRNILANTQSENEHLVAISQDLKENSQMVELQRSQLRDDIKEYKFRESRLLQDYTELEEENISLQKQVSVLKQSQVEFEGLKHEIRRLEEDTQFLNSQLEDAIRLKEIAERQLGEALETIKTERELKASLRKELSHYMNIGDTLYHSPLSVSLDGLKFSDDAATEPNNDEALYGYENSFSKLANTITDNNRMSLPEKEELFHPAPSLVDDLLSELNISEIQKLKQQLMQMEREKVNLLSNLQDSQKQLEQANGALSEHQEKVNRLTENLNTIRKLQASKERQSALDNEKERDSHEDGDYYEVDINGPEILECKYKVAVSEAGELKEELKTLKTEYQACQSRYEEERSRLENEVTTLGGKLASLEKTSHVEREEKAKLEKELRKLSDVAGESQGSLNVAQDELVTFSEELATLYNHVCMCNNETPNRVMLDFYKEGKGGRSSPEGRGRRSPILLTKGLFPEPYRTDLGDGAHSPGSSIPSPVSDHRREPMNIYNLVAIIRDQIKHLQLAVDRTTELSRQRVASLELGTVADKDKEACMEEILKLKSVLSTKREQIATLRTVLKANKQTAEVALANLKSKYENEKAMVTETMMKLRNELKALKEDAATFSSLRAMFATRCDEYVMQLEEMQRQLAAAEDEKKTLNSLLRMAIQQKLALTQRLEDLEFDHEQTRRGGGAGRSKVRSKPTATAAGNNPHVSQSLTCSASNRPEPNNALPNGILGGPVVFCSEKYKIYCD	1	80	1	80	1.387E-36	141	1.000	0.093
SALFA40234	AF-A0A669EK75-F1-model_v4	0.925	80	6	MSVEEQGYPDAMMLLEAAPEWLRAEIERLSRELSETTNEKIQAAEYGLAVLEEKQQLKQQYDDLEIEYEAVRQELDQLKE	MSVEEQGYPDAVLLMEAAPEWLRAEIGRLSRELSETTNEKIQAAEYGLAVLEEKQQLKQQYEDLEMEYEAVRQELDQLKEAFGQAYSNHRKVAADGESREESLIQESACKEAYYEQRVLELQNELRQTRNILTNTQSENERLNAISQDLRESSQMVELQRNQLRDDIKEYKFRESRLLQDYTELEEENISLQKQVSMLKQSQVEFEGLKHEIRRLEEDTQFLNSQLEDAIRLKEIAERQLSEALETIKTERELKASLRKELSHYMNIGDTLYNSPLSISLDGLKFSDDAATEPNNDEALHGYENGFIKLANAITDDNRISMPKKEELFRPVPSLVDDLLSELNISEIQKLKQQLMQMEREKVNLMSTLQDSQKQLEQANGALSEHQEKVNRLTENLNAIRKLQASKERQSALDNEKERDSHEDVDYYEVDINGPEILECKYKVAVSEAGELKEELKTLKAEYQACQSRYEEERTRLATDVTTLKENLATLEKTSHVEREEKAKLEKELRKLSDVAGESQGSLSVAQDELVTFSEELATLYNHVCMCNNETPNRVMLDFYKEGKGGRSSPEGRGRRSPSSPSPISSLPSPVSDHRREPMNIYNLVAIIRDQIKHLQLAVDRTTELSRQRVASLELGTVADKDKEACMEEILKLKSLLSTKREQIATLRTVLKANKQTAEVALANLKSKYENEKAMVTETMMKLRNELKALKEDAATFSSLRAMFATRCDEYVTQLDEMQRQLAAAEDEKKTLNSLLRMAIQQKLALTQRLEDLEFDHEQTRRGGEGAHGPKPSLP	1	80	1	80	2.613E-36	140	1.000	0.101
SALFA40234	AF-A0A668VWE4-F1-model_v4	0.925	80	6	MSVEEQGYPDAMMLLEAAPEWLRAEIERLSRELSETTNEKIQAAEYGLAVLEEKQQLKQQYDDLEIEYEAVRQELDQLKE	MSVEEQGYPDAVLLMEAAPEWLRAEIGRLSRELSETTNEKIQAAEYGLAVLEEKQQLKQQYEDLEMEYEAVRQELDQLKEAFGQAYSNHRKVAADGESREESLIQESACKEAYYEQRVLELQNELRQTRNILTNTQSENERLNAISQDLRESSQMVELQRNQLRDDIKEYKFRESRLLQDYTELEEENISLQKQVSMLKQSQVEFEGLKHEIRRLEEDTQFLNSQLEDAIRLKEIAERQLSEALETIKTERELKASLRKELSHYMNIGDTLYNSPLSISLDGLKFSDDAATEPNNDEALHGYENGFIKLANAITDDNRISMPKKEELFRPVPSLVDDLLSELNISEIQKLKQQLMQMEREKVNLMSTLQDSQKQLEQANGALSEHQEKVNRLTENLNAIRKLQASKERQSALDNEKERDSHEDVDYYEVDINGPEILECKYKVAVSEAGELKEELKTLKAEYQACQSRYEEERTRLATDVTTLKDNLATLEKTSHVEREEKAKLEKELRKLSDVAGESQGSLSVAQDELVTFSEELATLYNHVCMCNNETPNRVMLDFYKEGKGGRSSPEGRGRRSPILLTKGLFPEPSKTDLSDGAPSPISSLPSPVSDHRREPMNIYNLVAIIRDQIKHLQLAVDRTTELSRQRVASLELGTVADKDKEACMEEILKLKSLLSTKREQIATLRTVLKANKQTAEVALANLKSKYENEKAMVTETMMKLRNELKALKEDAATFSSLRAMFATRCDEYVTQLDEMQRQLAAAEDEKKTLNSLLRMAIQQKLALTQRLEDLEFDHEQTRRGGNAGRAKGAHGPKPSLP	1	80	1	80	2.613E-36	140	1.000	0.098
SALFA40234	AF-A0A671VUU4-F1-model_v4	0.925	80	6	MSVEEQGYPDAMMLLEAAPEWLRAEIERLSRELSETTNEKIQAAEYGLAVLEEKQQLKQQYDDLEIEYEAVRQELDQLKE	MSVEEQGYPDAMLLREAGPEWMRAEIERLSRELGETTNEKIQAAEYGLAVLEEKQQLKQQYDDLEIEYEGVRQELDQLKEAFGQAYSNHRKVAADGESREESLIQESACKEAYYEQRVLELQNELRQTRNILTNTQSENERLNTISQELRENSQMVELQRNQLRDDIKEYKFLEARLLQDYTELEEENISLQKQVSALKQSQVEFEGLKHEIRRLEEDTQFLNSQLEDAIRLKEIAERQLSEALETIKTERELKASLRKELSHYMSIGDTLYHSPLSISLDGLKFSDDATTEPNNDEALHGYENGFTKLANAINFDNCVSTPTKEELFNPVPSLVDDLLSELNISEIQKLKQQLMQMEREKVNLLSTLQDSQKQLEQANGALSEHQEKVNRLTENLNAIRKLQASKERQSALDNEKERDSHEDGDYYEVDINGPEILECKYKVAVSEAGELKEELKTLKTEYQACQSRYEEERVRLESDVTTLGQKLAVLEKTSHIEREEKAKLEKELRKVSDVAGESQGSLSVAQDELVTFSEELATLYNHVCMCNNETPNRVMLDFYKEGKGGRSSPEGRGRRSPILLTKGLFPEPGKTDLSDGAPSPVSSLPSPVSDHRREPMNIYNLVAIIRDQIKHLQLAVDRTTELSRQRVASLELGTVADKDKEACMEEILKLKSLLSTKREQIATLRTVLKANKQTAEVALANLKSKYENEKAMVTETMMKLRNELKALKEDAATFSSLRAMFATRCDEYVTQLDEMQRQLAAAEDEKKTLNSLLRMAIQQKLALTQRLEDLEFDHEQTRRGGSSGRAKTRSKAAGSAPNNPH	1	80	1	80	2.613E-36	140	1.000	0.097
SALFA40234	AF-I3KKN9-F1-model_v4	0.925	80	6	MSVEEQGYPDAMMLLEAAPEWLRAEIERLSRELSETTNEKIQAAEYGLAVLEEKQQLKQQYDDLEIEYEAVRQELDQLKE	MSVEEQGYPDAVLLMEAAPEWLRAEIGRLSRELSETTNEKIQAAEYGLAVLEEKQQLKQQYEDLEMEYEAVRQELDQLKEAFGQAYSNHRKVAADGESREESLIQESACKEAYYEQRVLELQNELRQTRNILTNTQSENERLNAISQDLRESSQMVELQRNQLRDDIKEYKFRESRLLQDYTELEEENISLQKQVSMLKQSQVEFEGLKHEIRRLEEDTQFLNSQLEDAIRLKEIAERQLSEALETIKTERELKASLRKELSHYMNIGDTLYNSPLSISLDGLKFSDDAATEPNNDEALHGYENGFIKLANAITDDNRISMPKKEELFRPVPSLVDDLLSELNISEIQKLKQQLMQMEREKVNLMSTLQDSQKQLEQANGALSEHQEKVNRLTENLNAIRKLQASKERQSALDNEKERDSHEDVDYYEVDINGPEILECKYKVAVSEAGELKEELKTLKAEYQACQSRYEEERTRLATDVTTLKENLATLEKTSHVEREEKAKLEKELRKLSDVAGESQGSLSVAQDELVTFSEELATLYNHVCMCNNETPNRVMLDFYKEGKGGRSSPEGRGRRSPSSPSPISSLPSPVSDHRREPMNIYNLVAIIRDQIKHLQLAVDRTTELSRQRVASLELGTVADKDKEACMEEILKLKSLLSTKREQIATLRTVLKANKQTAEVALANLKSKYENEKAMVTETMMKLRNELKALKEDAATFSSLRAMFATRCDEYVTQLDEMQRQLAAAEDEKKTLNSLLRMAIQQKLALTQRLEDLEFDHEQTRRGGNAGRAKARSKAASTASATAHSNSVPSGILGGPVVFCSEKYKIYCD	1	80	1	80	2.613E-36	140	1.000	0.097
SALFA40234	AF-A0A668VWD7-F1-model_v4	0.925	80	6	MSVEEQGYPDAMMLLEAAPEWLRAEIERLSRELSETTNEKIQAAEYGLAVLEEKQQLKQQYDDLEIEYEAVRQELDQLKE	MSVEEQGYPDAVLLMEAAPEWLRAEIGRLSRELSETTNEKIQAAEYGLAVLEEKQQLKQQYEDLEMEYEAVRQELDQLKEAFGQAYSNHRKVAADGESREESLIQESACKEAYYEQRVLELQNELRQTRNILTNTQSENERLNAISQDLRESSQMVELQRNQLRDDIKEYKFRESRLLQDYTELEEENISLQKQVSMLKQSQVEFEGLKHEIRRLEEDTQFLNSQLEDAIRLKEIAERQLSEALETIKTERELKASLRKELSHYMNIGDTLYNSPLSISLDGLKFSDDAATEPNNDEALHGYENGFIKLANAITDDNRISMPKKEELFRPVPSLVDDLLSELNISEIQKLKQQLMQMEREKVNLMSTLQDSQKQLEQANGALSEHQEKVNRLTENLNAIRKLQASKERQSALDNEKERDSHEDVDYYEVDINGPEILECKYKVAVSEAGELKEELKTLKAEYQACQSRYEEERTRLATDVTTLKDNLATLEKTSHVEREEKAKLEKELRKLSDVAGESQGSLSVAQDELVTFSEELATLYNHVCMCNNETPNRVMLDFYKEGKGGRSSPEGRGRRSPILLTKGLFPEPSKTDLSDGAPSPISSLPSPVSDHRREPMNIYNLVAIIRDQIKHLQLAVDRTTELSRQRVASLELGTVADKDKEACMEEILKLKSLLSTKREQIATLRTVLKANKQTAEVALANLKSKYENEKAMVTETMMKLRNELKALKEDAATFSSLRAMFATRCDEYVTQLDEMQRQLAAAEDEKKTLNSLLRMAIQQKLALTQRLEDLEFDHEQTRRGGNAGRAKARSKAAGTASAAAATNATNNPH	1	80	1	80	2.613E-36	140	1.000	0.097
SALFA40234	AF-A0A671VYC1-F1-model_v4	0.925	80	6	MSVEEQGYPDAMMLLEAAPEWLRAEIERLSRELSETTNEKIQAAEYGLAVLEEKQQLKQQYDDLEIEYEAVRQELDQLKE	MSVEEQGYPDAMLLREAGPEWMRAEIERLSRELGETTNEKIQAAEYGLAVLEEKQQLKQQYDDLEIEYEGVRQELDQLKEAFGQAYSNHRKVAADGESREESLIQESACKEAYYEQRVLELQNELRQTRNILTNTQSENERLNTISQELRENSQMVELQRNQLRDDIKEYKFLEARLLQDYTELEEENISLQKQVSALKQSQVEFEGLKHEIRRLEEDTQFLNSQLEDAIRLKEIAERQLSEALETIKTERELKASLRKELSHYMSIGDTLYHSISLDGLKFSDDATTEPNNDEALHGYENGFTKLANAINFDNCVSTPTKEELFNPVPSLVDDLLSELNISEIQKLKQQLMQMEREKVNLLSTLQDSQKQLEQANGALSEHQEKVNRLTENLNAIRKLQASKERQSALDNEKERDSHEDGDYYEVDINGPEILECKYKVAVSEAGELKEELKTLKTEYQACQSRYEEERVRLESDVTTLGQKLAVLEKTSHIEREEKAKLEKELRKVSDVAGESQGSLSVAQDELVTFSEELATLYNHVCMCNNETPNRVMLDFYKEGKGGRSSPEGRGRRSPILLTKGLFPEPGKTDLSDGAPSPVSSLPSPVSDHRREPMNIYNLVAIIRDQIKHLQLAVDRTTELSRQRVASLELGTVADKDKEACMEEILKLKSLLSTKREQIATLRTVLKANKQTAEVALANLKSKYENEKAMVTETMMKLRNELKALKEDAATFSSLRAMFATRCDEYVTQLDEMQRQLAAAEDEKKTLNSLLRMAIQQKLALTQRLEDLEFDHEQTRRGGSSGRAKTRSKLKTLMSFLTVFLLSGVWDKTNSCINRALHC	1	80	1	80	2.613E-36	140	1.000	0.095
SALFA40234	AF-A0A668VWE2-F1-model_v4	0.925	80	6	MSVEEQGYPDAMMLLEAAPEWLRAEIERLSRELSETTNEKIQAAEYGLAVLEEKQQLKQQYDDLEIEYEAVRQELDQLKE	MSVEEQGYPDAVLLMEAAPEWLRAEIGRLSRELSETTNEKIQAAEYGLAVLEEKQQLKQQYEDLEMEYEAVRQELDQLKEAFGQAYSNHRKVAADGESREESLIQESACKEAYYEQRVLELQNELRQTRNILTNTQSENERLNAISQDLRESSQMVELQRNQLRDDIKEYKFRESRLLQDYTELEEENISLQKQVSMLKQSQVEFEGLKHEIRRLEEDTQFLNSQLEDAIRLKEIAERQLSEALETIKTERELKASLRKELSHYMNIGDTLYNSPLSISLDGLKFSDDAATEPNNDEALHGYENGFIKLANAITDDNRISMPKKEELFRPVPSLVDDLLSELNISEIQKLKQQLMQMEREKVNLMSTLQDSQKQLEQANGALSEHQEKVNRLTENLNAIRKLQASKERQSALDNEKERDSHEDVDYYEVDINGPEILECKYKVAVSEAGELKEELKTLKAEYQACQSRYEEERTRLATDVTTLKDNLATLEKTSHVEREEKAKLEKELRKLSDVAGESQGSLSVAQDELVTFSEELATLYNHVCMCNNETPNRVMLDFYKEGKGGRSSPEGRGRRSPILLTKGLFPEPSKTDLSDGAPSPISSLPSPVSDHRREPMNIYNLVAIIRDQIKHLQLAVDRTTELSRQRVASLELGTVADKDKEACMEEILKLKSLLSTKREQIATLRTVLKANKQTAEVALANLKSKYENEKAMVTETMMKLRNELKALKEDAATFSSLRAMFATRCDEYVTQLDEMQRQLAAAEDEKKTLNSLLRMAIQQKLALTQRLEDLEFDHEQTRRGGNAGRAKARSKAAGTASAAAHSISVPSGILGGPVVFCSEKYKIYCD	1	80	1	80	2.613E-36	140	1.000	0.095
SALFA40234	AF-A0A669EWE9-F1-model_v4	0.925	80	6	MSVEEQGYPDAMMLLEAAPEWLRAEIERLSRELSETTNEKIQAAEYGLAVLEEKQQLKQQYDDLEIEYEAVRQELDQLKE	MSVEEQGYPDAVLLMEAAPEWLRAEIGRLSRELSETTNEKIQAAEYGLAVLEEKQQLKQQYEDLEMEYEAVRQELDQLKEAFGQAYSNHRKVAADGESREESLIQESACKEAYYEQRVLELQNELRQTRNILTNTQSENERLNAISQDLRESSQMVELQRNQLRDDIKEYKFRESRLLQDYTELEEENISLQKQVSMLKQSQVEFEGLKHEIRRLEEDTQFLNSQLEDAIRLKEIAERQLSEALETIKTERELKASLRKELSHYMNIGDTLYNSPLSISLDGLKFSDDAATEPNNDEALHGYENGFIKLANAITDDNRISMPKKEELFRPVPSLVDDLLSELNISEIQKLKQQLMQMEREKVNLMSTLQDSQKQLEQANGALSEHQEKVNRLTENLNAIRKLQASKERQSALDNEKERDSHEDVDYYEVDINGPEILECKYKVAVSEAGELKEELKTLKAEYQACQSRYEEERTRLATDVTTLKENLATLEKTSHVEREEKAKLEKELRKLSDVAGESQGSLSVAQDELVTFSEELATLYNHVCMCNNETPNRVMLDFYKEGKGGRSSPEGRGRRSPSSPSPISSLPSPVSDHRREPMNIYNLVAIIRDQIKHLQLAVDRTTELSRQRVASLELGTVADKDKEACMEEILKLKSLLSTKREQIATLRTVLKANKQTAEVALANLKSKYENEKAMVTETMMKLRNELKALKEDAATFSSLRAMFATRCDEYVTQLDEMQRQLAAAEDEKKTLNSLLRMAIQQKLALTQRLEDLEFDHEQTRRGGNAGRAKARSKAASTASATAATNTTTNNPHVSQSLTCSVSGRPEHSNSVPSGILGGPVVFCSEKYKIYCD	1	80	1	80	2.613E-36	140	1.000	0.094
SALFA40234	AF-A0A3Q3ARM2-F1-model_v4	0.912	80	7	MSVEEQGYPDAMMLLEAAPEWLRAEIERLSRELSETTNEKIQAAEYGLAVLEEKQQLKQQYDDLEIEYEAVRQELDQLKE	MSVEEQGYPDAMLLLEAGPEWLRAEIKRLSRELTETTSEKIQAAEYGLAVLEEKQQLKQQYDDLEMEYEAIRQELDQLKEAFGQAYTNHRKVAADGESREESLIQESACKEAYYEQRVLELQNELRQARNGLANTQFENERLSAISQDMKENSQVVELQRNQLRDDIKEYKFRESRLLQDYTELEEENISLQKQVSVLKQSQVEFEGLKHEIRRLEEDTQFLNSQLEDAIRLKEIAERQLGEALETIKTERELKASLRKELSHYMNIGDTLYHSPLSVSLDGLKFSDDAATEPNNDEALHGYENGFSKLASTITDDNRMSTPSKEELFHPAPSLVDDLLSELNISEIQKLKQQLMQMEREKVNLLSNLQDSQKQLEQANWALSEHQEKVNRLTENLNAIRKLQASKERQSALDNEKERDSHEDGDYYEVDINGPEILECKYKVAVSEAGELKEELKTLKTEYQACQSRYEEERTRLENEVTTLGDKLATLEKTSHADREEKVKLEKELRKLSDVAGESQGSLSVAQDELVTFSEELATLYNHVCMCNNETPNRVMLDFYKEGKGGRSSPEGRGRRSPILLTKGLFPEPYKTDFGDGIPSPGSSIPSPVSDHRREPMNIYNLVAIIRDQIKHLQLAVDRTTELSRQRVASLELGTVADKDKEACMEEILKLKSLLSTKREQIATLRTVLKANKQTAEVALANLKSKYENEKAMVTETMMKLRNELKALKEDAATFSSLRAMFATRCDEYVTQLEEMQRQLAASEDEKKTLNSLLRMAIQQKLALTQRLEDLEFDHEQTRRGGGAGRAKARSKPAGSHPHVSQSLTCSGSGRPEPNNALPNGILGGPVNFCSEKYKIYCD	1	80	1	80	2.613E-36	140	1.000	0.093
SALFA40234	AF-A0A671VYC6-F1-model_v4	0.925	80	6	MSVEEQGYPDAMMLLEAAPEWLRAEIERLSRELSETTNEKIQAAEYGLAVLEEKQQLKQQYDDLEIEYEAVRQELDQLKE	MSVEEQGYPDAMLLREAGPEWMRAEIERLSRELGETTNEKIQAAEYGLAVLEEKQQLKQQYDDLEIEYEGVRQELDQLKEAFGQAYSNHRKVAADGESREESLIQESACKEAYYEQRVLELQNELRQTRNILTNTQSENERLNTISQELRENSQMVELQRNQLRDDIKEYKFLEARLLQDYTELEEENISLQKQVSALKQSQVEFEGLKHEIRRLEEDTQFLNSQLEDAIRLKEIAERQLSEALETIKTERELKASLRKELSHYMSIGDTLPLSISLDGLKFSDDATTEPNNDEALHGYENGFTKLANAINFDNCVSTPTKEELFNPVPSLVDDLLSELNISEIQKLKQQLMQMEREKVNLLSTLQDSQKQLEQANGALSEHQEKVNRLTENLNAIRKLQASKERQSALDNEKERDSHEDGDYYEVDINGPEILECKYKVAVSEAGELKEELKTLKTEYQACQSRYEEERVRLESDVTTLGQKLAVLEKTSHIEREEKAKLEKELRKVSDVAGESQGSLSVAQDELVTFSEELATLYNHVCMCNNETPNRVMLDFYKEGKGGRSSPEGRGRRSPILLTKGLFPEPGKTDLSDGAPSPVSSLPSPVSDHRREPMNIYNLVAIIRDQIKHLQLAVDRTTELSRQRVASLELGTVADKDKEACMEEILKLKSLLSTKREQIATLRTVLKANKQTAEVALANLKSKYENEKAMVTETMMKLRNELKALKEDAATFSSLRAMFATRCDEYVTQLDEMQRQLAAAEDEKKTLNSLLRMAIQQKLALTQRLEDLEFDHEQTRRGGSSGRAKTRSKAAGSAPNNPHVSQSLTCSGSGRPELNNAMPNGILGGPVVFCSGFQVRKGLLCTEGRGPPGRTLPALVLKSPTRSLSSLASLRSSRDCCVTNQLLMCASVYA	1	80	1	80	2.613E-36	140	1.000	0.088
SALFA40234	AF-A0A671VWL6-F1-model_v4	0.925	80	6	MSVEEQGYPDAMMLLEAAPEWLRAEIERLSRELSETTNEKIQAAEYGLAVLEEKQQLKQQYDDLEIEYEAVRQELDQLKE	MSVEEQGYPDAMLLREAGPEWMRAEIERLSRELGETTNEKIQAAEYGLAVLEEKQQLKQQYDDLEIEYEGVRQELDQLKEAFGQAYSNHRKVAADGESREESLIQESACKEAYYEQRVLELQNELRQTRNILTNTQSENERLNTISQELRENSQMVELQRNQLRDDIKEYKFLEARLLQDYTELEEENISLQKQVSALKQSQVEFEGLKHEIRRLEEDTQFLNSQLEDAIRLKEIAERQLSEALETIKTERELKASLRKELSHYMSIGDTLYHSISLDGLKFSDDATTEPNNDEALHGYENGFTKLANAINFDNCVSTPTKEELFNPVPSLVDDLLSELNISEIQKLKQQLMQMEREKVNLLSTLQDSQKQLEQANGALSEHQEKVNRLTENLNAIRKLQASKERQSALDNEKERDSHEDGDYYEVDINGPEILECKYKVAVSEAGELKEELKTLKTEYQACQSRYEEERVRLESDVTTLGQKLAVLEKTSHIEREEKAKLEKELRKVSDVAGESQGSLSVAQDELVTFSEELATLYNHVCMCNNETPNRVMLDFYKEGKGGRSSPEGRGRRSPILLTKGLFPEPGKTDLSDGAPSPVSSLPSPVSDHRREPMNIYNLVAIIRDQIKHLQLAVDRTTELSRQRVASLELGTVADKDKEACMEEILKLKSLLSTKREQIATLRTVLKANKQTAEVALANLKSKYENEKAMVTETMMKLRNELKALKEDAATFSSLRAMFATRCDEYVTQLDEMQRQLAAAEDEKKTLNSLLRMAIQQKLALTQRLEDLEFDHEQTRRGGSSGRAKTRSKAAGSAPNNPHVSQSLTCSGSGRPELNNAMPNGILGGHVTKCDILCSSAHLSALVLLEKRLSPLSPGDRPVSSSPLSNQVMLEEKATLKKSKYAISPCFLARGAHLRFYKEIH	1	80	1	80	2.613E-36	140	1.000	0.087
SALFA40234	AF-A0A3B4FAV3-F1-model_v4	0.925	80	6	MSVEEQGYPDAMMLLEAAPEWLRAEIERLSRELSETTNEKIQAAEYGLAVLEEKQQLKQQYDDLEIEYEAVRQELDQLKE	MSVEEQGYPDAVLLMEAGPEWLRAEIGRLSRELSETTNEKIQAAEYGLAVLEEKQQLKQQYEDLEIEYEAVRQELDQLKEAFGQAYSNHRKVAADGESREESLIQESACKEAYYEQRVLELQNELRQTRNILTNTQSENERLNAISQDLRESSQMVELQRNQLRDDIKEYKFRESRLLQDYTELEEENISLQKQVSMLKQSQVEFEGLKHEIRRLEEDTQFLNSQLEDAIRLKEIAERQLSEALETIKTERELKASLRKELSHYMNIGDTLYNSPLSISLDGLKFSDDAATEPNNDEALHGYENGFIKLANAITDDNRIPMPKKEELFRPVPSLVDDLLSELNISEIQKLKQQLMQMEREKVNLMSTLQDSQKQLEQANGALSEHQEKVNRLTENLNAIRKLQASKERQSALDNEKERDSHEDVDYYEVDINGPEILECKYKVAVSEAGELKEELKTLKAEYQACQSRYEEERTRLATDVTTLKENLTTLEKTSHAEREEKAKLEKELRKVSDVAGESQGSLSVAQDELVTFSEELATLYNHVCMCNNETPNRVMLDFYKEGKGGRSSPEGRGRRSPILLTKGLFPEPSKTDLSDGAPSPISSLPSPVSDHRREPMNIYNLVAIIRDQIKHLQLAVDRTTELSRQRVASLELGTVADKDKEACMEEILKLKSLLSTKREQIATLRTVLKANKQTAEVALANLKSKYENEKAMVTETMMKLRNELKALKEDAATFSSLRAMFATRCDEYVTQLDEMQRQLAAAEDEKKTLNSLLRMAIQQKLALTQRLEDLEFDHEQTRRGGNAGRLAPPASPLTL	1	80	1	80	3.586E-36	140	1.000	0.098
SALFA40234	AF-A0A3P9DIP5-F1-model_v4	0.925	80	6	MSVEEQGYPDAMMLLEAAPEWLRAEIERLSRELSETTNEKIQAAEYGLAVLEEKQQLKQQYDDLEIEYEAVRQELDQLKE	MSVEEQGYPDAVLLMEAGPEWLRAEIGRLSRELSETTNEKIQAAEYGLAVLEEKQQLKQQYEDLEIEYEAVRQELDQLKEAFGQAYSNHRKVAADGESREESLIQESACKEAYYEQRVLELQNELRQTRNILTNTQSENERLNAISQDLRESSQMVELQRNQLRDDIKEYKFRESRLLQDYTELEEENISLQKQVSMLKQSQVEFEGLKHEIRRLEEDTQFLNSQLEDAIRLKEIAERQLSEALETIKTERELKASLRKELSHYMNIGDTLYNSPLSISLDGLKFSDDAATEPNNDEALHGYENGFIKLANAITDDNRIPMPKKEELFRPVPSLVDDLLSELNISEIQKLKQQLMQMEREKVNLMSTLQDSQKQLEQANGALSEHQEKVNRLTENLNAIRKLQASKERQSALDNEKERDSHEDVDYYEVDINGPEILECKYKVAVSEAGELKEELKTLKAEYQACQSRYEEERTRLATDVTTLKENLTTLEKTSHAEREEKAKLEKELRKVSDVAGESQGSLSVAQDELVTFSEELATLYNHVCMCNNETPNRVMLDFYKEGKGGRSSPEGRGRRSPILLTKGLFPEPSKTDLSDGAPSPISSLPSPVSDHRREPMNIYNLVAIIRDQIKHLQLAVDRTTELSRQRVASLELGTVADKDKEACMEEILKLKSLLSTKREQIATLRTVLKANKQTAEVALANLKSKYENEKAMVTETMMKLRNELKALKEDAATFSSLRAMFATRCDEYVTQLDEMQRQLAAAEDEKKTLNSLLRMAIQQKLALTQRLEDLEFDHEQTRRGGNAGRLAPPASPLTL	1	80	1	80	3.586E-36	140	1.000	0.098
SALFA40234	AF-A0A3Q2X5K8-F1-model_v4	0.925	80	6	MSVEEQGYPDAMMLLEAAPEWLRAEIERLSRELSETTNEKIQAAEYGLAVLEEKQQLKQQYDDLEIEYEAVRQELDQLKE	MSVEEQGYPDAVLLMEAGPEWLRAEIGRLSRELSETTNEKIQAAEYGLAVLEEKQQLKQQYEDLEIEYEAVRQELDQLKEAFGQAYSNHRKVAADGESREESLIQESACKEAYYEQRVLELQNELRQTRNILTNTQSENERLNAISQDLRESSQMVELQRNQLRDDIKEYKFRESRLLQDYTELEEENISLQKQVSMLKQSQVEFEGLKHEIRRLEEDTQFLNSQLEDAIRLKEIAERQLSEALETIKTERELKASLRKELSHYMNIGDTLPLSISLDGLKFSDDAATEPNNDEALHGYENGFIKLANAITDDNRIPMPKKEELFRPVPSLVDDLLSELNISEIQKLKQQLMQMEREKVNLMSTLQDSQKQLEQANGALSEHQEKVNRLTENLNAIRKLQASKERQSALDNEKERDSHEDVDYYEVDINGPEILECKYKVAVSEAGELKEELKTLKAEYQACQSRYEEERTRLATDVTTLKENLTTLEKTSHAEREEKAKLEKELRKVSDVAGESQGSLSVAQDELVTFSEELATLYNHVCMCNNETPNRVMLDFYKEGKGGRSSPEGRGRRSPILLTKGLFPEPSKTDLSDGAPSPISSLPSPVSDHRREPMNIYNLVAIIRDQIKHLQLAVDRTTELSRQRVASLELGTVADKDKEACMEEILKLKSLLSTKREQIATLRTVLKANKQTAEVALANLKSKYENEKAMVTETMMKLRNELKALKEDAATFSSLRAMFATRCDEYVTQLDEMQRQLAAAEDEKKTLNSLLRMAIQQKLALTQRLEDLEFDHEQTRRGGNAGRAKAPPTSPLSFTSHDASCF	1	80	1	80	3.586E-36	140	1.000	0.097
SALFA40234	AF-A0A6P7I9Z7-F1-model_v4	0.925	80	6	MSVEEQGYPDAMMLLEAAPEWLRAEIERLSRELSETTNEKIQAAEYGLAVLEEKQQLKQQYDDLEIEYEAVRQELDQLKE	MSREEQGYPDAMLLLEAGPEWLRAEIERLSRELTETTNEKIQAAEYGLAVLEEKQQLKQQYDELEIEYEAVRQEVDQLKEAFGQAYSNHRKVAADGESREESLIQESACKEAYYEQRVLELQTELRQTRNILTNTQSENERLVTISQEMRENSQMVELQRNQLRDDIKEYKFRETRLLQDYTELEEENISLQKQVLVLKQSQVEFEGLKHEIRRLEEDTQFLNSQLEDAIRLKEIAERQLSEALETIKTERELKASLRKELSHYMSIGDTLYHSPLSISLDGLKFSDDAATEPNNDEALHGYENGFAKLANIIAEDNRISTPKKEELFRPAPSLVDDLLSELNISEIQKLKQQLMQMEREKVNLLSTLQDSQKQLEQAHGALSEHQEKVNRLTENLNAIRKLQASKERQSALDNEKERDSHEDGDYYEVDINGPEILECKYKVAVSEAAELKEELKTLKTEHQTCQSRYEEERTRLENDVTTLGQKLATLEKTSQADREEKSKMEKELRKLSDVAGESQGSLSVAQDELVTFSEELATLYNHVCMCNNETPNRVMLDFYKEGKGGRSSPEGRGRRSPILLTKGLFPEPGKTDLSDGTPSPVSSLPSPVSDHRREPMNIYNLVAIIRDQIKHLQLAVDRTTELSRQRVASLELGTVADKDKEACMEEILKLKSLLSTKREQIATLRTVLKANKQTAEVALANLKSKYENEKAMVTETMMKLRNELKALKEDAATFSSLRAMFATRCDEYVTQLDEMQRQLAAAEDEKKTLNSLLRMAIQQKLALTQRLEDLEFDHEQTRGRGGNSGRSKARSKAANSSSSSTSTNPH	1	80	1	80	3.586E-36	140	1.000	0.097
SALFA40234	AF-A0A3Q2X4E4-F1-model_v4	0.925	80	6	MSVEEQGYPDAMMLLEAAPEWLRAEIERLSRELSETTNEKIQAAEYGLAVLEEKQQLKQQYDDLEIEYEAVRQELDQLKE	MSVEEQGYPDAVLLMEAGPEWLRAEIGRLSRELSETTNEKIQAAEYGLAVLEEKQQLKQQYEDLEIEYEAVRQELDQLKEAFGQAYSNHRKVAADGESREESLIQESACKEAYYEQRVLELQNELRQTRNILTNTQSENERLNAISQDLRESSQMVELQRNQLRDDIKEYKFRESRLLQDYTELEEENISLQKQVSMLKQSQVEFEGLKHEIRRLEEDTQFLNSQLEDAIRLKEIAERQLSEALETIKTERELKASLRKELSHYMNIGDTLYNSPLSISLDGLKFSDDAATEPNNDEALHGYENGFIKLANAITDDNRIPMPKKEELFRPVPSLVDDLLSELNISEIQKLKQQLMQMEREKVNLMSTLQDSQKQLEQANGALSEHQEKVNRLTENLNAIRKLQASKERQSALDNEKERDSHEDVDYYEVDINGPEILECKYKVAVSEAGELKEELKTLKAEYQACQSRYEEERTRLATDVTTLKENLTTLEKTSHAEREEKAKLEKELRKLSDVAGESQGSLSVAQDELVTFSEELATLYNHVCMCNNETPNRVMLDFYKEGKGGRSSPEGRGRRSPILLTKGLFPEPSKTDLSDGAPSPISSLPSPVSDHRREPMNIYNLVAIIRDQIKHLQLAVDRTTELSRQRVASLELGTVADKDKEACMEEILKLKSLLSTKREQIATLRTVLKANKQTAEVALANLKSKYENEKAMVTETMMKLRNELKALKEDAATFSSLRAMFATRCDEYVTQLDEMQRQLAAAEDEKKTLNSLLRMAIQQKLALTQRLEDLEFDHEQTRRGGNAGRAKARSKAAGTASTTATTTTTTNNPH	1	80	1	80	3.586E-36	140	1.000	0.096
SALFA40234	AF-A0A3P9DJS6-F1-model_v4	0.925	80	6	MSVEEQGYPDAMMLLEAAPEWLRAEIERLSRELSETTNEKIQAAEYGLAVLEEKQQLKQQYDDLEIEYEAVRQELDQLKE	MSVEEQGYPDAVLLMEAGPEWLRAEIGRLSRELSETTNEKIQAAEYGLAVLEEKQQLKQQYEDLEIEYEAVRQELDQLKEAFGQAYSNHRKVAADGESREESLIQESACKEAYYEQRVLELQNELRQTRNILTNTQSENERLNAISQDLRESSQMVELQRNQLRDDIKEYKFRESRLLQDYTELEEENISLQKQVSMLKQSQVEFEGLKHEIRRLEEDTQFLNSQLEDAIRLKEIAERQLSEALETIKTERELKASLRKELSHYMNIGDTLYNSPLSISLDGLKFSDDAATEPNNDEALHGYENGFIKLANAITDDNRIPMPKKEELFRPVPSLVDDLLSELNISEIQKLKQQLMQMEREKVNLMSTLQDSQKQLEQANGALSEHQEKVNRLTENLNAIRKLQASKERQSALDNEKERDSHEDVDYYEVDINGPEILECKYKVAVSEAGELKEELKTLKAEYQACQSRYEEERTRLATDVTTLKENLTTLEKTSHAEREEKAKLEKELRKLSDVAGESQGSLSVAQDELVTFSEELATLYNHVCMCNNETPNRVMLDFYKEGKGGRSSPEGRGRRSPILLTKGLFPEPSKTDLSDGAPSPISSLPSPVSDHRREPMNIYNLVAIIRDQIKHLQLAVDRTTELSRQRVASLELGTVADKDKEACMEEILKLKSLLSTKREQIATLRTVLKANKQTAEVALANLKSKYENEKAMVTETMMKLRNELKALKEDAATFSSLRAMFATRCDEYVTQLDEMQRQLAAAEDEKKTLNSLLRMAIQQKLALTQRLEDLEFDHEQTRRGGNAGRAKARSKAAGTASAAAAATTTTNNPH	1	80	1	80	3.586E-36	140	1.000	0.096
SALFA40234	AF-A0A6P7IHI6-F1-model_v4	0.925	80	6	MSVEEQGYPDAMMLLEAAPEWLRAEIERLSRELSETTNEKIQAAEYGLAVLEEKQQLKQQYDDLEIEYEAVRQELDQLKE	MSREEQGYPDAMLLLEAGPEWLRAEIERLSRELTETTNEKIQAAEYGLAVLEEKQQLKQQYDELEIEYEAVRQEVDQLKEAFGQAYSNHRKVAADGESREESLIQESACKEAYYEQRVLELQTELRQTRNILTNTQSENERLVTISQEMRENSQMVELQRNQLRDDIKEYKFRETRLLQDYTELEEENISLQKQVLVLKQSQVEFEGLKHEIRRLEEDTQFLNSQLEDAIRLKEIAERQLSEALETIKTERELKASLRKELSHYMSIGDTLYHSPLSISLDGLKFSDDAATEPNNDEALHGYENGFAKLANIIAEDNRISTPKKEELFRPAPSLVDDLLSELNISEIQKLKQQLMQMEREKVNLLSTLQDSQKQLEQAHGALSEHQEKVNRLTENLNAIRKLQASKERQSALDNEKERDSHEDGDYYEVDINGPEILECKYKVAVSEAAELKEELKTLKTEHQTCQSRYEEERTRLENDVTTLGQKLATLEKTSQADREEKSKMEKELRKLSDVAGESQGSLSVAQDELVTFSEELATLYNHVCMCNNETPNRVMLDFYKEGKGGRSSPEGRGRRSPILLTKGLFPEPGKTDLSDGTPSPVSSLPSPVSDHRREPMNIYNLVAIIRDQIKHLQLAVDRTTELSRQRVASLELGTVADKDKEACMEEILKLKSLLSTKREQIATLRTVLKANKQTAEVALANLKSKYENEKAMVTETMMKLRNELKALKEDAATFSSLRAMFATRCDEYVTQLDEMQRQLAAAEDEKKTLNSLLRMAIQQKLALTQRLEDLEFDHEQTRGRGGNSGRSKARSKAANSSSSSTSTNPHIVSSLLPQHHHSPFN	1	80	1	80	3.586E-36	140	1.000	0.095
SALFA40234	AF-A0A3Q3CDM9-F1-model_v4	0.925	80	6	MSVEEQGYPDAMMLLEAAPEWLRAEIERLSRELSETTNEKIQAAEYGLAVLEEKQQLKQQYDDLEIEYEAVRQELDQLKE	MSVEEQGYPDAVLLMEAGPEWLRAEIGRLSRELSETTNEKIQAAEYGLAVLEEKQQLKQQYEDLEIEYEAVRQELDQLKEAFGQAYSNHRKVAADGESREESLIQESACKEAYYEQRVLELQNELRQTRNILTNTQSENERLNAISQDLRESSQMVELQRNQLRDDIKEYKFRESRLLQDYTELEEENISLQKQVSMLKQSQVEFEGLKHEIRRLEEDTQFLNSQLEDAIRLKEIAERQLSEALETIKTERELKASLRKELSHYMNIGDTLYNSPLSISLDGLKFSDDAATEPNNDEALHGYENGFIKLANAITDDNRIPMPKKEELFRPVPSLVDDLLSELNISEIQKLKQQLMQMEREKVNLMSTLQDSQKQLEQANGALSEHQEKVNRLTENLNAIRKLQASKERQSALDNEKERDSHEDVDYYEVDINGPEILECKYKVAVSEAGELKEELKTLKAEYQACQSRYEEERTRLATDVTTLKENLTTLEKTSHAEREEKAKLEKELRKLSDVAGESQGSLSVAQDELVTFSEELATLYNHVCMCNNETPNRVMLDFYKEGKGGRSSPEGRGRRSPILLTKGLFPEPSKTDLSDGAPSPISSLPSPVSDHRREPMNIYNLVAIIRDQIKHLQLAVDRTTELSRQRVASLELGTVADKDKEACMEEILKLKSLLSTKREQIATLRTVLKANKQTAEVALANLKSKYENEKAMVTETMMKLRNELKALKEDAATFSSLRAMFATRCDEYVTQLDEMQRQLAAAEDEKKTLNSLLRMAIQQKLALTQRLEDLEFDHEQTRRGGNAGRAKARSKAAGTASTTATTTTTTNNPHIVSSLLPQHHHSPFN	1	80	1	80	3.586E-36	140	1.000	0.095
SALFA40234	AF-A0A6P7IJS9-F1-model_v4	0.925	80	6	MSVEEQGYPDAMMLLEAAPEWLRAEIERLSRELSETTNEKIQAAEYGLAVLEEKQQLKQQYDDLEIEYEAVRQELDQLKE	MSREEQGYPDAMLLLEAGPEWLRAEIERLSRELTETTNEKIQAAEYGLAVLEEKQQLKQQYDELEIEYEAVRQEVDQLKEAFGQAYSNHRKVAADGESREESLIQESACKEAYYEQRVLELQTELRQTRNILTNTQSENERLVTISQEMRENSQMVELQRNQLRDDIKEYKFRETRLLQDYTELEEENISLQKQVLVLKQSQVEFEGLKHEIRRLEEDTQFLNSQLEDAIRLKEIAERQLSEALETIKTERELKASLRKELSHYMSIGDTLYHSPLSISLDGLKFSDDAATEPNNDEALHGYENGFAKLANIIAEDNRISTPKKEELFRPAPSLVDDLLSELNISEIQKLKQQLMQMEREKVNLLSTLQDSQKQLEQAHGALSEHQEKVNRLTENLNAIRKLQASKERQSALDNEKERDSHEDGDYYEVDINGPEILECKYKVAVSEAAELKEELKTLKTEHQTCQSRYEEERTRLENDVTTLGQKLATLEKTSQADREEKSKMEKELRKLSDVAGESQGSLSVAQDELVTFSEELATLYNHVCMCNNETPNRVMLDFYKEGKGGRSSPEGRGRRSPILLTKGLFPEPGKTDLSDGTPSPVSSLPSPVSDHRREPMNIYNLVAIIRDQIKHLQLAVDRTTELSRQRVASLELGTVADKDKEACMEEILKLKSLLSTKREQIATLRTVLKANKQTAEVALANLKSKYENEKAMVTETMMKLRNELKALKEDAATFSSLRAMFATRCDEYVTQLDEMQRQLAAAEDEKKTLNSLLRMAIQQKLALTQRLEDLEFDHEQTRGRGGNSGRSKARSKAANSSSSSTSTNPHVSQSLTCSGSGRPEHSNSVPNALLGGPVVFCSEKYKIYCD	1	80	1	80	3.586E-36	140	1.000	0.092
SALFA40234	AF-A0A3B4FBJ6-F1-model_v4	0.925	80	6	MSVEEQGYPDAMMLLEAAPEWLRAEIERLSRELSETTNEKIQAAEYGLAVLEEKQQLKQQYDDLEIEYEAVRQELDQLKE	MSVEEQGYPDAVLLMEAGPEWLRAEIGRLSRELSETTNEKIQAAEYGLAVLEEKQQLKQQYEDLEIEYEAVRQELDQLKEAFGQAYSNHRKVAADGESREESLIQESACKEAYYEQRVLELQNELRQTRNILTNTQSENERLNAISQDLRESSQMVELQRNQLRDDIKEYKFRESRLLQDYTELEEENISLQKQVSMLKQSQVEFEGLKHEIRRLEEDTQFLNSQLEDAIRLKEIAERQLSEALETIKTERELKASLRKELSHYMNIGDTLYNSPLSISLDGLKFSDDAATEPNNDEALHGYENGFIKLANAITDDNRIPMPKKEELFRPVPSLVDDLLSELNISEIQKLKQQLMQMEREKVNLMSTLQDSQKQLEQANGALSEHQEKVNRLTENLNAIRKLQASKERQSALDNEKERDSHEDVDYYEVDINGPEILECKYKVAVSEAGELKEELKTLKAEYQACQSRYEEERTRLATDVTTLKENLTTLEKTSHAEREEKAKLEKELRKLSDVAGESQGSLSVAQDELVTFSEELATLYNHVCMCNNETPNRVMLDFYKEGKGGRSSPEGRGRRSPILLTKGLFPEPSKTDLSDGAPSPISSLPSPVSDHRREPMNIYNLVAIIRDQIKHLQLAVDRTTELSRQRVASLELGTVADKDKEACMEEILKLKSLLSTKREQIATLRTVLKANKQTAEVALANLKSKYENEKAMVTETMMKLRNELKALKEDAATFSSLRAMFATRCDEYVTQLDEMQRQLAAAEDEKKTLNSLLRMAIQQKLALTQRLEDLEFDHEQTRRGGNAGRAKARSKAAGTASAAAATTTTNNPHVSQSLTCSVSGRPEHSSSVPSGILGGPVVFCSEKYKIYCD	1	80	1	80	3.586E-36	140	1.000	0.092
SALFA40234	AF-A0A4U5UTA7-F1-model_v4	0.925	80	6	MSVEEQGYPDAMMLLEAAPEWLRAEIERLSRELSETTNEKIQAAEYGLAVLEEKQQLKQQYDDLEIEYEAVRQELDQLKE	MSVEEQGYSDALLLLEAGPEWMRAEIERLSRELSETTNEKIQAAEYGLAVLEEKQQLKQQYDDLEIEYETVRQELDQLKEAPIVNRLVGLGPPIPVWCTRISRSPHFETFRHDWTGGESQREELRKRKGVKKGGAFGQAYSNHRKVAADGESREESLIQESACKEAYYEQRVLELQTELRQTRNILTNTQSENERLNTINQEMRENSQMVELQRNQLRDDIKEYKFLEARLLQDYTELEEENISLQKQVSVLKQSQVEFEGLKHEIRRLEEDTQFLNSQLEDAIRLKEIAERQLGEALETIKTERELKASLRKELSHYMSIGDTLYHSPLSISLDGLKFSDDVGTEPNNDEALHGYENGFTKLANAITYDNCISTAKKEELFHPAPSLVDDLLSELNISEIQKLKQQLMQMEREKVNLLSTLQDSQKQLEQANGALSDHQEKVNRLTENLNAIRKLQASKERQSALDNEKERDSHEDGDYYEVDINGPEILECKYKVAVSEAGELKEELKTLKTEYQACQSRYEDERTRLERDVTTLGEKLATLEKTCLTEKEQKTKLEKELRKLSDVAGESQGSLSVAQDELVTFSEELATLYNHVCMCNNETPNRVMLDFYKEGKGGRSSPEGRGRRSPILLTKGLFPEPSKTDLTDGSPVSSLPSPVSDHRREPMNIYNLVAIIRDQIKHLQLAVDRTTELSRQRVASLELGTMADKDKEACMEEILKLKSLLSTKREQIATLRTVLKANKQTAEVALANLKSKYENEKAMVTETMMKLRNELKALKEDAATFSSLRAMFATRCDEYVTQLDEMQRQLAAAEDEKKTLNSLLRMAIQQKLALTQRLEDLEFDHEQTRRGGNSGRSKARSKATAAVTTNNPHVSQSLTCSGSGRPEPNNAMPNGILGGPVVFCSEKYKIYCD	1	80	1	80	3.586E-36	140	1.000	0.088
SALFA40234	AF-A0A3Q4GKW7-F1-model_v4	0.925	80	6	MSVEEQGYPDAMMLLEAAPEWLRAEIERLSRELSETTNEKIQAAEYGLAVLEEKQQLKQQYDDLEIEYEAVRQELDQLKE	MSVEEQGYPDAVLLMEADPEWLRAEIGRLSRELSETTNEKIQAAEYGLAVLEEKQQLKQQYEDLEIEYEAVRQELDQLKEVEDHFVRTD	1	80	1	80	6.755E-36	139	1.000	0.899
SALFA40234	AF-A0A3P9MKF1-F1-model_v4	0.912	80	7	MSVEEQGYPDAMMLLEAAPEWLRAEIERLSRELSETTNEKIQAAEYGLAVLEEKQQLKQQYDDLEIEYEAVRQELDQLKE	MSVDEQGYSDAMLLLEAGPEWLRAEIERLSRELTETTNEKIQAAEYGLAVLEEKQQLKQQYDDLEIEYDAVRQELDQVKEAFGQAHSNHKKVAADGESREESLIQESACKEAYYEQRVLDLQTEIRQTRNILTNTQSENERLGVIFQDMKDNCEMVELQRNQLRDDIKEYKFRESRLLQDYTELEEENISLQKQVSVLKQSQVEFEGLKHEIRRLEEDTQFLNSQLEDAIRLKEIAERQLGEALETIKTERELKASLRKELSHYMTIGDSLYHSPLSISLDGLKFSDDTATEPNNDEGLHGYENSFTKLANEIAEDNRVFTPKKEELFCPVPSLVDDLLSELNISEIQKLKQQLMQMEREKVNLLSNLQDSQKQLEQANGALSEHQEKVNRLTENLNAIRKLQASKERQSALDNEKERDSHEDGDYYEVDINGPEILECKYKVAVSEAGELKEELKTLKAEYQSCQSRYDEERIRLENDVTTLGEKLATLEKTSHIDREEKAKLEKELRKLSDVAGESQGSLSVAQDELVTFSEELATLYNHVCMCNNETPNRVMLDFYKEGKGGRCSPEGRGRRSPILLTRGLFPEPGKADLNDGAPSPVSSQPSPVSDHRREPMNIYNLVAIIRDQIKHLQLAVDRTTELSRQRVASLELGSVADKDKEACMEEILKLKSLLSTKREQIATLRTVLKANKQTAEIALSNLKSKYENEKAMVTETMMKLRNELKALKEDAATFSSLRAMFATRCDEYVTQLEEMQRQLAAAEDEKKTLNSLLRMAIQQKLALTQRLEDLEFDHEQTRRGGNSSRAKARRAASSTTTNPH	1	80	1	80	9.271E-36	139	1.000	0.098
SALFA40234	AF-A0A3P9LCK6-F1-model_v4	0.912	80	7	MSVEEQGYPDAMMLLEAAPEWLRAEIERLSRELSETTNEKIQAAEYGLAVLEEKQQLKQQYDDLEIEYEAVRQELDQLKE	MSVDEQGYSDAMLLLEAGPEWLRAEIERLSRELTETTNEKIQAAEYGLAVLEEKQQLKQQYDDLEIEYDAVRQELDQVKEAFGQAHSNHKKVAADGESREESLIQESACKEAYYEQRVLDLQTEIRQTRNILTNTQSENERLGVIFQDMKDNCEMVELQRNQLRDDIKEYKFRESRLLQDYTELEEENISLQKQVSVLKQSQVEFEGLKHEIRRLEEDTQFLNSQLEDAIRLKEIAERQLGEALETIKTERELKASLRKELSHYMTIGDSLYHSISLDGLKFSDDTATEPNNDEGLHGYENSFTKLANEIAEDNRVFTPKKEELFCPVPSLVDDLLSELNISEIQKLKQQLMQMEREKVNLLSNLQDSQKQLEQANGALSEHQEKVNRLTENLNAIRKLQASKERQSALDNEKERDSHEDGDYYEVDINGPEILECKYKVAVSEAGELKEELKTLKAEYQSCQSRYDEERIRLENDVTTLGEKLATLEKTSHIDREEKAKLEKELRKLSDVAGESQGSLSVAQDELVTFSEELATLYNHVCMCNNETPNRVMLDFYKEGKGGRCSPEGRGRRSPILLTRGLFPEPGKADLNDGAPSPVSSQPSPVSDHRREPMNIYNLVAIIRDQIKHLQLAVDRTTELSRQRVASLELGSVADKDKEACMEEILKLKSLLSTKREQIATLRTVLKANKQTAEIALSNLKSKYENEKAMVTETMMKLRNELKALKEDAATFSSLRAMFATRCDEYVTQLEEMQRQLAAAEDEKKTLNSLLRMAIQQKLALTQRLEDLEFDHEQTRRGGNSSRAKARVDFRIRFSSCDASTPIQ	1	80	1	80	9.271E-36	139	1.000	0.097
SALFA40234	AF-A0A3P9LCW2-F1-model_v4	0.912	80	7	MSVEEQGYPDAMMLLEAAPEWLRAEIERLSRELSETTNEKIQAAEYGLAVLEEKQQLKQQYDDLEIEYEAVRQELDQLKE	MSVDEQGYSDAMLLLEAGPEWLRAEIERLSRELTETTNEKIQAAEYGLAVLEEKQQLKQQYDDLEIEYDAVRQELDQVKEAFGQAHSNHKKVAADGESREESLIQESACKEAYYEQRVLDLQTEIRQTRNILTNTQSENERLGVIFQDMKDNCEMVELQRNQLRDDIKEYKFRESRLLQDYTELEEENISLQKQVSVLKQSQVEFEGLKHEIRRLEEDTQFLNSQLEDAIRLKEIAERQLGEALETIKTERELKASLRKELSHYMTIGDSLYHSPLSISLDGLKFSDDTATEPNNDEGLHGYENSFTKLANEIAEDNRVFTPKKEELFCPVPSLVDDLLSELNISEIQKLKQQLMQMEREKVNLLSNLQDSQKQLEQANGALSEHQEKVNRLTENLNAIRKLQASKERQSALDNEKERDSHEDGDYYEVDINGPEILECKYKVAVSEAGELKEELKTLKAEYQSCQSRYDEERIRLENDVTTLGEKLATLEKTSHIDREEKAKLEKELRKLSDVAGESQGSLSVAQDELVTFSEELATLYNHVCMCNNETPNRVMLDFYKEGKGGRCSPEGRGRRSPILLTRGLFPEPGKADLNDGAPSPVSSQPSPVSDHRREPMNIYNLVAIIRDQIKHLQLAVDRTTELSRQRVASLELGSVADKDKEACMEEILKLKSLLSTKREQIATLRTVLKANKQTAEIALSNLKSKYENEKAMVTETMMKLRNELKALKEDAATFSSLRAMFATRCDEYVTQLEEMQRQLAAAEDEKKTLNSLLRMAIQQKLALTQRLEDLEFDHEQTRRGGNSSRAKARRAASSTTTNPHIVSSLPHHSPFNYKEELRG	1	80	1	80	9.271E-36	139	1.000	0.095
SALFA40234	AF-H2M6F0-F1-model_v4	0.912	80	7	MSVEEQGYPDAMMLLEAAPEWLRAEIERLSRELSETTNEKIQAAEYGLAVLEEKQQLKQQYDDLEIEYEAVRQELDQLKE	MSVDEQGYTDAMLLLEAGPEWLRAEIERLSRELTETTNEKIQAAEYGLAVLEEKQQLKQQYDDLEIEYDAVRQELDQVKEAFGQAHSNHKKVAADGESREESLIQESACKEAYYEQRVLDLQTEIRQTRNILTNTQSENERLGVIFQDMKDNCEMVELQRNQLRDDIKEYKFRESRLLQDYTELEEENISLQKQVSVLKQSQVEFEGLKHEIRRLEEDTQFLNSQLEDAIRLKEIAERQLGEALETIKTERELKASLRKELSHYMTIGDSLYHSPLSISLDGLKFSDDTATEPNNDEGLHGYENSFTKLANEIAEDNRVFTPKKEELFCPVPSLVDDLLSELNISEIQKLKQQLMQMEREKVNLLSNLQDSQKQLEQANGALSEHQEKVNRLTENLNAIRKLQASKERQSALDNEKERDSHEDGDYYEVDINGPEILECKYKVAVSEAGELKEELKTLKAEYQSCQSRYDEERIRLENDVTTLGEKLATLEKTSQIDREEKAKLEKELRKLSDVAGESQGSLSVAQDELVTFSEELATLYNHVCMCNNETPNRVMLDFYKEGKGGRSSPEGRGRRSPILLTRGLFPEPGKADLSDGAPSPVSSQPSPVSDHRREPMNIYNLVAIIRDQIKHLQLAVDRTTELSRQRVASLELGSVADKDKEACMEEILKLKSLLSTKREQIATLRTVLKANKQTAEIALSNLKSKYENEKAMVTETMMKLRNELKALKEDAATFSSLRAMFATRCDEYVTQLEEMQRQLAAAEDEKKTLNSLLRMAIQQKLALTQRLEDLEFDHEQTRRGGNSSRAKARRAASSTTTNPHIVSSLPHHSPFNYKEELRG	1	80	1	80	9.271E-36	139	1.000	0.095
SALFA40234	AF-A0A3Q0R481-F1-model_v4	0.900	80	8	MSVEEQGYPDAMMLLEAAPEWLRAEIERLSRELSETTNEKIQAAEYGLAVLEEKQQLKQQYDDLEIEYEAVRQELDQLKE	MSVEEQGYPDAVLLMEAGPEWLRAEIGRLSRELSETTNEKIQAAEYGLAVLEEKQQLKQQYEDLEMEYEAVRQELDQLREAFGQAYSNHRKVAADGESREESLIQESACKEAYYERRVLELQNEVRQTRNILTNTQSENERLNAITQELRENSQMVELQRNQLRDDIKEYKFREARLLQDYTELEEENISLQKQVSVLKQSQVEFEGLKHEIRRLEEDTQFLNSQLEDAIRLKEIAERQLSEALETIKTERELKASLRKELSHYMSIGDTLYHSPLSISLDGLKFSDDAATEPNNDEALHGYENGFTKLANAIADDNRISTPKKDELFCPVPSLVDDLLSELNISEIQKLKQQLMQMEREKVNLVSTLQDSQKQLEQANGALSEHQEKVNRLTENLNAIRKLQASKERQSALDNEKERDSHEDVDYYEVDINGPEILECKYKVAVSEAGELKEELKTLKAEYQACQSRYEDERTRLANDVTTLKETLATLEKTSHAEKEEKAKLEKELRKLSDVAGESQGSLSVAQDELVTFSEELATLYNHVCMCNNETPNRVMLDFYKEGKGGRSSPEGRGRRSPILLAKGLFPEPGKTDLSDGAPSPISSLPSPVSDHRREPMNIYNLVAIIRDQIKHLQLAVDRTTELSRQRVASLELGTVADKDKEACMEEILKLKSLLSTKREQIATLRTVLKANKQTAEVALANLKSKYENEKAMVTETMMKLRNELKALKEDAATFSSLRAMFATRCDEYVTQLDEMQRQLAAAEDEKKTLNSLLRMAIQQKLALTQRLEDLEFDHEQTRRGGNAGRSKARSKAASSAASANSNPHVSQSLTCAGLGRPEHSSSVPNGILGGPVVFCSEKYKIYCD	1	80	1	80	2.397E-35	138	1.000	0.093
SALFA40234	AF-A0A6G1Q3P0-F1-model_v4	0.900	80	8	MSVEEQGYPDAMMLLEAAPEWLRAEIERLSRELSETTNEKIQAAEYGLAVLEEKQQLKQQYDDLEIEYEAVRQELDQLKE	MSVEEQGYPGALPLLEAGPEWMRAEIERLSRELSETTSEKIQAAEYGLAVLEEKQQLKQQYDDLEIDYEAIRQELDQLKEAFGQAYSNHRKVAADGESREESLIQESACKEAYYEQRVLELQTELRQTRNILTNTQSENERLNTIFQEMKENSQMVELQRNQLRDDIKEYKFRESRLLQDYTELEEENISMQKQVSMLKQSQVEFEGLKHEIRRLEEDTQFLNSQLEDAVRLKEIAERQLAEALETIKTERELKASLRKELSHYMSIGDTLYHSPLSISLDGLKFSDDAATEPNNDEALYGFENGFNKLANAITDDNRISTPQNAELFRPAPSLVDDLLSELNISEIQKLKQQLMQMEREKVNLLSTLQDSQKQLEQAHGALSEHQEKVNRLTENLNAIRKLQASKERQSALDNEKERDSHEDGDYYEVDINGPEILECKYKVAVSEAGELKEELKTLKAEYQACQSRYEEERTRLENDVTTLGDKLEILEKISQAERAEKAKLEKELRKLSDVAGESQGSLSVAQDELVTFSEELATLYNHVCMCNNETPNRVMLDFYKEGKGGRSSPEGRGRRSPILLTKGLFPEPGKADLSDGAHSPVSSLPSPVSDHRREPMNIYNLVAIIRDQIKHLQLAVDRTTELSRQRVASLELGTVADKDKEACMEEILKLKSLLSTKREQIATLRTVLKANKQTAEVALANLKSKYENEKAMVTETMMKLRNELKALKEDAATFSSLRAMFATRCDEYVTQLDEMQRQLAAAEDEKKTLNSLLRMAIQQKLALTQRLEDLEFDHEQTRRGGNTGRAKARNKSTTSTTNNNPHVSPSLTCPVSSRPEHNNAVPSGILGGPVVFCSEKYKIYCD	1	80	1	80	4.515E-35	137	1.000	0.093
SALFA40234	AF-A0A315W8F7-F1-model_v4	0.912	80	7	MSVEEQGYPDAMMLLEAAPEWLRAEIERLSRELSETTNEKIQAAEYGLAVLEEKQQLKQQYDDLEIEYEAVRQELDQLKE	MAVDCYLSFLHCKGHDLDHVQNDELYISKFLEKYLLLFSMNTSGRLRRPYVFSSQISWRTLVDRIMSTEEQGYPEAMLLEAGPEWLRAEVERLSRELSETTSEKIQAAEYGLAVLEEKQQLKQQYDDLEVEYEAVRQELDQLKEERAKEAKDKISSKLQDGTGEMTFRMKVNLYAFGQAYTNHRKVAADGESREESLIQESACKEAYYEQRVLELQNELRQTRNILTNTQSENERLVAISQEMKELCAIKISIARADGFSNSAYLQNGEMVELQRNQLRDDIKEYKFREGRLLQDYTELEEENISLQKQVSVLKQSQVEFEGLKHEIRRLEEDTQFLNSQLEDAIRLKEIAERQLGEALETIKTERELKTSLRKELSHYMNIGDSLYHSPLSISLDGLKFSDDAATEPNNDEALLGYENSFTKLANTINEDNRISTPEKEELFCPVPSLVDDLLSELNISEIQKLKQQLMQMERDKVNLLSNLQDSQKQLEQANGALSEHQEKVNRLTENLNAIRKLQASKERQSALDNEKERDSHEDGDYYEVDINGPEILECKYKVAVSEAGELKEELKTLKAEYQACQSRYDDERSRLENDVRSLGDKLSNLERTTFAEREEKAKLEKELRKLSDVAGESQGSLSVAQDELVTFSEELATLYNHVCMCNNETPNRVMLDFYKEGKGGRSSPEGRGRRSPILLTKGLFPEHGRTDLSDGAPSPVSSLPSPVADHRREPMNIYNLVAIIRDQIKHLQLAVDRTTELSRQRVASLELGTMADKDKEACMEEILKLKSLLSTKREQIATLRTVLKANKQTAEVALANLKSKYENEKAMVTETMMKLRNELKALKEDAATFSSLRAMFATRCDEYVTQLEEMQRQLAAAEDEKKTLNSLLRMAIQQKLALTQRLEDLEFDHEQTRRGGNSGRSKARSKAAGTTATSNPHVSQSLTCSGSGRPELNNAMPNGILGGPAIFCSEKYKIYCD	1	80	66	144	1.167E-34	136	1.000	0.081
SALFA40234	AF-A0A4Z2G9X2-F1-model_v4	0.900	80	8	MSVEEQGYPDAMMLLEAAPEWLRAEIERLSRELSETTNEKIQAAEYGLAVLEEKQQLKQQYDDLEIEYEAVRQELDQLKE	MSIEEQGYPGAMRSLKAAPEWVRAEIERLSRELSDTTKEKIQAAEYGLAVLEEKQQLKQQYDDLEIEYEAVRQELDQLKEAFGQAYSNHRKVAADGESREECLIQESACKEAYYEQRVLELQTELRQARNILTNTQSENERLNTITQEMRENSQMVELQRNQLRDDIKEYKFRDARLLQDYTELEEENISLQKQVEFEGLKHEIRRLEEDTQFLNSQLEDAIRLKEIAERQLGEALETIKTERELKASLRKELSHYMSIGDTLCHSPLSISLDGLKFGGDDSGLGGGGEPNNDDALHGYEGGFAKLADAIAGDNNHRIGPAAPEKGEPFHPAPGLVDDLLSELNISEIQKLKQQLMQLSDVAGESQGSLSVAQDELVTFSEELATLYNHVCMCNNETPNRVMLDFYKEGKGGRSSPEGRGRRSPLLLTKGLFAEAGDAAAAVSPLSSPGSEHRREPMNIYNLVAIIRDQIKHLQLAVDRSTELSRQRVASLELGAVADKDKDACMEEILKLKSLLSTKREQIATLRTVLKANKQVGRVVSLLLLLLFTSRRSPRLFRLHSAVCRECIEIYNKRSCSREIIPPPPT	1	80	1	80	1.602E-34	135	1.000	0.137
SALFA40234	AF-A0A3P9JEP4-F1-model_v4	0.900	80	8	MSVEEQGYPDAMMLLEAAPEWLRAEIERLSRELSETTNEKIQAAEYGLAVLEEKQQLKQQYDDLEIEYEAVRQELDQLKE	MSVDEQGCTDAMLLLEAGPEWLRAEIERLSRELTETTNEKIQAAEYGLAVLEEKQQLKQQYDDLEIEYDAVRQELDQVKEAFGQAHSNHKKVAADGESREESLIQESACKEAYYEQRVLDLQTEIRQTRNILTNTQSENERLGVIFQDMKDNYEMVELQRNQLRDDIKEYKFRESRLLQDYTELEEENISLQKQVSVLKQSQVEFEGLKHEIRRLEEDTQFLNSQLEDAIRLKEIAERQLGEALETIKTERELKASLRKELSHYMTIGDSLYHSISLDGLKFSDDTATEPNNDEGLHGYENSFTKLANEIADDNRIFTPKKEELFCPVPSLVDDLLSELNISEIQKLKQQLMQMEREKVNLLSNLQDSQKQLEQANGALSEHQEKVNRLTENLNAIRKLQASKERQSALDNEKERDSHEDGDYYEVDINGPEILECKYKVAVSEAGELKEELKTLKAEYQSCQSRYDEERIRLENDVTTLGEKLATLEKTSQIDREEKAKLEKELRKLSDVAGESQGSLSVAQDELVTFSEELATLYNHVCMCNNETPNRVMLDFYKEGKGGRSSPEGRGRRSPILLTRGLFPEPGKADLSDGAHSPVSSQPSPVSDHRREPMNIYNLVAIIRDQIKHLQLAVDRTTELSRQRVASLELGSVADKDKEACMEEILKLKSLLSTKREQIATLRTVLKANKQTAEIALSNLKSKYENEKAMVTETMMKLRNELKALKEDAATFSSLRAMFATRCDEYVTQLEEMQRQLAAAEDEKKTLNSLLRMAIQQKLALTQRLEDLEFDHEQTRRGGNSTRAKARVDFRIRFSSCDASTPIQLSQ	1	80	1	80	1.602E-34	135	1.000	0.097
SALFA40234	AF-A0A3P9I1D9-F1-model_v4	0.900	80	8	MSVEEQGYPDAMMLLEAAPEWLRAEIERLSRELSETTNEKIQAAEYGLAVLEEKQQLKQQYDDLEIEYEAVRQELDQLKE	MSVDEQGCTDAMLLLEAGPEWLRAEIERLSRELTETTNEKIQAAEYGLAVLEEKQQLKQQYDDLEIEYDAVRQELDQVKEAFGQAHSNHKKVAADGESREESLIQESACKEAYYEQRVLDLQTEIRQTRNILTNTQSENERLGVIFQDMKDNYEMVELQRNQLRDDIKEYKFRESRLLQDYTELEEENISLQKQVSVLKQSQVEFEGLKHEIRRLEEDTQFLNSQLEDAIRLKEIAERQLGEALETIKTERELKASLRKELSHYMTIGDSLYHSPLSISLDGLKFSDDTATEPNNDEGLHGYENSFTKLANEIADDNRIFTPKKEELFCPVPSLVDDLLSELNISEIQKLKQQLMQMEREKVNLLSNLQDSQKQLEQANGALSEHQEKVNRLTENLNAIRKLQASKERQSALDNEKERDSHEDGDYYEVDINGPEILECKYKVAVSEAGELKEELKTLKAEYQSCQSRYDEERIRLENDVTTLGEKLATLEKTSQIDREEKAKLEKELRKLSDVAGESQGSLSVAQDELVTFSEELATLYNHVCMCNNETPNRVMLDFYKEGKGGRSSPEGRGRRSPILLTRGLFPEPGKADLSDGAHSPVSSQPSPVSDHRREPMNIYNLVAIIRDQIKHLQLAVDRTTELSRQRVASLELGSVADKDKEACMEEILKLKSLLSTKREQIATLRTVLKANKQTAEIALSNLKSKYENEKAMVTETMMKLRNELKALKEDAATFSSLRAMFATRCDEYVTQLEEMQRQLAAAEDEKKTLNSLLRMAIQQKLALTQRLEDLEFDHEQTRRGGNSTRAKARRATSSTTTNPHIVSSLPHHSPFNYKEELRG	1	80	1	80	1.602E-34	135	1.000	0.095
SALFA40234	AF-A0A3B3VY63-F1-model_v4	0.912	80	7	MSVEEQGYPDAMMLLEAAPEWLRAEIERLSRELSETTNEKIQAAEYGLAVLEEKQQLKQQYDDLEIEYEAVRQELDQLKE	MSTEEQGYPEAMLLEARPEWLRAEVERLSRELSETTSEKIQAAEYGLAVLEEKQQLKQQYDDLEVEYEAVRQELDQLKEAFGQAYTNHRKVAADGESREESLIQESACKEAYYEQRVLELQNELRQTRNILTNTQSENERLVAISQEMKENGEMVELQRNQLRDDIKEYKFREGRLLQDYTELEEENISLQKQVSALKQSQVEFEGLKHEIRRLEEDTQFLNSQLEDAIRLKEIAERQLGEALETIKTERELKTSLRKELSHYMNIGDTLYHSPLSISLDGLKFSDDAATEPNNDEALLGYENSFTKLANTINEDNRISTPNKEELFCPVPSLVDDLLSELNISEIQKLKQQLMQMEREKVNLLSNLQDSQKQLEQANGALSEHQEKVNRLTENLNAIRKLQASKERQSALDNEKERDSHEDGDYYEVDINGPEILECKYKVAVSEAGELKEELKTLKAEYQACQSRYDEERSRLENDVRSLGDKLSNLERTTFVEREEKAKLEKELRKLSDVAGESQGSLSVAQDELVTFSEELATLYNHVCMCNNETPNRVMLDFYKEGKGGRSSPEGRGRRSPILLTKGLFPEHGRADLSDGAPSPVSSLPSPVSDHRREPMNIYNLVAIIRDQIKHLQLAVDRTTELSRQRVASLELGTVADKDKEACMEEILKLKSLLSTKREQIATLRTVLKANKQTAEVALANLKSKYENEKAMVTETMMKLRNELKALKEDAATFSSLRAMFATRCDEYVTQLEEMQRQLAAAEDEKKTLNSLLRMAIQQKLALTQRLEDLEFDHEQTRRGGSSGRSKARSKAAGTAATSNPHVSQTLTCSGSGRPELNNAMPNGILGGPAIFCSEKYKIYCD	1	80	1	79	1.602E-34	135	1.000	0.092
SALFA40234	AF-A0A3P9NX11-F1-model_v4	0.912	80	7	MSVEEQGYPDAMMLLEAAPEWLRAEIERLSRELSETTNEKIQAAEYGLAVLEEKQQLKQQYDDLEIEYEAVRQELDQLKE	MSTEEQGYPEAMLLEARPEWLRAEVERLSRELSETTSEKIQAAEYGLAVLEEKQQLKQQYDDLEVEYEAVRQELDQLKEAFGQAYTNHRKVAADGESREESLIQESACKEAYYEQRVLELQNELRQTRNILTNTQSENERLVAISQEMKENGEMVELQRNQLRDDIKEYKFREGRLLQDYTELEEENISLQKQVSVLKQSQVEFEGLKHEIRRLEEDTQFLNSQLEDAIRLKEIAERQLGEALETIKTERELKTSLRKELSHYMNIGDTLYHSPLSISLDGLKFSDDAATEPNNDEALLGYENSFTKLANTINEDNRISTPNKEELFCPVPSLVDDLLSELNISEIQKLKQQLMQMEREKVNLLSNLQDSQKQLEQANGALSEHQEKVNRLTENLSAIRKLQASKERQSALDNEKERDSHEDGDYYEVDINGPEILECKYKVAVSEAGELKEELKTLKAEYQTCQSRYDEERSRLENDVRSLGDKLSNLERTTFVEREEKAKLEKELRKLSDVAGESQGSLSVAQDELVTFSEELATLYNHVCMCNNETPNRVMLDFYKEGKGGRSSPEGRGRRSPILLTKGLFPEHGRADLSDGAPSPVSSLPSPVSDHRREPMNIYNLVAIIRDQIKHLQLAVDRTTELSRQRVASLELGTVADKDKEACMEEILKLKSLLSTKREQIATLRTVLKANKQTAEVALANLKSKYENEKAMVTETMMKLRNELKALKEDAATFSSLRAMFATRCDEYVTQLEEMQRQLAAAEDEKKTLNSLLRMAIQQKLALTQRLEDLEFDHEQTRRGGSSGRSKARSKAAGTTATTATTATSNPHVSQSLTCSGSGRPELNNAMPNGILGGPAIFCSEKYKIYCD	1	80	1	79	1.602E-34	135	1.000	0.091
SALFA40234	AF-M4AT16-F1-model_v4	0.900	80	8	MSVEEQGYPDAMMLLEAAPEWLRAEIERLSRELSETTNEKIQAAEYGLAVLEEKQQLKQQYDDLEIEYEAVRQELDQLKE	MSTEEQGYPEAMLLEAGPEWLRAEVERLSRELSETSSEKIQAAEYGLAVLEEKQQLKQQYDDLEVEYEAVRQELDQLKEAFGQAYTNHRKVAADGESREESLIQESACKEAYYEQRVLELQNELRQTRNILTNTQSENERLVAISQEMKENGEMMELQRNQLRDDIKEYKFREGRLLQDYTELEEENISLQKQVSVLKQSQVEFEGLKHEIRRLEEDTQFLNSQLEDAIRLKEIAERQLGEALETIKTERELKTSLRKELSHYMNIGDTLYHSPLSISLDGLKFSDDVATEPNNDEALLGYENSFTKLANTINEDNRISTPKEELFCPVPSLVDDLLSELNISEIQKLKQQLMQMERDKVNLLSNLQDSQKQLEQANGALSEHQEKVNRLTENLNAIRKLQASKERQSALDNEKERDSHEDGDYYEVDINGPEILECKYKVAMSEAGELKEELKTLKAEYQACQSRYDEERSRLENDVRSLGDKLSNLEKTTFAEREEKAKLEKELRKLSDVAGESQGSLNVAQDELVTFSEELATLYNHVCMCNNETPNRVMLDFYKEGKGGRSSPEGRGRRSPILLTKGLFPEHGRTDLSDGTPSPVSSLPSPVSDHRREPMNIYNLVAIIRDQIKHLQLAVDRTTELSRQRVASLELGTMADKDKEACMEEILKLKSLLSTKREQIATLRTVLKANKQTAEVALANLKSKYENEKAMVTETMMKLRNELKALKEDAATFSSLRAMFATRCDEYVTQLEEMQRQLAAAEDEKKTLNSLLRMAIQQKLALTQRLEDLEFDHEQTRRGGNSGRSKARSKAAGTTATSNPH	1	80	1	79	4.143E-34	134	1.000	0.096
SALFA40234	AF-A0A3B5QWW2-F1-model_v4	0.900	80	8	MSVEEQGYPDAMMLLEAAPEWLRAEIERLSRELSETTNEKIQAAEYGLAVLEEKQQLKQQYDDLEIEYEAVRQELDQLKE	MSTEEQGYPEAMLLEAGPEWLRAEVERLSRELSETSSEKIQAAEYGLAVLEEKQQLKQQYDDLEVEYEAVRQELDQLKEAFGQAYTNHRKVAADGESREESLIQESACKEAYYEQRVLELQNELRQTRNILTNTQSENERLVAISQEMKENGEMMELQRNQLRDDIKEYKFREGRLLQDYTELEEENISLQKQVSVLKQSQVEFEGLKHEIRRLEEDTQFLNSQLEDAIRLKEIAERQLGEALETIKTERELKTSLRKELSHYMNIGDTLYHSPLSISLDGLKFSDDVATEPNNDEALLGYENSFTKLANTINEDNRISTPKEELFCPVPSLVDDLLSELNISEIQKLKQQLMQMERDKVNLLSNLQDSQKQLEQANGALSEHQEKVNRLTENLNAIRKLQASKERQSALDNEKERDSHEDGDYYEVDINGPEILECKYKVAMSEAGELKEELKTLKAEYQACQSRYDEERSRLENDVRSLGDKLSNLEKTTFAEREEKAKLEKELRKLSDVAGESQGSLNVAQDELVTFSEELATLYNHVCMCNNETPNRVMLDFYKEGKGGRSSPEGRGRRSPILLTKGLFPEHGRTDLSDGTPSPVSSLPSPVSDHRREPMNIYNLVAIIRDQIKHLQLAVDRTTELSRQRVASLELGTMADKDKEACMEEILKLKSLLSTKREQIATLRTVLKANKQTAEVALANLKSKYENEKAMVTETMMKLRNELKALKEDAATFSSLRAMFATRCDEYVTQLEEMQRQLAAAEDEKKTLNSLLRMAIQQKLALTQRLEDLEFDHEQTRRGGNSGRSKARSKAAGTTATSNPHIVSSLLPQHHQSPFN	1	80	1	79	4.143E-34	134	1.000	0.095
SALFA40234	AF-A0A667Z639-F1-model_v4	0.900	80	8	MSVEEQGYPDAMMLLEAAPEWLRAEIERLSRELSETTNEKIQAAEYGLAVLEEKQQLKQQYDDLEIEYEAVRQELDQLKE	MSVEEQRYSDAMLLRDAGPEWLRAEIERLSRELTETTNEKIQAAEYGLAVLEEKQQLKQQYDDLEIEYETVRQELDQLKEAFGQAYSNHRKVAADGESREESLIQESACKEAYYEQKVLELQTELRQARNILTNTQSENERLTTIAQDMRESSQVVELQRNQLRDDIKEYKFREARLLQDYTELEEENISLQKQVSMLKQSQVEFEGLKHEIRRLEEDTQFLNSQLEDAIRLKEIAERQLGEALETIKTERELKSSLRKELSHYMSIGDTLYHSPLSISLDGLKFSDDAATEPNNDEALHGYENGFSKLANAITEDNRISTPKKDELFRPVPSLVDDLLSELNISEIQKLKQQLMQMEREKVNLLSTLQDSQKQLEQANGALSEHQEKVNRLTENLNAIRKLQASKERQSALDNEKERDSHEDGDYYEVDINGPEILECKYKVAVSEAGELKEELKTLKAEYQSCQSRYDEERARLENDVTTLGEKLATLEKTSHAEREEKARLEKELRKVSDVAGESQGSLSVAQDELVTFSEELATLYNHVCMCNNETPNRVMLDFYKEGKGGRSSPEGRGRRSPILLTKGLFPEPGKTDLSDGAPSPVSSLPSPVSDHRREPMNIYNLVAIIRDQIKHLQLAVDRTTELSRQRMASLELGTVADKDKEACMEEILKLKSLLSTKREQIATLRTVLKANKQTAEVALANLKSKYENEKAMVTETMMKLRNELKALKEDAATFSSLRAMFATRCDEYVTQLDEMQRQLAAAEDEKKTLNSLLRMAIQQKLALTQRLEDLEFDHEQTRRGGSAGRAKASPALVLKSPTRSLSSLASLRSCRARCVSNLHMLTAAHAC	1	80	1	80	4.143E-34	134	1.000	0.094
SALFA40234	AF-A0A667ZS77-F1-model_v4	0.900	80	8	MSVEEQGYPDAMMLLEAAPEWLRAEIERLSRELSETTNEKIQAAEYGLAVLEEKQQLKQQYDDLEIEYEAVRQELDQLKE	MSVEEQRYSDAMLLRDAGPEWLRAEIERLSRELTETTNEKIQAAEYGLAVLEEKQQLKQQYDDLEIEYETVRQELDQLKEAFGQAYSNHRKVAADGESREESLIQESACKEAYYEQKVLELQTELRQARNILTNTQSENERLTTIAQDMRESSQVVELQRNQLRDDIKEYKFREARLLQDYTELEEENISLQKQVSMLKQSQVEFEGLKHEIRRLEEDTQFLNSQLEDAIRLKEIAERQLGEALETIKTERELKSSLRKELSHYMSIGDTLPLSISLDGLKFSDDAATEPNNDEALHGYENGFSKLANAITEDNRISTPKKDELFRPVPSLVDDLLSELNISEIQKLKQQLMQMEREKVNLLSTLQDSQKQLEQANGALSEHQEKVNRLTENLNAIRKLQASKERQSALDNEKERDSHEDGDYYEVDINGPEILECKYKVAVSEAGELKEELKTLKAEYQSCQSRYDEERARLENDVTTLGEKLATLEKTSHAEREEKARLEKELRKVSDVAGESQGSLSVAQDELVTFSEELATLYNHVCMCNNETPNRVMLDFYKEGKGGRSSPEGRGRRSPILLTKGLFPEPGKTDLSDGAPSPVSSLPSPVSDHRREPMNIYNLVAIIRDQIKHLQLAVDRTTELSRQRMASLELGTVADKDKEACMEEILKLKSLLSTKREQIATLRTVLKANKQTAEVALANLKSKYENEKAMVTETMMKLRNELKALKEDAATFSSLRAMFATRCDEYVTQLDEMQRQLAAAEDEKKTLNSLLRMAIQQKLALTQRLEDLEFDHEQTRRGGSAGRAKGRSKAATSTANNPHVSQSVTCSGSGHPEHNNALPNGIIGGPMVFCSG	1	80	1	80	4.143E-34	134	1.000	0.094
SALFA40234	AF-A0A3B5LRM8-F1-model_v4	0.900	80	8	MSVEEQGYPDAMMLLEAAPEWLRAEIERLSRELSETTNEKIQAAEYGLAVLEEKQQLKQQYDDLEIEYEAVRQELDQLKE	MSTEEQGYPEAMLLEAGPEWLRAEVERLSRELSETSSEKIQAAEYGLAVLEEKQQLKQQYDDLEVEYEAVRQELDQLKEAFGQAYTNHRKVAADGESREESLIQESACKEAYYEQRVLVLQNELRQTRNILTNTQSENERLVAISQEMKENGEMMELQRNQLRDDIKEYKFREGRLLQDYTELEEENISLQKQVSVLKQSQVEFEGLKHEIRRLEEDTQFLNSQLEDAIRLKEIAERQLGEALETIKTERELKTSLRKELSHYMNIGDTVYHSPLSISLDGLKFSDDVATEPNNDEALLGYENSFTKLANAINEDNRISTPKEELFCPVPSLVDDLLSELNISEIQKLKQQLMQMERDKVNLLSNLQDSQKQLEQANGALSEHQEKVNRLTENLNAIRKLQASKERQSALDNEKERDSHEDGDYYEVDINGPEILECKYKVAMSEAGELKEELKTLKAEYQACQSRYDEERSRLENDVRSLGDKLSNLEKTTFAEREEKAKLEKELRKLSDVAGESQGSLSVAQDELVTFSEELATLYNHVCMCNNETPNRVMLDFYKEGKGGRSSPEGRGRRSPILLTKGLFPEHGRTDLSDGTPSPVSSLPSPVSDHRREPMNIYNLVAIIRDQIKHLQLAVDRTTELSRQRVASLELGTMADKDKEACMEEILKLKSLLSTKREQIATLRTVLKANKQTAEVALANLKSKYENEKAMVTETMMKLRNELKALKEDAATFSSLRAMFATRCDEYVTQLEEMQRQLAAAEDEKKTLNSLLRMAIQQKLALTQRLEDLEFDHEQTRRGGNSGRSKARSKAAGTTATSNPHVSQSLTCSGSGRPELNNTMPNGILGGPAIFCSEKYKIYCD	1	80	1	79	4.143E-34	134	1.000	0.092
SALFA40234	AF-A0A667Z666-F1-model_v4	0.900	80	8	MSVEEQGYPDAMMLLEAAPEWLRAEIERLSRELSETTNEKIQAAEYGLAVLEEKQQLKQQYDDLEIEYEAVRQELDQLKE	MSVEEQRYSDAMLLRDAGPEWLRAEIERLSRELTETTNEKIQAAEYGLAVLEEKQQLKQQYDDLEIEYETVRQELDQLKEAFGQAYSNHRKVAADGESREESLIQESACKEAYYEQKVLELQTELRQARNILTNTQSENERLTTIAQDMRESSQVVELQRNQLRDDIKEYKFREARLLQDYTELEEENISLQKQVSMLKQSQVEFEGLKHEIRRLEEDTQFLNSQLEDAIRLKEIAERQLGEALETIKTERELKSSLRKELSHYMSIGDTLYHSPLSISLDGLKFSDDAATEPNNDEALHGYENGFSKLANAITEDNRISTPKKDELFRPVPSLVDDLLSELNISEIQKLKQQLMQMEREKVNLLSTLQDSQKQLEQANGALSEHQEKVNRLTENLNAIRKLQASKERQSALDNEKERDSHEDGDYYEVDINGPEILECKYKVAVSEAGELKEELKTLKAEYQSCQSRYDEERARLENDVTTLGEKLATLEKTSHAEREEKARLEKELRKVSDVAGESQGSLSVAQDELVTFSEELATLYNHVCMCNNETPNRVMLDFYKEGKGGRSSPEGRGRRSPILLTKGLFPEPGKTDLSDGAPSPVSSLPSPVSDHRREPMNIYNLVAIIRDQIKHLQLAVDRTTELSRQRMASLELGTVADKDKEACMEEILKLKSLLSTKREQIATLRTVLKANKQTAEVALANLKSKYENEKAMVTETMMKLRNELKALKEDAATFSSLRAMFATRCDEYVTQLDEMQRQLAAAEDEKKTLNSLLRMAIQQKLALTQRLEDLEFDHEQTRRGGSAGRAKGRSKAATSTANNPHVSQSVTCSGSGHPEHNNALPNGIIGGPMVFCSEKYKIYCD	1	80	1	80	4.143E-34	134	1.000	0.093
SALFA40234	AF-A0A3B3Z3K9-F1-model_v4	0.900	80	8	MSVEEQGYPDAMMLLEAAPEWLRAEIERLSRELSETTNEKIQAAEYGLAVLEEKQQLKQQYDDLEIEYEAVRQELDQLKE	MSTEEQGYPEAVLLEARPEWLRAEVERLSRELSETTSEKIQAAEYGLAVLEEKQQLKQQYDDLEVEYEAVRQELDQLKEAFGQAYTNHRKVAADGESREESLIQESACKEAYYEQRVLELQNELRQTRNILTNTQSENERLVAISQEMKENGEMVELQRNQLRDDIKEYKFREGRLLQDYTELEEENISLQKQVSALKQSQVEFEGLKHEIRRLEEDTQFLNSQLEDAIRLKEIAERQLGEALETIKTERELKTSLRKELSHYMNIGDTLYHSPLSISLDGLKFSDDAATEPNNDEALLGYENSFTKLANTINEDNRISTPNKEELFCPVPSLVDDLLSELNISEIQKLKQQLMQMEREKVNLLSNLQDSQKQLEQANGALSEHQEKVNRLTENLNAIRKLQASKERQSALDNEKERDSHEDGDYYEVDINGPEILECKYKVAVSEAGELKEELKTLKAEYQACQSRYDEERSRLENDVRSLGDKLSNLERTTFVEREEKAKLEKELRKLSDVAGESQGSLSVAQDELVTFSEELATLYNHVCMCNNETPNRVMLDFYKEGKGGRSSPEGRGRRSPILLTKGLFPEHGRADLSDGAPSPVSSLPSPVSDHRREPMNIYNLVAIIRDQIKHLQLAVDRTTELSRQRVASLELGTVADKDKEACMEEILKLKSLLSTKREQIATLRTVLKANKQTAEVALANLKSKYENEKAMVTETMMKLRNELKALKEDAATFSSLRAMFATRCDEYVTQLEEMQRQLAAAEDEKKTLNSLLRMAIQQKLALTQRLEDLEFDHEQTRRGGNSGRSKARSKAAGTTATSNPH	1	80	1	79	5.687E-34	134	1.000	0.096
SALFA40234	AF-A0A3B3Z4N9-F1-model_v4	0.900	80	8	MSVEEQGYPDAMMLLEAAPEWLRAEIERLSRELSETTNEKIQAAEYGLAVLEEKQQLKQQYDDLEIEYEAVRQELDQLKE	MSTEEQGYPEAVLLEARPEWLRAEVERLSRELSETTSEKIQAAEYGLAVLEEKQQLKQQYDDLEVEYEAVRQELDQLKEAFGQAYTNHRKVAADGESREESLIQESACKEAYYEQRVLELQNELRQTRNILTNTQSENERLVAISQEMKENGEMVELQRNQLRDDIKEYKFREGRLLQDYTELEEENISLQKQVSALKQSQVEFEGLKHEIRRLEEDTQFLNSQLEDAIRLKEIAERQLGEALETIKTERELKTSLRKELSHYMNIGDTLYHSPLSISLDGLKFSDDAATEPNNDEALLGYENSFTKLANTINEDNRISTPNKEELFCPVPSLVDDLLSELNISEIQKLKQQLMQMEREKVNLLSNLQDSQKQLEQANGALSEHQEKVNRLTENLNAIRKLQASKERQSALDNEKERDSHEDGDYYEVDINGPEILECKYKVAVSEAGELKEELKTLKAEYQACQSRYDEERSRLENDVRSLGDKLSNLERTTFVEREEKAKLEKELRKLSDVAGESQGSLSVAQDELVTFSEELATLYNHVCMCNNETPNRVMLDFYKEGKGGRSSPEGRGRRSPILLTKGLFPEHGRADLSDGAPSPVSSLPSPVSDHRREPMNIYNLVAIIRDQIKHLQLAVDRTTELSRQRVASLELGTVADKDKEACMEEILKLKSLLSTKREQIATLRTVLKANKQTAEVALANLKSKYENEKAMVTETMMKLRNELKALKEDAATFSSLRAMFATRCDEYVTQLEEMQRQLAAAEDEKKTLNSLLRMAIQQKLALTQRLEDLEFDHEQTRRGGNSGRSKARSKAAGTTATSNPHIVSSLLPQHHQSPFN	1	80	1	79	5.687E-34	134	1.000	0.094
SALFA40234	AF-A0A087YB49-F1-model_v4	0.900	80	8	MSVEEQGYPDAMMLLEAAPEWLRAEIERLSRELSETTNEKIQAAEYGLAVLEEKQQLKQQYDDLEIEYEAVRQELDQLKE	MSTEEQGYPEAVLLEARPEWLRAEVERLSRELSETTSEKIQAAEYGLAVLEEKQQLKQQYDDLEVEYEAVRQELDQLKEAFGQAYTNHRKVAADGESREESLIQESACKEAYYEQRVLELQNELRQTRNILTNTQSENERLVAISQEMKENGEMVELQRNQLRDDIKEYKFREGRLLQDYTELEEENISLQKQVSALKQSQVEFEGLKHEIRRLEEDTQFLNSQLEDAIRLKEIAERQLGEALETIKTERELKTSLRKELSHYMNIGDTLYHSPLSISLDGLKFSDDAATEPNNDEALLGYENSFTKLANTINEDNRISTPNKEELFCPVPSLVDDLLSELNISEIQKLKQQLMQMEREKVNLLSNLQDSQKQLEQANGALSEHQEKVNRLTENLNAIRKLQASKERQSALDNEKERDSHEDGDYYEVDINGPEILECKYKVAVSEAGELKEELKTLKAEYQACQSRYDEERSRLENDVRSLGDKLSNLERTTFVEREEKAKLEKELRKLSDVAGESQGSLSVAQDELVTFSEELATLYNHVCMCNNETPNRVMLDFYKEGKGGRSSPEGRGRRSPILLTKGLFPEHGRADLSDGAPSPVSSLPSPVSDHRREPMNIYNLVAIIRDQIKHLQLAVDRTTELSRQRVASLELGTVADKDKEACMEEILKLKSLLSTKREQIATLRTVLKANKQTAEVALANLKSKYENEKAMVTETMMKLRNELKALKEDAATFSSLRAMFATRCDEYVTQLEEMQRQLAAAEDEKKTLNSLLRMAIQQKLALTQRLEDLEFDHEQTRRGGNSGRSKARSKAAGTTATSNPHVSQTLTCSGSGRPELNNAMPNGILGGPAIFCSEKYKIYCD	1	80	1	79	5.687E-34	134	1.000	0.092
SALFA40234	AF-A0A096ME17-F1-model_v4	0.900	80	8	MSVEEQGYPDAMMLLEAAPEWLRAEIERLSRELSETTNEKIQAAEYGLAVLEEKQQLKQQYDDLEIEYEAVRQELDQLKE	MSTEEQGYPEAVLLEARPEWLRAEVERLSRELSETTSEKIQAAEYGLAVLEEKQQLKQQYDDLEVEYEAVRQELDQLKEAFGQAYTNHRKVAADGESREESLIQESACKEAYYEQRVLELQNELRQTRNILTNTQSENERLVAISQEMKEINKTNGEMVELQRNQLRDDIKEYKFREGRLLQDYTELEEENISLQKQVSALKQSQVEFEGLKHEIRRLEEDTQFLNSQLEDAIRLKEIAERQLGEALETIKTERELKTSLRKELSHYMNIGDTLYHSPLSISLDGLKFSDDAATEPNNDEALLGYENSFTKLANTINEDNRISTPNKEELFCPVPSLVDDLLSELNISEIQKLKQQLMQMEREKVNLLSNLQDSQKQLEQANGALSEHQEKVNRLTENLNAIRKLQASKERQSALDNEKERDSHEDGDYYEVDINGPEILECKYKVAVSEAGELKEELKTLKAEYQACQSRYDEERSRLENDVRSLGDKLSNLERTTFVEREEKAKLEKELRKLSDVAGESQGSLSVAQDELVTFSEELATLYNHVCMCNNETPNRVMLDFYKEGKGGRSSPEGRGRRSPILLTKGLFPEHGRADLSDGAPSPVSSLPSPVSDHRREPMNIYNLVAIIRDQIKHLQLAVDRTTELSRQRVASLELGTVADKDKEACMEEILKLKSLLSTKREQIATLRTVLKANKQTAEVALANLKSKYENEKAMVTETMMKLRNELKALKEDAATFSSLRAMFATRCDEYVTQLEEMQRQLAAAEDEKKTLNSLLRMAIQQKLALTQRLEDLEFDHEQTRRGGNSGRSKARSKAAGTTATSNPHVSQTLTCSGSGRPELNNAMPNGILGGPAIFCSEKYKIYCD	1	80	1	79	5.687E-34	134	1.000	0.091
