SALTR86773	AF-A0A673Z2V3-F1-model_v4	1.000	80	0	MSVEEQRYSETMLVLEAEPECLRAEIERISRELSETTHEKIQAAEYGLAVLEEKQQLKHQYDDLEIEYETVRQELDMLKE	MSVEEQRYSETMLVLEAEPECLRAEIERISRELSETTHEKIQAAEYGLAVLEEKQQLKHQYDDLEIEYETVRQELDMLKEAFGQAYSNHKKVAADGESREESLIQEAVCKEAYYEQRVLELQTELRQARNVLTNTQSENERLASIAQEMRENSQVVELQRTSLRDDIKEYKFREARLLQDYTELEEENISLQKQVSMLKQTQVEFEGLKHEIRRLEEDTQFLNSQLEDAIRLKEIAERQLGEALETIKTEREHKAALRKELSHYMSIGDSMYHSPLSISLDGLKFSDDAATEPNNDEALHGYENGFSKLANAIAEDNRAFAHKKGDLFRPVPSLVDDLLSELNISEIQKLKQQLLQMEREKVSLMSTLQDSQKQLEQAHGALEEHQEKVSRLSENLNAIRRLQASKERQSALDNEKERDSNDDGDYYEVDINGPEILECKYKVAVSEAGELKEELKTLKAEYQSCQSRYEEERGRLETDITALGEKLSSLEKTSRVEREEKAILAKELRKVSDVAGESQGSLNVAQDELVTFSEELATLYNHVCMCNNETPNRIMLDFYKEGKGGRTSPEGRGRRSPILLTKGLFPVPDAADSASSPISSSPSPREPMNVYNLVAIIRDQIKHLQLAVDRTTELSRQRVASLELGAVADKDKEACMEEILKLKSLLSTKREQIATLRTVLKANKQTAEVALANLKSKYENEKAMVTETMMKLRNELKALKEDAATFSSLRAMFATRCDEYVTQLDEMQRQLSAAEDEKKTLNSLLRMAIQQKLALTQRLEDLEFDTEQTRRGGKPKGAPKTTGV	1	80	1	80	1.310E-39	150	1.000	0.100
SALTR86773	AF-A0A673Z1E2-F1-model_v4	1.000	80	0	MSVEEQRYSETMLVLEAEPECLRAEIERISRELSETTHEKIQAAEYGLAVLEEKQQLKHQYDDLEIEYETVRQELDMLKE	MSVEEQRYSETMLVLEAEPECLRAEIERISRELSETTHEKIQAAEYGLAVLEEKQQLKHQYDDLEIEYETVRQELDMLKEAFGQAYSNHKKVAADGESREESLIQEAVCKEAYYEQRVLELQTELRQARNVLTNTQSENERLASIAQEMRENSQVVELQRTSLRDDIKEYKFREARLLQDYTELEEENISLQKQVSMLKQTQVEFEGLKHEIRRLEEDTQFLNSQLEDAIRLKEIAERQLGEALETIKTEREHKAALRKELSHYMSIGDSMYHSPLSISLDGLKFSDDAATEPNNDEALHGYENGFSKLANAIAEDNRAFAHKKGDLFRPVPSLVDDLLSELNISEIQKLKQQLLQMEREKVSLMSTLQDSQKQLEQAHGALEEHQEKVSRLSENLNAIRRLQASKERQSALDNEKERDSNDDGDYYEVDINGPEILECKYKVAVSEAGELKEELKTLKAEYQSCQSRYEEERGRLETDITALGEKLSSLEKTSRVEREEKAILAKELRKVSDVAGESQGSLNVAQDELVTFSEELATLYNHVCMCNNETPNRIMLDFYKEGKGGRTSPEGRGRRSPILLTKGLFPVPDAADSASSPISSSPSPREPMNVYNLVAIIRDQIKHLQLAVDRTTELSRQRVASLELGAVADKDKEACMEEILKLKSLLSTKREQIATLRTVLKANKQTAEVALANLKSKYENEKAMVTETMMKLRNELKALKEDAATFSSLRAMFATRCDEYVTQLDEMQRQLSAAEDEKKTLNSLLRMAIQQKLALTQRLEDLEFDTEQTRRGVHTYAYGHVRPLTPASVNA	1	80	1	80	1.310E-39	150	1.000	0.099
SALTR86773	AF-A0A673Z2D7-F1-model_v4	1.000	80	0	MSVEEQRYSETMLVLEAEPECLRAEIERISRELSETTHEKIQAAEYGLAVLEEKQQLKHQYDDLEIEYETVRQELDMLKE	MSVEEQRYSETMLVLEAEPECLRAEIERISRELSETTHEKIQAAEYGLAVLEEKQQLKHQYDDLEIEYETVRQELDMLKEAFGQAYSNHKKVAADGESREESLIQEAVCKEAYYEQRVLELQTELRQARNVLTNTQSENERLASIAQEMRENSQVVELQRTSLRDDIKEYKFREARLLQDYTELEEENISLQKQVSMLKQTQVEFEGLKHEIRRLEEDTQFLNSQLEDAIRLKEIAERQLGEALETIKTEREHKAALRKELSHYMSIGDSMYHSPLSISLDGLKFSDDAATEPNNDEALHGYENGFSKLANAIAEDNRAFAHKKGDLFRPVPSLVDDLLSELNISEIQKLKQQLLQMEREKVSLMSTLQDSQKQLEQAHGALEEHQEKVSRLSENLNAIRRLQASKERQSALDNEKERDSNDDGDYYEVDINGPEILECKYKVAVSEAGELKEELKTLKAEYQSCQSRYEEERGRLETDITALGEKLSSLEKTSRVEREEKAILAKELRKVSDVAGESQGSLNVAQDELVTFSEELATLYNHVCMCNNETPNRIMLDFYKEGKGGRTSPEGRGRRSPILLTKGLFPVPDAADSASSPISSSPSPREPMNVYNLVAIIRDQIKHLQLAVDRTTELSRQRVASLELGAVADKDKEACMEEILKLKSLLSTKREQIATLRTVLKANKQTAEVALANLKSKYENEKAMVTETMMKLRNELKALKEDAATFSSLRAMFATRCDEYVTQLDEMQRQLSAAEDEKKTLNSLLRMAIQQKLALTQRLEDLEFDTEQTRRGGKPKGLSQPQQPTDQSGCSLMFT	1	80	1	80	1.310E-39	150	1.000	0.098
SALTR86773	AF-A0A673Z270-F1-model_v4	1.000	80	0	MSVEEQRYSETMLVLEAEPECLRAEIERISRELSETTHEKIQAAEYGLAVLEEKQQLKHQYDDLEIEYETVRQELDMLKE	MSVEEQRYSETMLVLEAEPECLRAEIERISRELSETTHEKIQAAEYGLAVLEEKQQLKHQYDDLEIEYETVRQELDMLKEAFGQAYSNHKKVAADGESREESLIQEAVCKEAYYEQRVLELQTELRQARNVLTNTQSENERLASIAQEMRENSQVVELQRTSLRDDIKEYKFREARLLQDYTELEEENISLQKQVSMLKQTQVEFEGLKHEIRRLEEDTQFLNSQLEDAIRLKEIAERQLGEALETIKTEREHKAALRKELSHYMSIGDSMYHSPLSISLDGLKFSDDAATEPNNDEALHGYENGFSKLANAIAEDNRAFAHKKGDLFRPVPSLVDDLLSELNISEIQKLKQQLLQMEREKVSLMSTLQDSQKQLEQAHGALEEHQEKVSRLSENLNAIRRLQASKERQSALDNEKERDSNDDGDYYEVDINGPEILECKYKVAVSEAGELKEELKTLKAEYQSCQSRYEEERGRLETDITALGEKLSSLEKTSRVEREEKAILAKELRKVSDVAGESQGSLNVAQDELVTFSEELATLYNHVCMCNNETPNRIMLDFYKEGKGGRTSPEGRGRRSPILLTKGLFPVPDAADSASSPISSSPSPREPMNVYNLVAIIRDQIKHLQLAVDRTTELSRQRVASLELGAVADKDKEACMEEILKLKSLLSTKREQIATLRTVLKANKQTAEVALANLKSKYENEKAMVTETMMKLRNELKALKEDAATFSSLRAMFATRCDEYVTQLDEMQRQLSAAEDEKKTLNSLLRMAIQQKLALTQRLEDLEFDTEQTRRGGKPKGRTTNGRTTNGQTNTANNPH	1	80	1	80	1.310E-39	150	1.000	0.098
SALTR86773	AF-A0A673Z1X5-F1-model_v4	1.000	80	0	MSVEEQRYSETMLVLEAEPECLRAEIERISRELSETTHEKIQAAEYGLAVLEEKQQLKHQYDDLEIEYETVRQELDMLKE	MSVEEQRYSETMLVLEAEPECLRAEIERISRELSETTHEKIQAAEYGLAVLEEKQQLKHQYDDLEIEYETVRQELDMLKEAFGQAYSNHKKVAADGESREESLIQEAVCKEAYYEQRVLELQTELRQARNVLTNTQSENERLASIAQEMRENSQVVELQRTSLRDDIKEYKFREARLLQDYTELEEENISLQKQVSMLKQTQVEFEGLKHEIRRLEEDTQFLNSQLEDAIRLKEIAERQLGEALETIKTEREHKAALRKELSHYMSIGDSMYHSPLSISLDGLKFSDDAATEPNNDEALHGYENGFSKLANAIAEDNRAFAHKKGDLFRPVPSLVDDLLSELNISEIQKLKQQLLQMEREKVSLMSTLQDSQKQLEQAHGALEEHQEKVSRLSENLNAIRRLQASKERQSALDNEKERDSNDDGDYYEVDINGPEILECKYKVAVSEAGELKEELKTLKAEYQSCQSRYEEERGRLETDITALGEKLSSLEKTSRVEREEKAILAKELRKVSDVAGESQGSLNVAQDELVTFSEELATLYNHVCMCNNETPNRIMLDFYKEGKGGRTSPEGRGRRSPILLTKGLFPVPDAADSASSPISSSPSPREPMNVYNLVAIIRDQIKHLQLAVDRTTELSRQRVASLELGAVADKDKEACMEEILKLKSLLSTKREQIATLRTVLKANKQTAEVALANLKSKYENEKAMVTETMMKLRNELKALKEDAATFSSLRAMFATRCDEYVTQLDEMQRQLSAAEDEKKTLNSLLRMAIQQKLALTQRLEDLEFDTEQTRRGGKPKGRTTNGRTTNGPVVFCSEKYKIYCD	1	80	1	80	1.310E-39	150	1.000	0.097
SALTR86773	AF-A0A673Z2A4-F1-model_v4	1.000	80	0	MSVEEQRYSETMLVLEAEPECLRAEIERISRELSETTHEKIQAAEYGLAVLEEKQQLKHQYDDLEIEYETVRQELDMLKE	MSVEEQRYSETMLVLEAEPECLRAEIERISRELSETTHEKIQAAEYGLAVLEEKQQLKHQYDDLEIEYETVRQELDMLKEAFGQAYSNHKKVAADGESREESLIQEAVCKEAYYEQRVLELQTELRQARNVLTNTQSENERLASIAQEMRENSQVVELQRTSLRDDIKEYKFREARLLQDYTELEEENISLQKQVSMLKQTQVEFEGLKHEIRRLEEDTQFLNSQLEDAIRLKEIAERQLGEALETIKTEREHKAALRKELSHYMSIGDSMYHSISLDGLKFSDDAATEPNNDEALHGYENGFSKLANAIAEDNRAFAHKKGDLFRPVPSLVDDLLSELNISEIQKLKQQLLQMEREKVSLMSTLQDSQKQLEQAHGALEEHQEKVSRLSENLNAIRRLQASKERQSALDNEKERDSNDDGDYYEVDINGPEILECKYKVAVSEAGELKEELKTLKAEYQSCQSRYEEERGRLETDITALGEKLSSLEKTSRVEREEKAILAKELRKVSDVAGESQGSLNVAQDELVTFSEELATLYNHVCMCNNETPNRIMLDFYKEGKGGRTSPEGRGRRSPILLTKGLFPVPDAADSASSPISSSPSPREPMNVYNLVAIIRDQIKHLQLAVDRTTELSRQRVASLELGAVADKDKEACMEEILKLKSLLSTKREQIATLRTVLKANKQTAEVALANLKSKYENEKAMVTETMMKLRNELKALKEDAATFSSLRAMFATRCDEYVTQLDEMQRQLSAAEDEKKTLNSLLRMAIQQKLALTQRLEDLEFDTEQTRRGGKPKGRTTNGRTTNGQTNTANNPHVSHGLTCAGIGRPSEPNIMPNGILGGPVVFCSENTCTCATGLYI	1	80	1	80	1.310E-39	150	1.000	0.093
SALTR86773	AF-A0A060X1A5-F1-model_v4	0.975	80	2	MSVEEQRYSETMLVLEAEPECLRAEIERISRELSETTHEKIQAAEYGLAVLEEKQQLKHQYDDLEIEYETVRQELDMLKE	MSVEEQRYSETMLVLEAEPECLRAEIERLSRELSETTHEKIQAAEYGLAVLEEKQQLKHQYDDLEIEYETVRQELDVLKEAFGQAYSNHKKVAADGESREESLIQEAVCKEAYYEQRVLELQTELRQARNVLTNTQSENERLASIAQEMRENSQVVELQRTSLRDDIKEYKFREARLLQDYTELEEENISLQKQVSMLKQTQVEFEGLKHEIRRLEEDTQFLNSQLEDAIRLKEIAERQLGEALETIKTEREHKAALRKELSHYMSIGDSMYHSPLSISLDGLKFSDDAATEPNNDEALHGYENGFSKLANAIAEDNRAFAHKKGDLFRPVPSLVDDLLSELNISEIQKLKQQLLQMEREKVSLMSTLQDSQKQLEQAHGALEEHQEKVSRLSENLNAIRRLQASKERQSALDNEKERDSNDDGDYYEVDINGPEILECKYKVAVSEAGELKEELKTLKAEYQSCQSRHEEERGRLETDVTALGEKLSSLEKTSRVEREEKAVLAKELRKVSDVAGESQGSLNVAQDELVTFSEELATLYNHVCMCNNETPNRVMLDFYKEGKGGRTSPEGRGRRSPILLTKGLFPVPDAADSALSPVSSSPLPREPMNVYNLVAIIRDQIKHLQLAVDRTTELSRQRVASLELGAVADKDMEACMEEILKLKSLLSTKREQIATLRTVLKANKQTAEVALANLKSKYENEKAMVTETMMKLRNELKALKEDAATFSSLRAMFATRCDEYVTQLDEMQRQLSAAEDEKKTLNSLLRMAIQQKLALTQRLEDLEFDTEQTRRGGKPKGRTTNGRTTNGQTNTANNPHSFNSARRRFLRHRILSQCRCHIHCAENR	1	80	1	80	8.754E-39	147	1.000	0.095
SALTR86773	AF-A0A1S3MCK0-F1-model_v4	0.975	80	2	MSVEEQRYSETMLVLEAEPECLRAEIERISRELSETTHEKIQAAEYGLAVLEEKQQLKHQYDDLEIEYETVRQELDMLKE	MSVEEQRYSETMLVLEAEPECLRAEIERLSRELSETTHEKIQAAEYGLAVLEEKQQLQHQYDDLEIEYETVRQELDMLKEGSSALKQPSVSECPLCQPPLPAPGSVTVIGMAFGQAYSNHKKVAADGESREESLIQEAVCKEAYYEQRVLELQTELRQARNVLTNTQSENERLASIAQEMRENSQVVELQRTSLRDDIKEYKFREARLLQDYTELEEENISLQKQVSMLKQTQVEFEGLKHEIRRLEEDTQFLNSQLEDAIRLKEIAERQLGEALETIKTEREHKAALRKELSHYMSIGDSMYHSPLSISLDGLKFSDDAATEPNNDEALHGYENGFSKLANAIAEDNRAFAHKKGDLFRPVPSLVDDLLSELNISEIQKLKQQLLQMEREKVSLMSTLQDSQKQLEQAHGALEEHQEKVSRLSENLNAIRRLQASKERQSALDNEKERDSNDDGDYYEVDINGPEILECKYKVAVSEAGELKEELKTLKAEYQSCQSRYEEERGRLETDVTALGEKLSSLEKTSRVEREEKAILVKELRKVSDVAGESQGSLNVAQDELVTFSEELATLYNHVCMCNNETPNRIMLDFYKEGKGGRTSPEGRGRRSPILLTKGLFPVPDAADSASSPVSSSPSPREPMNVYNLVAIIRDQIKHLQLAVDRTTELSRQRVASLELGAVADKDKEACMEEILKLKSLLSTKREQIATLRTVLKANKQTAEVALANLKSKYENEKAMVTETMMKLRNELKALKEDAATFSSLRAMFATRCDEYVTQLDEMQRQLSAAEDEKKTLNSLLRMAIQQKLALTQRLEDLEFDTEQTRRGGKPKGRTTNGRTTNGQTNTANNPH	1	80	1	80	8.754E-39	147	1.000	0.094
SALTR86773	AF-A0A1S3MD85-F1-model_v4	0.975	80	2	MSVEEQRYSETMLVLEAEPECLRAEIERISRELSETTHEKIQAAEYGLAVLEEKQQLKHQYDDLEIEYETVRQELDMLKE	MSVEEQRYSETMLVLEAEPECLRAEIERLSRELSETTHEKIQAAEYGLAVLEEKQQLQHQYDDLEIEYETVRQELDMLKEAFGQAYSNHKKVAADGESREESLIQEAVCKEAYYEQRVLELQTELRQARNVLTNTQSENERLASIAQEMRENSQVVELQRTSLRDDIKEYKFREARLLQDYTELEEENISLQKQVSMLKQTQVEFEGLKHEIRRLEEDTQFLNSQLEDAIRLKEIAERQLGEALETIKTEREHKAALRKELSHYMSIGDSMYHSPLSISLDGLKFSDDAATEPNNDEALHGYENGFSKLANAIAEDNRAFAHKKGDLFRPVPSLVDDLLSELNISEIQKLKQQLLQMEREKVSLMSTLQDSQKQLEQAHGALEEHQEKVSRLSENLNAIRRLQASKERQSALDNEKERDSNDDGDYYEVDINGPEILECKYKVAVSEAGELKEELKTLKAEYQSCQSRYEEERGRLETDVTALGEKLSSLEKTSRVEREEKAILVKELRKVSDVAGESQGSLNVAQDELVTFSEELATLYNHVCMCNNETPNRIMLDFYKEGKGGRTSPEGRGRRSPILLTKGLFPVPDAADSASSPVSSSPSPREPMNVYNLVAIIRDQIKHLQLAVDRTTELSRQRVASLELGAVADKDKEACMEEILKLKSLLSTKREQIATLRTVLKANKQTAEVALANLKSKYENEKAMVTETMMKLRNELKALKEDAATFSSLRAMFATRCDEYVTQLDEMQRQLSAAEDEKKTLNSLLRMAIQQKLALTQRLEDLEFDTEQTRRGGKPKGRTTNGRTTNGQTNTANNPHVSHGLTCAGIGRPSEPNIMPNGILGGPVVFCSEKYKIYCD	1	80	1	80	8.754E-39	147	1.000	0.093
SALTR86773	AF-A0A1S3MCV5-F1-model_v4	0.975	80	2	MSVEEQRYSETMLVLEAEPECLRAEIERISRELSETTHEKIQAAEYGLAVLEEKQQLKHQYDDLEIEYETVRQELDMLKE	MSVEEQRYSETMLVLEAEPECLRAEIERLSRELSETTHEKIQAAEYGLAVLEEKQQLQHQYDDLEIEYETVRQELDMLKEGSSALKQPSVSECPLCQPPLPAPGSVTVIGMAFGQAYSNHKKVAADGESREESLIQEAVCKEAYYEQRVLELQTELRQARNVLTNTQSENERLASIAQEMRENSQVVELQRTSLRDDIKEYKFREARLLQDYTELEEENISLQKQVSMLKQTQVEFEGLKHEIRRLEEDTQFLNSQLEDAIRLKEIAERQLGEALETIKTEREHKAALRKELSHYMSIGDSMYHSPLSISLDGLKFSDDAATEPNNDEALHGYENGFSKLANAIAEDNRAFAHKKGDLFRPVPSLVDDLLSELNISEIQKLKQQLLQMEREKVSLMSTLQDSQKQLEQAHGALEEHQEKVSRLSENLNAIRRLQASKERQSALDNEKERDSNDDGDYYEVDINGPEILECKYKVAVSEAGELKEELKTLKAEYQSCQSRYEEERGRLETDVTALGEKLSSLEKTSRVEREEKAILVKELRKVSDVAGESQGSLNVAQDELVTFSEELATLYNHVCMCNNETPNRIMLDFYKEGKGGRTSPEGRGRRSPILLTKGLFPVPDAADSASSPVSSSPSPREPMNVYNLVAIIRDQIKHLQLAVDRTTELSRQRVASLELGAVADKDKEACMEEILKLKSLLSTKREQIATLRTVLKANKQTAEVALANLKSKYENEKAMVTETMMKLRNELKALKEDAATFSSLRAMFATRCDEYVTQLDEMQRQLSAAEDEKKTLNSLLRMAIQQKLALTQRLEDLEFDTEQTRRGGKPKGRTTNGRTTNGQTNTANNPHIVSSLLALQRHSPFK	1	80	1	80	8.754E-39	147	1.000	0.093
SALTR86773	AF-A0A1S3MCJ6-F1-model_v4	0.975	80	2	MSVEEQRYSETMLVLEAEPECLRAEIERISRELSETTHEKIQAAEYGLAVLEEKQQLKHQYDDLEIEYETVRQELDMLKE	MSVEEQRYSETMLVLEAEPECLRAEIERLSRELSETTHEKIQAAEYGLAVLEEKQQLQHQYDDLEIEYETVRQELDMLKEGSSALKQPSVSECPLCQPPLPAPGSVTVIGMAFGQAYSNHKKVAADGESREESLIQEAVCKEAYYEQRVLELQTELRQARNVLTNTQSENERLASIAQEMRENSQVVELQRTSLRDDIKEYKFREARLLQDYTELEEENISLQKQVSMLKQTQVEFEGLKHEIRRLEEDTQFLNSQLEDAIRLKEIAERQLGEALETIKTEREHKAALRKELSHYMSIGDSMYHSPLSISLDGLKFSDDAATEPNNDEALHGYENGFSKLANAIAEDNRAFAHKKGDLFRPVPSLVDDLLSELNISEIQKLKQQLLQMEREKVSLMSTLQDSQKQLEQAHGALEEHQEKVSRLSENLNAIRRLQASKERQSALDNEKERDSNDDGDYYEVDINGPEILECKYKVAVSEAGELKEELKTLKAEYQSCQSRYEEERGRLETDVTALGEKLSSLEKTSRVEREEKAILVKELRKVSDVAGESQGSLNVAQDELVTFSEELATLYNHVCMCNNETPNRIMLDFYKEGKGGRTSPEGRGRRSPILLTKGLFPVPDAADSASSPVSSSPSPREPMNVYNLVAIIRDQIKHLQLAVDRTTELSRQRVASLELGAVADKDKEACMEEILKLKSLLSTKREQIATLRTVLKANKQTAEVALANLKSKYENEKAMVTETMMKLRNELKALKEDAATFSSLRAMFATRCDEYVTQLDEMQRQLSAAEDEKKTLNSLLRMAIQQKLALTQRLEDLEFDTEQTRRGGKPKGRTTNGRTTNGQTNTANNPHVSHGLTCAGIGRPSEPNIMPNGILGGPVVFCSEKYKIYCD	1	80	1	80	8.754E-39	147	1.000	0.090
SALTR86773	AF-A0A4W5MWJ7-F1-model_v4	0.962	80	3	MSVEEQRYSETMLVLEAEPECLRAEIERISRELSETTHEKIQAAEYGLAVLEEKQQLKHQYDDLEIEYETVRQELDMLKE	MSVEEQRCSETMLVLEAEPECLRAEVERLSRELSETTHEKIQAAEYGLAVLEEKQQLKHQYDDLEIEYETVRQELDMLKEAFGQAYSNHKKVAADGESREESLIQEAVCKEAYYEQRVLELQTELRQARNVLTNTQSENERLASIAQEMRENSQVVELQRTSLRDDIKEYKFREARLLQDYTELEEENISLQKQVSMLKQTQVEFEGLKHEIRRLEEDTQFLNSQLEDAIRLKEIAERQLGEALETIKTEREHKAALRKELSHYMSIGDSMYHSPLSISLDGLKFSDDAATEPNNDEALHGYENGFSKLANAIAEDNRAFAPKKGDLLRPVPSLVDDLLSELNISEIQKLKQQLLQMEREKVSLMSTLQDSQKQLEQAHGALEEHQEKVSRLSENLNAIRRLQASKERQSALDNEKERDSNDDGDYYEVDINGPEILECKYKVAVSEAGELKEELKTLKAEYQSCQSRYEEERGRLETDVTALGEKLSSLEKTSRVEREEKAILAKELRKVSDVAGESQGSLSVAQDELVTFSEELATLYNHVCMCNNETPNRIMLDFYKEGKGGRTSPEGRGRRSPILLTKGLFPVPDAADSASSPVSSSPSPREPMNVYNLVAIIRDQIKHLQLAVDRTTELSRQRVASLELGAVADKDKEACMEEILKLKSLLSTKREQIATLRTVLKANKQTAEVALANLKSKYENEKAMVTETMMKLRNELKALKEDAATFSSLRAMFATRCDEYVTQLDEMQRQLSAAEDEKKTLNSLLRMAIQQKLALTQRLEDLEFDTEQTRRGGKPKGAPKTTGV	1	80	1	80	5.849E-38	145	1.000	0.100
SALTR86773	AF-A0A4W5MUU9-F1-model_v4	0.962	80	3	MSVEEQRYSETMLVLEAEPECLRAEIERISRELSETTHEKIQAAEYGLAVLEEKQQLKHQYDDLEIEYETVRQELDMLKE	MSVEEQRCSETMLVLEAEPECLRAEVERLSRELSETTHEKIQAAEYGLAVLEEKQQLKHQYDDLEIEYETVRQELDMLKEAFGQAYSNHKKVAADGESREESLIQEAVCKEAYYEQRVLELQTELRQARNVLTNTQSENERLASIAQEMRENSQVVELQRTSLRDDIKEYKFREARLLQDYTELEEENISLQKQVSMLKQTQVEFEGLKHEIRRLEEDTQFLNSQLEDAIRLKEIAERQLGEALETIKTEREHKAALRKELSHYMSIGDSMYHSPLSISLDGLKFSDDAATEPNNDEALHGYENGFSKLANAIAEDNRAFAPKKGDLLRPVPSLVDDLLSELNISEIQKLKQQLLQMEREKVSLMSTLQDSQKQLEQAHGALEEHQEKVSRLSENLNAIRRLQASKERQSALDNEKERDSNDDGDYYEVDINGPEILECKYKVAVSEAGELKEELKTLKAEYQSCQSRYEEERGRLETDVTALGEKLSSLEKTSRVEREEKAILAKELRKVSDVAGESQGSLSVAQDELVTFSEELATLYNHVCMCNNETPNRIMLDFYKEGKGGRTSPEGRGRRSPILLTKGLFPVPDAADSASSPVSSSPSPREPMNVYNLVAIIRDQIKHLQLAVDRTTELSRQRVASLELGAVADKDKEACMEEILKLKSLLSTKREQIATLRTVLKANKQTAEVALANLKSKYENEKAMVTETMMKLRNELKALKEDAATFSSLRAMFATRCDEYVTQLDEMQRQLSAAEDEKKTLNSLLRMAIQQKLALTQRLEDLEFDTEQTRRGGKPKGRTTNGRTTNGQINTANNPH	1	80	1	80	5.849E-38	145	1.000	0.098
SALTR86773	AF-A0A4W5MWF0-F1-model_v4	0.962	80	3	MSVEEQRYSETMLVLEAEPECLRAEIERISRELSETTHEKIQAAEYGLAVLEEKQQLKHQYDDLEIEYETVRQELDMLKE	MSVEEQRCSETMLVLEAEPECLRAEVERLSRELSETTHEKIQAAEYGLAVLEEKQQLKHQYDDLEIEYETVRQELDMLKEAFGQAYSNHKKVAADGESREESLIQEAVCKEAYYEQRVLELQTELRQARNVLTNTQSENERLASIAQEMRENSQVVELQRTSLRDDIKEYKFREARLLQDYTELEEENISLQKQVSMLKQTQVEFEGLKHEIRRLEEDTQFLNSQLEDAIRLKEIAERQLGEALETIKTEREHKAALRKELSHYMSIGDSMYHSPLSISLDGLKFSDDAATEPNNDEALHGYENGFSKLANAIAEDNRAFAPKKGDLLRPVPSLVDDLLSELNISEIQKLKQQLLQMEREKVSLMSTLQDSQKQLEQAHGALEEHQEKVSRLSENLNAIRRLQASKERQSALDNEKERDSNDDGDYYEVDINGPEILECKYKVAVSEAGELKEELKTLKAEYQSCQSRYEEERGRLETDVTALGEKLSSLEKTSRVEREEKAILAKELRKVSDVAGESQGSLSVAQDELVTFSEELATLYNHVCMCNNETPNRIMLDFYKEGKGGRTSPEGRGRRSPILLTKGLFPVPDAADSASSPVSSSPSPREPMNVYNLVAIIRDQIKHLQLAVDRTTELSRQRVASLELGAVADKDKEACMEEILKLKSLLSTKREQIATLRTVLKANKQTAEVALANLKSKYENEKAMVTETMMKLRNELKALKEDAATFSSLRAMFATRCDEYVTQLDEMQRQLSAAEDEKKTLNSLLRMAIQQKLALTQRLEDLEFDTEQTRRGGKPKGRTTNGRTTNGQINTANNPHIVRSLLALQRHSPFK	1	80	1	80	5.849E-38	145	1.000	0.096
SALTR86773	AF-A0A060XPA9-F1-model_v4	0.900	80	8	MSVEEQRYSETMLVLEAEPECLRAEIERISRELSETTHEKIQAAEYGLAVLEEKQQLKHQYDDLEIEYETVRQELDMLKE	MSVEDQRYSDAMRVLEAGPEWLRAEIERLSRELSETTHEKIQAAEYGLAVLEEKQQLKQQYDDLEIEYETVRQELDMLKEAFGQVYSNHKKVAADGESREESLIQEAVCKEAYYEQRVLELQTELRQARNVLTNTQSENERLASITQEMRENIQVVELQRTRLRDDIKEYKFREARLLQDYTELEEENISFQKQVSGLKQTQVEFEGLKHEIRRLEEDTQFLNSQLEDAIRLKEIAERQLGEALETIKTECEQKAALRKELSHYMSIGDSMYHSPLSISLDGLKFSDDAGTEPNNDEALQGYENGFSKLANAITEDNRASTPKKGDLFRPVPSLVDDLLSELNISEIQKLKQQLLQVHRQLI	1	80	1	80	2.018E-33	132	1.000	0.221
SALTR86773	AF-A0A673X2L9-F1-model_v4	0.900	80	8	MSVEEQRYSETMLVLEAEPECLRAEIERISRELSETTHEKIQAAEYGLAVLEEKQQLKHQYDDLEIEYETVRQELDMLKE	MSVEDQRYSDAMRVLEAGPEWLRAEIERLSRELSETTHEKIQAAEYGLAVLEEKQQLKQQYDDLEIEYETVRQELDMLKEAFGQVYSNHKKVAADGESREESLIQEAVCKEAYYEQRVLELQTELRQARNVLTNTQSENERLASITQEMRENIQVVELQRTRLRDDIKEYKFREARLLQDYTELEEENISLQKQVSGLKQTQVEFEGLKHEIRRLEEDTQFLNSQLEDAIRLKEIAERQLGEALETIKTECEQKAALRKELSHYMSIGDSMYHSPLSISLDGLKFSDDAATEPNNDEALHGYENGFSKLANAIAEDNRASTPNKGDLFRPVPSLVDDLLSELNISEIQKLKQQLLQMEREKVSLVSTLQDSQKQLEQAHGALEEHQDKVSRLTENLNAIRRLQASKERQSALDNEKERDSNEDGDYYEVDINGPEILECKYKVAVSEAGELKEELKTLKAEYQSCQSHYEEERGHLESHVTALGEKLASLEKTSHVEREEKARLEKELRKVSDVAGESQGSLSVAQDELVTFSEELATLYNHVCMCNNQTPNRVMLDFYKQGKGGRTSPEGRGRRSPILLTKGLFPVPEAADSAPSPVSSPPSPREPMNVYNLVAIIRDQIKHLQLAVDRTTELSRQRMASLELGTVADKDKEACMGEILKLKSLLSTKREQIATLRTVLKANKQTAEVALANLKSKYENEKAMVTETMMKLRNELKALKEDAATFSSLRAMFATRCDEYVTQLDEMQRQLSAAEDEKKTLNSLLRMAIQQKLALTQRLEDLEFDTEQTRRGGKPRVKTTNAPCLPSL	1	80	1	80	2.018E-33	132	1.000	0.099
SALTR86773	AF-A0A673WUC3-F1-model_v4	0.900	80	8	MSVEEQRYSETMLVLEAEPECLRAEIERISRELSETTHEKIQAAEYGLAVLEEKQQLKHQYDDLEIEYETVRQELDMLKE	MSVEDQRYSDAMRVLEAGPEWLRAEIERLSRELSETTHEKIQAAEYGLAVLEEKQQLKQQYDDLEIEYETVRQELDMLKEAFGQVYSNHKKVAADGESREESLIQEAVCKEAYYEQRVLELQTELRQARNVLTNTQSENERLASITQEMRENIQVVELQRTRLRDDIKEYKFREARLLQDYTELEEENISLQKQVSGLKQTQVEFEGLKHEIRRLEEDTQFLNSQLEDAIRLKEIAERQLGEALETIKTECEQKAALRKELSHYMSIGDSMYHSPLSISLDGLKFSDDAATEPNNDEALHGYENGFSKLANAIAEDNRASTPNKGDLFRPVPSLVDDLLSELNISEIQKLKQQLLQMEREKVSLVSTLQDSQKQLEQAHGALEEHQDKVSRLTENLNAIRRLQASKERQSALDNEKERDSNEDGDYYEVDINGPEILECKYKVAVSEAGELKEELKTLKAEYQSCQSHYEEERGHLESHVTALGEKLASLEKTSHVEREEKARLEKELRKVSDVAGESQGSLSVAQDELVTFSEELATLYNHVCMCNNQTPNRVMLDFYKQGKGGRTSPEGRGRRSPILLTKGLFPVPEAADSAPSPVSSPPSPREPMNVYNLVAIIRDQIKHLQLAVDRTTELSRQRMASLELGTVADKDKEACMGEILKLKSLLSTKREQIATLRTVLKANKQTAEVALANLKSKYENEKAMVTETMMKLRNELKALKEDAATFSSLRAMFATRCDEYVTQLDEMQRQLSAAEDEKKTLNSLLRMAIQQKLALTQRLEDLEFDTEQTRRGGKPRPAPTTQSGCSLMFT	1	80	1	80	2.018E-33	132	1.000	0.099
SALTR86773	AF-A0A673X2Q0-F1-model_v4	0.900	80	8	MSVEEQRYSETMLVLEAEPECLRAEIERISRELSETTHEKIQAAEYGLAVLEEKQQLKHQYDDLEIEYETVRQELDMLKE	MSVEDQRYSDAMRVLEAGPEWLRAEIERLSRELSETTHEKIQAAEYGLAVLEEKQQLKQQYDDLEIEYETVRQELDMLKEAFGQVYSNHKKVAADGESREESLIQEAVCKEAYYEQRVLELQTELRQARNVLTNTQSENERLASITQEMRENIQVVELQRTRLRDDIKEYKFREARLLQDYTELEEENISLQKQVSGLKQTQVEFEGLKHEIRRLEEDTQFLNSQLEDAIRLKEIAERQLGEALETIKTECEQKAALRKELSHYMSIGDSMYHSPLSISLDGLKFSDDAATEPNNDEALHGYENGFSKLANAIAEDNRASTPNKGDLFRPVPSLVDDLLSELNISEIQKLKQQLLQMEREKVSLVSTLQDSQKQLEQAHGALEEHQDKVSRLTENLNAIRRLQASKERQSALDNEKERDSNEDGDYYEVDINGPEILECKYKVAVSEAGELKEELKTLKAEYQSCQSHYEEERGHLESHVTALGEKLASLEKTSHVEREEKARLEKELRKVSDVAGESQGSLSVAQDELVTFSEELATLYNHVCMCNNQTPNRVMLDFYKQGKGGRTSPEGRGRRSPILLTKGLFPVPEAADSAPSPVSSPPSPREPMNVYNLVAIIRDQIKHLQLAVDRTTELSRQRMASLELGTVADKDKEACMGEILKLKSLLSTKREQIATLRTVLKANKQTAEVALANLKSKYENEKAMVTETMMKLRNELKALKEDAATFSSLRAMFATRCDEYVTQLDEMQRQLSAAEDEKKTLNSLLRMAIQQKLALTQRLEDLEFDTEQTRRGGKPRPNTMPNCIRGGPVVFCSEKYKIYCD	1	80	1	80	2.018E-33	132	1.000	0.097
SALTR86773	AF-A0A673WUH5-F1-model_v4	0.900	80	8	MSVEEQRYSETMLVLEAEPECLRAEIERISRELSETTHEKIQAAEYGLAVLEEKQQLKHQYDDLEIEYETVRQELDMLKE	MSVEDQRYSDAMRVLEAGPEWLRAEIERLSRELSETTHEKIQAAEYGLAVLEEKQQLKQQYDDLEIEYETVRQELDMLKEAFGQVYSNHKKVAADGESREESLIQEAVCKEAYYEQRVLELQTELRQARNVLTNTQSENERLASITQEMRENIQVVELQRTRLRDDIKEYKFREARLLQDYTELEEENISLQKQVSGLKQTQVEFEGLKHEIRRLEEDTQFLNSQLEDAIRLKEIAERQLGEALETIKTECEQKAALRKELSHYMSIGDSMYHSPLSISLDGLKFSDDAATEPNNDEALHGYENGFSKLANAIAEDNRASTPNKGDLFRPVPSLVDDLLSELNISEIQKLKQQLLQMEREKVSLVSTLQDSQKQLEQAHGALEEHQDKVSRLTENLNAIRRLQASKERQSALDNEKERDSNEDGDYYEVDINGPEILECKYKVAVSEAGELKEELKTLKAEYQSCQSHYEEERGHLESHVTALGEKLASLEKTSHVEREEKARLEKELRKVSDVAGESQGSLSVAQDELVTFSEELATLYNHVCMCNNQTPNRVMLDFYKQGKGGRTSPEGRGRRSPILLTKGLFPVPEAADSAPSPVSSPPSPREPMNVYNLVAIIRDQIKHLQLAVDRTTELSRQRMASLELGTVADKDKEACMGEILKLKSLLSTKREQIATLRTVLKANKQTAEVALANLKSKYENEKAMVTETMMKLRNELKALKEDAATFSSLRAMFATRCDEYVTQLDEMQRQLSAAEDEKKTLNSLLRMAIQQKLALTQRLEDLEFDTEQTRRGGKPRTNAANNPRISHGLTCAGIGRPVVFCSEKYKIYCD	1	80	1	80	2.018E-33	132	1.000	0.096
SALTR86773	AF-A0A673X2M5-F1-model_v4	0.900	80	8	MSVEEQRYSETMLVLEAEPECLRAEIERISRELSETTHEKIQAAEYGLAVLEEKQQLKHQYDDLEIEYETVRQELDMLKE	MSVEDQRYSDAMRVLEAGPEWLRAEIERLSRELSETTHEKIQAAEYGLAVLEEKQQLKQQYDDLEIEYETVRQELDMLKEAFGQVYSNHKKVAADGESREESLIQEAVCKEAYYEQRVLELQTELRQARNVLTNTQSENERLASITQEMRENIQVVELQRTRLRDDIKEYKFREARLLQDYTELEEENISLQKQVSGLKQTQVEFEGLKHEIRRLEEDTQFLNSQLEDAIRLKEIAERQLGEALETIKTECEQKAALRKELSHYMSIGDSMYHSPLSISLDGLKFSDDAATEPNNDEALHGYENGFSKLANAIAEDNRASTPNKGDLFRPVPSLVDDLLSELNISEIQKLKQQLLQMEREKVSLVSTLQDSQKQLEQAHGALEEHQDKVSRLTENLNAIRRLQASKERQSALDNEKERDSNEDGDYYEVDINGPEILECKYKVAVSEAGELKEELKTLKAEYQSCQSHYEEERGHLESHVTALGEKLASLEKTSHVEREEKARLEKELRKVSDVAGESQGSLSVAQDELVTFSEELATLYNHVCMCNNQTPNRVMLDFYKQGKGGRTSPEGRGRRSPILLTKGLFPVPEAADSAPSPVSSPPSPREPMNVYNLVAIIRDQIKHLQLAVDRTTELSRQRMASLELGTVADKDKEACMGEILKLKSLLSTKREQIATLRTVLKANKQTAEVALANLKSKYENEKAMVTETMMKLRNELKALKEDAATFSSLRAMFATRCDEYVTQLDEMQRQLSAAEDEKKTLNSLLRMAIQQKLALTQRLEDLEFDTEQTRRGGKPRVKTTNGRTTNGQTNAANNPRISHGLTCAGIGRPNEPNTMPNCIRGGPVVFCSEKYKIYCD	1	80	1	80	2.018E-33	132	1.000	0.093
