SCOMX02793	AF-A0A6A4SYK7-F1-model_v4	1.000	80	0	MLLLEAGPEWMRAEIERLARELGETTNEKIQAAEYGLAVLEEKQQLKQQYDDMEMEYEAVRQELDQLKEAFGQAHFNHRK	MSVEDRGYPDAMLLLEAGPEWMRAEIERLARELGETTNEKIQAAEYGLAVLEEKQQLKQQYDDMEMEYEAVRQELDQLKEAFGQAHFNHRKVAADGESREESLIQESACKEAYYEQRVLELQTELRQARNILTNTQSENERLNTISLEMRENSQMVELQRNQLRDDIKEYKFREARLLQDYTELEEENISLQKQVSMLKQSQVEFEGLKHEIRRLEEDTQFLNSQLEDAIRLKEIAERQLGEALETIKTERELKASLRKELSHYMSIGDTLYHSPLSISLDGLKFSDDAGTEPNNDEALHGYENGFTKLANAIAEDNRVSTPRKEDLFCPAPSLVDDLLSELNISEIQKLKQQLIQMEREKVNLLSTLQDSQKQLEQANGALSDHQEKLNRLTENLSAIRKLQASKERQSALDNEKERDSNEDGDYYEVDINGPEILECKYKVAVSEAGELKEELKTLKAEYQACQSRYEEESTRLENDVTTLGEKLATLEKSSQAEKNEKTKLEKELRKLSDVAGESQGSLSVAQDELVTFSEELATLYNHVCMCNNETPNRVMLDFYKEGKGGRSSPEGRGRRSPILLTKGLFPEPGKADLSDGSPSSVSSLPSPVSDHRREPMNIYNLVAIIRDQIKHLQLAVDRTTELSRQRVASLELGTVADKDKEACMEEILKLKSLLSTKREQIATLRTVLKANKQTAEVALTNLKSKYENEKAMVTETMMKLRNELKALKEDAATFSSLRAMFATRCDEYVTQLDEMQRQLAAAEDEKKTLNSLLRMAIQQKLALTQRLEDLEFDTEQIRRGGTASRARTRSKAASAAAAAAAATNNPHVSQSLSCSGSGRPEHNNAVPNGILGGPVVFCSEKYKIYCD	1	80	12	91	4.029E-41	154	1.000	0.092
SCOMX02793	AF-A0A6G0IQT9-F1-model_v4	0.912	80	7	MLLLEAGPEWMRAEIERLARELGETTNEKIQAAEYGLAVLEEKQQLKQQYDDMEMEYEAVRQELDQLKEAFGQAHFNHRK	MSVEEQGYSDAMLLLEAGPEWMRAEIERLSRELSETTNEKIQAAEYGLAVLEEKQQLKQQYDDLEIEYETVRQELDQLKEAFGQAYSNHRKVAADGESREESLIQESACKEAYYEQRVLELQTELRQTRNILTNTQSENERLNTINQEMRENSQMVELQRNQLRDDIKEYKFLEARLLQDYTELEEENISLQKQVSVLKQSQVEFEGLKHEIRRLEEDTQFLNSQLEDAIRLKEIAERQLGEALETIKTERELKASLRKELSHYMSIGDTLYHSPLSISLDGLKFSDDAGTEPNNDEALHGYENGFTKLANAITYDNCISTAKKEELFHPAPSLVDDLLSELNISEIQKLKQQLMQMEREKVNLLSTLQDSQKQLEQANGALSDHQEKVNRLTENLNAIRKLQASKERQSALDNEKERDSHEDGDYYEVDINGPEILECKYKVAVSEAGELKEELKTLKTEYQACQSRYEDERTRLERDVTTLGEKLATLEKTCLTEKEQKTKLEKELRKLSDVAGESQGSLSVAQDELVTFSEELATLYNHVCMCNNETPNRVMLDFYKEGKGGRSSPEGRGRRSPILLTKGLFPEPSKTDLSDGSPVSSLPSPVSDHRREPMNIYNLVAIIRDQIKHLQLAVDRTTELSRQRVASLELGTVADKDKEACMEEILKLKSLLSTKREQIATLRTVLKANKQTAEVALANLKSKYENEKAMVTETMMKLRNELKALKEDAATFSSLRAMFATRCDEYVTQLDEMQRQLAAAEDEKKTLNSLLRMAIQQKLALTQRLEDLEFDHEQTRRGGNSGRSKARSKATATGTANNPH	1	80	12	91	1.904E-36	141	1.000	0.098
SCOMX02793	AF-A0A671VUU4-F1-model_v4	0.912	80	7	MLLLEAGPEWMRAEIERLARELGETTNEKIQAAEYGLAVLEEKQQLKQQYDDMEMEYEAVRQELDQLKEAFGQAHFNHRK	MSVEEQGYPDAMLLREAGPEWMRAEIERLSRELGETTNEKIQAAEYGLAVLEEKQQLKQQYDDLEIEYEGVRQELDQLKEAFGQAYSNHRKVAADGESREESLIQESACKEAYYEQRVLELQNELRQTRNILTNTQSENERLNTISQELRENSQMVELQRNQLRDDIKEYKFLEARLLQDYTELEEENISLQKQVSALKQSQVEFEGLKHEIRRLEEDTQFLNSQLEDAIRLKEIAERQLSEALETIKTERELKASLRKELSHYMSIGDTLYHSPLSISLDGLKFSDDATTEPNNDEALHGYENGFTKLANAINFDNCVSTPTKEELFNPVPSLVDDLLSELNISEIQKLKQQLMQMEREKVNLLSTLQDSQKQLEQANGALSEHQEKVNRLTENLNAIRKLQASKERQSALDNEKERDSHEDGDYYEVDINGPEILECKYKVAVSEAGELKEELKTLKTEYQACQSRYEEERVRLESDVTTLGQKLAVLEKTSHIEREEKAKLEKELRKVSDVAGESQGSLSVAQDELVTFSEELATLYNHVCMCNNETPNRVMLDFYKEGKGGRSSPEGRGRRSPILLTKGLFPEPGKTDLSDGAPSPVSSLPSPVSDHRREPMNIYNLVAIIRDQIKHLQLAVDRTTELSRQRVASLELGTVADKDKEACMEEILKLKSLLSTKREQIATLRTVLKANKQTAEVALANLKSKYENEKAMVTETMMKLRNELKALKEDAATFSSLRAMFATRCDEYVTQLDEMQRQLAAAEDEKKTLNSLLRMAIQQKLALTQRLEDLEFDHEQTRRGGSSGRAKTRSKAAGSAPNNPH	1	80	12	91	1.904E-36	141	1.000	0.097
SCOMX02793	AF-A0A671VYC1-F1-model_v4	0.912	80	7	MLLLEAGPEWMRAEIERLARELGETTNEKIQAAEYGLAVLEEKQQLKQQYDDMEMEYEAVRQELDQLKEAFGQAHFNHRK	MSVEEQGYPDAMLLREAGPEWMRAEIERLSRELGETTNEKIQAAEYGLAVLEEKQQLKQQYDDLEIEYEGVRQELDQLKEAFGQAYSNHRKVAADGESREESLIQESACKEAYYEQRVLELQNELRQTRNILTNTQSENERLNTISQELRENSQMVELQRNQLRDDIKEYKFLEARLLQDYTELEEENISLQKQVSALKQSQVEFEGLKHEIRRLEEDTQFLNSQLEDAIRLKEIAERQLSEALETIKTERELKASLRKELSHYMSIGDTLYHSISLDGLKFSDDATTEPNNDEALHGYENGFTKLANAINFDNCVSTPTKEELFNPVPSLVDDLLSELNISEIQKLKQQLMQMEREKVNLLSTLQDSQKQLEQANGALSEHQEKVNRLTENLNAIRKLQASKERQSALDNEKERDSHEDGDYYEVDINGPEILECKYKVAVSEAGELKEELKTLKTEYQACQSRYEEERVRLESDVTTLGQKLAVLEKTSHIEREEKAKLEKELRKVSDVAGESQGSLSVAQDELVTFSEELATLYNHVCMCNNETPNRVMLDFYKEGKGGRSSPEGRGRRSPILLTKGLFPEPGKTDLSDGAPSPVSSLPSPVSDHRREPMNIYNLVAIIRDQIKHLQLAVDRTTELSRQRVASLELGTVADKDKEACMEEILKLKSLLSTKREQIATLRTVLKANKQTAEVALANLKSKYENEKAMVTETMMKLRNELKALKEDAATFSSLRAMFATRCDEYVTQLDEMQRQLAAAEDEKKTLNSLLRMAIQQKLALTQRLEDLEFDHEQTRRGGSSGRAKTRSKLKTLMSFLTVFLLSGVWDKTNSCINRALHC	1	80	12	91	1.904E-36	141	1.000	0.095
SCOMX02793	AF-A0A671VYC6-F1-model_v4	0.912	80	7	MLLLEAGPEWMRAEIERLARELGETTNEKIQAAEYGLAVLEEKQQLKQQYDDMEMEYEAVRQELDQLKEAFGQAHFNHRK	MSVEEQGYPDAMLLREAGPEWMRAEIERLSRELGETTNEKIQAAEYGLAVLEEKQQLKQQYDDLEIEYEGVRQELDQLKEAFGQAYSNHRKVAADGESREESLIQESACKEAYYEQRVLELQNELRQTRNILTNTQSENERLNTISQELRENSQMVELQRNQLRDDIKEYKFLEARLLQDYTELEEENISLQKQVSALKQSQVEFEGLKHEIRRLEEDTQFLNSQLEDAIRLKEIAERQLSEALETIKTERELKASLRKELSHYMSIGDTLPLSISLDGLKFSDDATTEPNNDEALHGYENGFTKLANAINFDNCVSTPTKEELFNPVPSLVDDLLSELNISEIQKLKQQLMQMEREKVNLLSTLQDSQKQLEQANGALSEHQEKVNRLTENLNAIRKLQASKERQSALDNEKERDSHEDGDYYEVDINGPEILECKYKVAVSEAGELKEELKTLKTEYQACQSRYEEERVRLESDVTTLGQKLAVLEKTSHIEREEKAKLEKELRKVSDVAGESQGSLSVAQDELVTFSEELATLYNHVCMCNNETPNRVMLDFYKEGKGGRSSPEGRGRRSPILLTKGLFPEPGKTDLSDGAPSPVSSLPSPVSDHRREPMNIYNLVAIIRDQIKHLQLAVDRTTELSRQRVASLELGTVADKDKEACMEEILKLKSLLSTKREQIATLRTVLKANKQTAEVALANLKSKYENEKAMVTETMMKLRNELKALKEDAATFSSLRAMFATRCDEYVTQLDEMQRQLAAAEDEKKTLNSLLRMAIQQKLALTQRLEDLEFDHEQTRRGGSSGRAKTRSKAAGSAPNNPHVSQSLTCSGSGRPELNNAMPNGILGGPVVFCSGFQVRKGLLCTEGRGPPGRTLPALVLKSPTRSLSSLASLRSSRDCCVTNQLLMCASVYA	1	80	12	91	1.904E-36	141	1.000	0.088
SCOMX02793	AF-A0A671VWL6-F1-model_v4	0.912	80	7	MLLLEAGPEWMRAEIERLARELGETTNEKIQAAEYGLAVLEEKQQLKQQYDDMEMEYEAVRQELDQLKEAFGQAHFNHRK	MSVEEQGYPDAMLLREAGPEWMRAEIERLSRELGETTNEKIQAAEYGLAVLEEKQQLKQQYDDLEIEYEGVRQELDQLKEAFGQAYSNHRKVAADGESREESLIQESACKEAYYEQRVLELQNELRQTRNILTNTQSENERLNTISQELRENSQMVELQRNQLRDDIKEYKFLEARLLQDYTELEEENISLQKQVSALKQSQVEFEGLKHEIRRLEEDTQFLNSQLEDAIRLKEIAERQLSEALETIKTERELKASLRKELSHYMSIGDTLYHSISLDGLKFSDDATTEPNNDEALHGYENGFTKLANAINFDNCVSTPTKEELFNPVPSLVDDLLSELNISEIQKLKQQLMQMEREKVNLLSTLQDSQKQLEQANGALSEHQEKVNRLTENLNAIRKLQASKERQSALDNEKERDSHEDGDYYEVDINGPEILECKYKVAVSEAGELKEELKTLKTEYQACQSRYEEERVRLESDVTTLGQKLAVLEKTSHIEREEKAKLEKELRKVSDVAGESQGSLSVAQDELVTFSEELATLYNHVCMCNNETPNRVMLDFYKEGKGGRSSPEGRGRRSPILLTKGLFPEPGKTDLSDGAPSPVSSLPSPVSDHRREPMNIYNLVAIIRDQIKHLQLAVDRTTELSRQRVASLELGTVADKDKEACMEEILKLKSLLSTKREQIATLRTVLKANKQTAEVALANLKSKYENEKAMVTETMMKLRNELKALKEDAATFSSLRAMFATRCDEYVTQLDEMQRQLAAAEDEKKTLNSLLRMAIQQKLALTQRLEDLEFDHEQTRRGGSSGRAKTRSKAAGSAPNNPHVSQSLTCSGSGRPELNNAMPNGILGGHVTKCDILCSSAHLSALVLLEKRLSPLSPGDRPVSSSPLSNQVMLEEKATLKKSKYAISPCFLARGAHLRFYKEIH	1	80	12	91	1.904E-36	141	1.000	0.087
SCOMX02793	AF-A0A672IV96-F1-model_v4	0.900	80	8	MLLLEAGPEWMRAEIERLARELGETTNEKIQAAEYGLAVLEEKQQLKQQYDDMEMEYEAVRQELDQLKEAFGQAHFNHRK	MSVEEQGYPDAMMLLEAAPEWLRAEIERLSRELSETTNEKIQAAEYGLAVLEEKQQLKQQYDDLEIEYEAVRQELDQLKEAFGQAHSNHRKVAADGESREESLIQESACKEAYYEQRVLELQTELRQSRNILTNTQSENERLNSITQEMRENSQMVELQRNQLRDDIKEYKFRESRLLQDYTELEEENISLQKQVLVLKQSQVEFEGLKHEIRRLEEDTQFLNSQLEDAIRLKEISERQLSEALETIKTERELKASLRKELSHYMSIGDTLYHSPLSISLDGLKFSDDAATEPNNDEALHGYENGFIKLANAITDDNRISTPKNEELFRPAPSLVDDLLSELNICEIQKLKQQLMQMEREKVNLLSNLQDSQKQLEQANGALSEHQEKVNRLTENLNAIRKLQASKERQSALDNEKERDSHEDGDYYEVDINGPEILECKYKVAVSEAGELKEELKTLKAEYQACQSRYEEERTRLENDVTTLGEKLSSLEKSSRTEKEEKAKLEKELRKLSDVAGESQGSLSVAQDELVTFSEELATLYNHVCMCNNETPNRVMLDFYKEGKGGRSSPEGRGRRSPILLTKGLFPEPGKADLSDGVPSPVSSLPSPVSDHRREPMNIYNLVAIIRDQIKHLQLAVDRTTELSRQRVASLELGAVADKDKEACMEEILKLKSLLSTKREQIATLRTVLKANKQTAEVALANLKSKYENEKAMVTETMMKLRNELKALKEDAATFSSLRAMFATRCDEYVTQLDEMQRQLAAAEDEKKTLNSLLRMAIQQKLALTQRLEDLEFDHEQTRRGGNSGRAKARKAAGGTAGNPH	1	80	12	91	2.613E-36	140	1.000	0.098
SCOMX02793	AF-A0A672IV99-F1-model_v4	0.900	80	8	MLLLEAGPEWMRAEIERLARELGETTNEKIQAAEYGLAVLEEKQQLKQQYDDMEMEYEAVRQELDQLKEAFGQAHFNHRK	MSVEEQGYPDAMMLLEAAPEWLRAEIERLSRELSETTNEKIQAAEYGLAVLEEKQQLKQQYDDLEIEYEAVRQELDQLKEAFGQAHSNHRKVAADGESREESLIQESACKEAYYEQRVLELQTELRQSRNILTNTQSENERLNSITQEMRENSQMVELQRNQLRDDIKEYKFRESRLLQDYTELEEENISLQKQVLVLKQSQVEFEGLKHEIRRLEEDTQFLNSQLEDAIRLKEISERQLSEALETIKTERELKASLRKELSHYMSIGDTLYHSISLDGLKFSDDAATEPNNDEALHGYENGFIKLANAITDDNRISTPKNEELFRPAPSLVDDLLSELNICEIQKLKQQLMQMEREKVNLLSNLQDSQKQLEQANGALSEHQEKVNRLTENLNAIRKLQASKERQSALDNEKERDSHEDGDYYEVDINGPEILECKYKVAVSEAGELKEELKTLKAEYQACQSRYEEERTRLENDVTTLGEKLSSLEKSSRTEKEEKAKLEKELRKLSDVAGESQGSLSVAQDELVTFSEELATLYNHVCMCNNETPNRVMLDFYKEGKGGRSSPEGRGRRSPILLTKGLFPEPGKADLSDGVPSPVSSLPSPVSDHRREPMNIYNLVAIIRDQIKHLQLAVDRTTELSRQRVASLELGAVADKDKEACMEEILKLKSLLSTKREQIATLRTVLKANKQTAEVALANLKSKYENEKAMVTETMMKLRNELKALKEDAATFSSLRAMFATRCDEYVTQLDEMQRQLAAAEDEKKTLNSLLRMAIQQKLALTQRLEDLEFDHEQTRRGGNSGRAKARKAAVCTRRLDCSRHIRHVEYRAPGYIGGV	1	80	12	91	2.613E-36	140	1.000	0.096
SCOMX02793	AF-A0A672IVT7-F1-model_v4	0.900	80	8	MLLLEAGPEWMRAEIERLARELGETTNEKIQAAEYGLAVLEEKQQLKQQYDDMEMEYEAVRQELDQLKEAFGQAHFNHRK	MSVEEQGYPDAMMLLEAAPEWLRAEIERLSRELSETTNEKIQAAEYGLAVLEEKQQLKQQYDDLEIEYEAVRQELDQLKEAFGQAHSNHRKVAADGESREESLIQESACKEAYYEQRVLELQTELRQSRNILTNTQSENERLNSITQEMRENSQMVELQRNQLRDDIKEYKFRESRLLQDYTELEEENISLQKQVLVLKQSQVEFEGLKHEIRRLEEDTQFLNSQLEDAIRLKEISERQLSEALETIKTERELKASLRKELSHYMSIGDTLYHSPLSISLDGLKFSDDAATEPNNDEALHGYENGFIKLANAITDDNRISTPKNEELFRPAPSLVDDLLSELNICEIQKLKQQLMQMEREKVNLLSNLQDSQKQLEQANGALSEHQEKVNRLTENLNAIRKLQASKERQSALDNEKERDSHEDGDYYEVDINGPEILECKYKVAVSEAGELKEELKTLKAEYQACQSRYEEERTRLENDVTTLGEKLSSLEKSSRTEKEEKAKLEKELRKLSDVAGESQGSLSVAQDELVTFSEELATLYNHVCMCNNETPNRVMLDFYKEGKGGRSSPEGRGRRSPILLTKGLFPEPGKADLSDGVPSPVSSLPSPVSDHRREPMNIYNLVAIIRDQIKHLQLAVDRTTELSRQRVASLELGAVADKDKEACMEEILKLKSLLSTKREQIATLRTVLKANKQTAEVALANLKSKYENEKAMVTETMMKLRNELKALKEDAATFSSLRAMFATRCDEYVTQLDEMQRQLAAAEDEKKTLNSLLRMAIQQKLALTQRLEDLEFDHEQTRRGGNSAPRRSLASPSWRPQDRPALSGPLSNEMFTIRK	1	80	12	91	2.613E-36	140	1.000	0.096
SCOMX02793	AF-A0A2I4CLS1-F1-model_v4	0.912	80	7	MLLLEAGPEWMRAEIERLARELGETTNEKIQAAEYGLAVLEEKQQLKQQYDDMEMEYEAVRQELDQLKEAFGQAHFNHRK	MSVEEPGYPDAMLLLEAGPEWLRAEIERLSRELSETTSEKIQAAEYGLAVLEEKQQLKQQYDDMEVEYEAVRQELDQLKEAFGQAYTNHRKVAADGESREESLIQESACKEAYYEQRVLELQNELRQSRNILANTQSENEHLVAISQDLKENSQMVELQRSQLRDDIKEYKFRESRLLQDYTELEEENISLQKQVSVLKQSQVEFEGLKHEIRRLEEDTQFLNSQLEDAIRLKEIAERQLGEALETIKTERELKASLRKELSHYMNIGDTLYHSPLSVSLDGLKFSDDAATEPNNDEALYGYENSFSKLANTITDNNRMSLPEKEELFHPAPSLVDDLLSELNISEIQKLKQQLMQMEREKVNLLSNLQDSQKQLEQANGALSEHQEKVNRLTENLNTIRKLQASKERQSALDNEKERDSHEDGDYYEVDINGPEILECKYKVAVSEAGELKEELKTLKTEYQACQSRYEEERSRLENEVTTLGGKLASLEKTSHVEREEKAKLEKELRKLSDVAGESQGSLNVAQDELVTFSEELATLYNHVCMCNNETPNRVMLDFYKEGKGGRSSPEGRGRRSPILLTKGLFPEPYRTDLGDGAHSPGSSIPSPVSDHRREPMNIYNLVAIIRDQIKHLQLAVDRTTELSRQRVASLELGTVADKDKEACMEEILKLKSVLSTKREQIATLRTVLKANKQTAEVALANLKSKYENEKAMVTETMMKLRNELKALKEDAATFSSLRAMFATRCDEYVMQLEEMQRQLAAAEDEKKTLNSLLRMAIQQKLALTQRLEDLEFDHEQTRRGGGAGRSKVRSKPTATAAGNNPHVSQSLTCSASNRPEPNNALPNGILGGPVVFCSEKYKIYCD	1	80	12	91	2.613E-36	140	1.000	0.093
SCOMX02793	AF-A0A672IUX5-F1-model_v4	0.900	80	8	MLLLEAGPEWMRAEIERLARELGETTNEKIQAAEYGLAVLEEKQQLKQQYDDMEMEYEAVRQELDQLKEAFGQAHFNHRK	MSVEEQGYPDAMMLLEAAPEWLRAEIERLSRELSETTNEKIQAAEYGLAVLEEKQQLKQQYDDLEIEYEAVRQELDQLKEAFGQAHSNHRKVAADGESREESLIQESACKEAYYEQRVLELQTELRQSRNILTNTQSENERLNSITQEMRENSQMVELQRNQLRDDIKEYKFRESRLLQDYTELEEENISLQKQVLVLKQSQVEFEGLKHEIRRLEEDTQFLNSQLEDAIRLKEISERQLSEALETIKTERELKASLRKELSHYMSIGDTLPLSISLDGLKFSDDAATEPNNDEALHGYENGFIKLANAITDDNRISTPKNEELFRPAPSLVDDLLSELNICEIQKLKQQLMQMEREKVNLLSNLQDSQKQLEQANGALSEHQEKVNRLTENLNAIRKLQASKERQSALDNEKERDSHEDGDYYEVDINGPEILECKYKVAVSEAGELKEELKTLKAEYQACQSRYEEERTRLENDVTTLGEKLSSLEKSSRTEKEEKAKLEKELRKLSDVAGESQGSLSVAQDELVTFSEELATLYNHVCMCNNETPNRVMLDFYKEGKGGRSSPEGRGRRSPILLTKGLFPEPGKADLSDGVPSPVSSLPSPVSDHRREPMNIYNLVAIIRDQIKHLQLAVDRTTELSRQRVASLELGAVADKDKEACMEEILKLKSLLSTKREQIATLRTVLKANKQTAEVALANLKSKYENEKAMVTETMMKLRNELKALKEDAATFSSLRAMFATRCDEYVTQLDEMQRQLAAAEDEKKTLNSLLRMAIQQKLALTQRLEDLEFDHEQTRRGGNSGRAKARKAAGGTAGNPHVTPSAFRLGEHQCDSTQKFRTHPWAIGIAMATSGQKRSTCDHGCLFQDHFKSCDASTPIL	1	80	12	91	2.613E-36	140	1.000	0.091
SCOMX02793	AF-A0A672ISK0-F1-model_v4	0.900	80	8	MLLLEAGPEWMRAEIERLARELGETTNEKIQAAEYGLAVLEEKQQLKQQYDDMEMEYEAVRQELDQLKEAFGQAHFNHRK	MSVEEQGYPDAMMLLEAAPEWLRAEIERLSRELSETTNEKIQAAEYGLAVLEEKQQLKQQYDDLEIEYEAVRQELDQLKEAFGQAHSNHRKVAADGESREESLIQESACKEAYYEQRVLELQTELRQSRNILTNTQSENERLNSITQEMRENSQMVELQRNQLRDDIKEYKFRESRLLQDYTELEEENISLQKQVLVLKQSQVEFEGLKHEIRRLEEDTQFLNSQLEDAIRLKEISERQLSEALETIKTERELKASLRKELSHYMSIGDTLPLSISLDGLKFSDDAATEPNNDEALHGYENGFIKLANAITDDNRISTPKNEELFRPAPSLVDDLLSELNICEIQKLKQQLMQMEREKVNLLSNLQDSQKQLEQANGALSEHQEKVNRLTENLNAIRKLQASKERQSALDNEKERDSHEDGDYYEVDINGPEILECKYKVAVSEAGELKEELKTLKAEYQACQSRYEEERTRLENDVTTLGEKLSSLEKSSRTEKEEKAKLEKELRKLSDVAGESQGSLSVAQDELVTFSEELATLYNHVCMCNNETPNRVMLDFYKEGKGGRSSPEGRGRRSPILLTKGLFPEPGKADLSDGVPSPVSSLPSPVSDHRREPMNIYNLVAIIRDQIKHLQLAVDRTTELSRQRVASLELGAVADKDKEACMEEILKLKSLLSTKREQIATLRTVLKANKQTAEVALANLKSKYENEKAMVTETMMKLRNELKALKEDAATFSSLRAMFATRCDEYVTQLDEMQRQLAAAEDEKKTLNSLLRMAIQQKLALTQRLEDLEFDHEQTRRGGNSGRAKARKAAGGTAGNPHVSQSLTCSGLPELNNSMPNGILGGPVVFCSGCKRPHGTAVYRGWGGGGGAARARRTLPALVLKSPTRSL	1	80	12	91	2.613E-36	140	1.000	0.090
SCOMX02793	AF-A0A4W6EPH9-F1-model_v4	0.912	80	7	MLLLEAGPEWMRAEIERLARELGETTNEKIQAAEYGLAVLEEKQQLKQQYDDMEMEYEAVRQELDQLKEAFGQAHFNHRK	MSVEEQGYPDAMLLLEAAPEWVRAEIERLSRELSETTNEKIQAAEYGLAVLEEKQQLKQQYDDLEMEYEAVRQELDQLKEAFGQAYSNHRKVAADGESREESLIQESACKEAYYEQRVLELQTELRQARNILTNTQSENERLNTISQEMRENSQMVELQRNQLRDDIKEYKFREARLLQDYTELEEENISLQKQVSMLKQSQVEFEGLKHEIRRLEEDTQFLNSQLEDAIRLKEIAERQLGEALETIKTERELKASLRKELSHYMSIGDTLYHSPLSISLDGLKFSDDAATEPNNDEALHGYENGFTKLVNAITDDNRVSTPKKEELFHPAPSLVDNLLSELNISEIQKLKQQLMQMEREKVNLLSTLQDSQKQLEQANGALSEHQEKVNRLTENLNAIRKLQASKERQSALDNEKERDSHEDGDYYEVDINGPEILECKYKVAVSEAGELKEELKTLKAEYQACQSRYEEERNRLENDVTTLGEKLATLEKTSLTEREEKAKLEKELRKLSDVAGESQGSLSVAQDELVTFSEELATLYNHVCMCNNETPNRVMLDFYKEGKGGRSSPEGRGRRSPILLTKGLFPEPGKTDLSDGAPSPVSSLPSPVSDHRREPMNIYNLVAIIRDQIKHLQLAVDRTTELSRQRVASLELGTVADKDKEACMEEILKLKSLLSTKREQIATLRTVLKANKQTAEVALTNLKSKYENEKAMVTETMMKLRNELKALKEDAATFSSLRAMFATRCDEYVTQLDEMQRQLAAAEDEKKTLNSLLRMAIQQKLALTQRLEDLEFDHEQTRRGGNTGRAKTRSKAAAGTANNPH	1	80	12	91	3.586E-36	140	1.000	0.097
SCOMX02793	AF-A0A4W6EQD2-F1-model_v4	0.912	80	7	MLLLEAGPEWMRAEIERLARELGETTNEKIQAAEYGLAVLEEKQQLKQQYDDMEMEYEAVRQELDQLKEAFGQAHFNHRK	MSVEEQGYPDAMLLLEAAPEWVRAEIERLSRELSETTNEKIQAAEYGLAVLEEKQQLKQQYDDLEMEYEAVRQELDQLKEAFGQAYSNHRKVAADGESREESLIQESACKEAYYEQRVLELQTELRQARNILTNTQSENERLNTISQEMRENSQMVELQRNQLRDDIKEYKFREARLLQDYTELEEENISLQKQVSMLKQSQVEFEGLKHEIRRLEEDTQFLNSQLEDAIRLKEIAERQLGEALETIKTERELKASLRKELSHYMSIGDTLYHSPLSISLDGLKFSDDAATEPNNDEALHGYENGFTKLVNAITDDNRVSTPKKEELFHPAPSLVDNLLSELNISEIQKLKQQLMQMEREKVNLLSTLQDSQKQLEQANGALSEHQEKVNRLTENLNAIRKLQASKERQSALDNEKERDSHEDGDYYEVDINGPEILECKYKVAVSEAGELKEELKTLKAEYQACQSRYEEERNRLENDVTTLGEKLATLEKTSLTEREEKAKLEKELRKLSDVAGESQGSLSVAQDELVTFSEELATLYNHVCMCNNETPNRVMLDFYKEGKGGRSSPEGRGRRSPILLTKGLFPEPGKTDLSDGAPSPVSSLPSPVSDHRREPMNIYNLVAIIRDQIKHLQLAVDRTTELSRQRVASLELGTVADKDKEACMEEILKLKSLLSTKREQIATLRTVLKANKQTAEVALTNLKSKYENEKAMVTETMMKLRNELKALKEDAATFSSLRAMFATRCDEYVTQLDEMQRQLAAAEDEKKTLNSLLRMAIQQKLALTQRLEDLEFDHEQTRRGGNTGRAKTRSKAAAGTANNPHIVSSLLPQHHHSPFN	1	80	12	91	3.586E-36	140	1.000	0.096
SCOMX02793	AF-A0A3B4T4U3-F1-model_v4	0.900	80	8	MLLLEAGPEWMRAEIERLARELGETTNEKIQAAEYGLAVLEEKQQLKQQYDDMEMEYEAVRQELDQLKEAFGQAHFNHRK	MSVEEQGYPDAMRLLEAGPEWMRAEIERLSRELSETTNEKIQAAEYGLAVLEEKQQLKQQYDDLEIEYEAVRQEVDQLKEAFGQAYSNHRKVAADGESREESLIQESACKEAYYEQRVLELQTDLRQARNILTNTQSENERLNTISQEMKENSQMVELQRNQLRDDIKEYKFREARLLQDYTELEEENISLQKQVSVLKQSQVEFEGLKHEIRRLEEDTQFLNSQLEDAIRLKEIAERQLGEALETIKTERELKASLRKELSHYMSIGDTLYHSPLSISLDGLKFSDDAATEPNNDEALHGYENGFTKLANAITDDNRVSTPKKEELFRPAPSLVDDLLSELNISEIQKLKQQLIQMEREKVNLLSTLQDSQKQLEQANGALSEHQEKVNRLTENLNAIRKLQASKERQSALDNEKERDSHEDGDYYEVDINGPEILECKYKVAVSEAGELKEELKTLKTEYQACQSRYDEERNRLENDVTTLGEKLSTLEKTSQAEREQKAKLEKELRKLSDVAGESQGSLSVAQDELVTFSEELATLYNHVCMCNNETPNRVMLDFYKEGKGGRSSPEGRGRRSPILLTKGLFPEPGKTDLSDGVPSPVSSLPSPVSDHRREPMNIYNLVAIIRDQIKHLQLAVDRTTELSRQRVASLELGTVADKDKEACMEEILKLKSLLSTKREQIATLRTVLKANKQTAEVALTNLKSKYENEKAMVTETMMKLRNELKALKEDAATFSSLRAMFATRCDEYVTQLDEMQRQLAAAEDEKKTLNSLLRMAIQQKLALTQRLEDLEFDHEQTRRGGNAGRAKARSKAASGTANNPH	1	80	12	91	9.271E-36	139	1.000	0.097
SCOMX02793	AF-A0A3B4XCM4-F1-model_v4	0.900	80	8	MLLLEAGPEWMRAEIERLARELGETTNEKIQAAEYGLAVLEEKQQLKQQYDDMEMEYEAVRQELDQLKEAFGQAHFNHRK	MSVEEQGYPDAMRLLEAGPEWMRAEIERLSRELSETTNEKIQAAEYGLAVLEEKQQLKQQYDDLEIEYEAVRQEVDQLKEAFGQAYSNHRKVAADGESREESLIQESACKEAYYEQRVLELQTDLRQARNILTNTQSENERLNNISQEMKENSQMVELQRNQLRDDIKEYKFREARLLQDYTELEEENISLQKQVSVLKQSQVEFEGLKHEIRRLEEDTQFLNSQLEDAIRLKEIAERQLGEALETIKTERELKASLRKELSHYMSIGDTLYHSPLSISLDGLKFSDDAATEPNNDEALNGYENGFTKLANAITDDNRVSTPKKEELFRPAPSLVDDLLSELNISEIQKLKQQLIQMEREKVNLLSTLQDSQKQLEQANGALSEHQEKVNRLTENLNAIRKLQASKERQSALDNEKERDSHEDGDYYEVDINGPEILECKYKVAVSEAGELKEELKTLKTEYQACQSRYDEERTRLENDVTTLGEKLSTLEKTSQAEREQKAKLEKELRKLSDVAGESQGSLSVAQDELVTFSEELATLYNHVCMCNNETPNRVMLDFYKEGKGGRSSPEGRGRRSPILLTKGLFPEPGKTDLSDGVPSPVSSLPSPVSDHRREPMNIYNLVAIIRDQIKHLQLAVDRTTELSRQRVASLELGTVADKDKEACMEEILKLKSLLSTKREQIATLRTVLKANKQTAEVALTNLKSKYENEKAMVTETMMKLRNELKALKEDAATFSSLRAMFATRCDEYVTQLDEMQRQLAAAEDEKKTLNSLLRMAIQQKLALTQRLEDLEFDHEQTRRGGNAGRAKARSKAASGTANNPH	1	80	12	91	9.271E-36	139	1.000	0.097
