VOMUR19877	AF-A0A6P5IN14-F1-model_v4	1.000	80	0	MAGAMEEEEYTKLVMESQPEWLRAEVKRLFHELGETTREKIQAAEYGLVVLEEKQQLKLQYEELELEYETIRSEMEQLKE	MAGAMEEEEYTKLVMESQPEWLRAEVKRLFHELGETTREKIQAAEYGLVVLEEKQQLKLQYEELELEYETIRSEMEQLKEAFGQAHTNHKKVAADGESREETLIQESATKEEYYVRKVLELQTELKQLRNVLTNTQSENERLNSVAQELKEINQNVEIQRARLRDDIKEYKFREARLLQDYTELEEENICLQKQVSILKQNQVEFEGLKHEIKRLEEETEYLNSQLEDAIRLKEIAERQLEESLETLKTEREQKNSLRKELSHYMNINDSMYTSHLSFSLDGLKFSDEAAEPNNDEVLVNGFEQNGLHKARPDSNKTSTPKKEEGLLPAPSLVSDLLSELNISEIQKLKQQLVQMEREKMTLLSTLQESQKQLESTRGALSEQHEKVSRLTENLTAMKKLRVSKERQSALDNEKERDSHEDGDYYEVDINGPEILECKYKVAVAEMGDLREELKVLKGRYEECASRYEEEKGRYETEGQALTEKIALLEKAGRLDREHLARLEKELKKVSDVAGETQGSLSVAQDELVTFSEELANLYHHVCMCNNETPNRVMLDYYKEGRGGGRGSPEGRGRRSPVLLSKGLLAIDLGKADNASGDGSPSPSSSLPSPVADPRKEPMNIYNLIAIIRDQIKHLQAAVDRTVELSRQRVAAQELGPVVDKDKEALMEEILKLKSLLSTKREQIATLRTVLKANKQTAEVALANLKSKYENEKAMVTETMMKLRNELKALKEDAATFSSLRAMFATRCDEYVTQLDEMQRQLAAAEDEKKTLNSLLRMAIQQKLALTQRLEHLELDHEQAKRGRTKSASKGKSSTPSL	1	80	1	80	4.648E-39	148	1.000	0.098
VOMUR19877	AF-A0A4X2L4E7-F1-model_v4	1.000	80	0	MAGAMEEEEYTKLVMESQPEWLRAEVKRLFHELGETTREKIQAAEYGLVVLEEKQQLKLQYEELELEYETIRSEMEQLKE	MAGAMEEEEYTKLVMESQPEWLRAEVKRLFHELGETTREKIQAAEYGLVVLEEKQQLKLQYEELELEYETIRSEMEQLKEAFGQAHTNHKKVAADGESREETLIQESATKEEYYVRKVLELQTELKQLRNVLTNTQSENERLNSVAQELKEINQNVEIQRARLRDDIKEYKFREARLLQDYTELEEENICLQKQVSVLKQNQVEFEGLKHEIKRLEEETEYLNSQLEDAIRLKEIAERQLEESLETLKTEREQKNNLRKELSHYMNINDSMYTSHLSFSLDGLKFSDEAAEPNNDEVLVNGFEQNGLHKMAACDSNKTSTPKKEEGFPPAPSLVSDLLSELNISEIQKLKQQLVQMEREKMTLLSTLQESQKQLESTRGALSEQHEKVSRLTENLTAMKKLQVSKERQSALDNEKERDSHEDGDYYEVDINGPEILECKYKVAVAEVGDLREELKALKGRYEECASRYEEEKGRYETEGQALTEKIALLEKASRLDREHLARLEKELKKVSDVAGETQGSLSVAQDELVTFSEELANLYHHVCMCNNETPNRVMLDYYKEGKGGGRVSPEGKGRRSPILLSKGLLAIDLSKVESGSGDGSPSPSSSLPSPVSDPRKEPMNIYNLIAIIRDQIKHLQAAVDRTVELSRQRVATQELGPVVDKDKEALMEEILKLKSLLSTKREQIATLRTVLKANKQTAEVALANLKSKYENEKAMVTETMMKLRNELKALKEDAATFSSLRAMFATRCDEYVTQLDEMQRQLAAAEDEKKTLNSLLRMAIQQKLALTQRLEHLELDHEQAKRGRTKSASKGKSGTPSL	1	80	1	80	4.648E-39	148	1.000	0.098
VOMUR19877	AF-G3WYI6-F1-model_v4	0.962	80	3	MAGAMEEEEYTKLVMESQPEWLRAEVKRLFHELGETTREKIQAAEYGLVVLEEKQQLKLQYEELELEYETIRSEMEQLKE	MAGPMEEEEYAKLVMESQPEWLRAEVKRLFHELGETTREKIQAAEYGLVVLEEKQQLKLQYEELELEYETIRGEMEQLKEAFGQAHTNHKKVAADGESREETLIQESATKEEYYVRKVLELQTELKQLRNVLTNTQSENERLNSVAQELREINQNVEIQRARLRDDIKEYKFREARLLQDYTELEEENISLQKQVSVLKQNQVEFEGLKHEIKRLEEETEYLNSQLEDAIRLKEISERQLEEALETLKTEREQKNNLRKELSHYMNINDSMYTSHLSFSLDGLKFSDETAEPNNDDVLVNGFEQNGLHKTAACDSNKTSTPKKDEGFPPAPSLVSDLLSELNISEIQKLKQQLMQMEREKVTLLSTLQESQKQLECTRGALSEQHEKVSRLTENLTAMKKLQVSKERQSALDNEKDRDSHEDGDYYEVDINGPEILECKYKVAMAEMGELREELKGLKSHYEACEARYEEERSRYENEGQSLAEKVALLEKAGRLEREHAARLEKELKKVSDVAGETQGSLSVAQDELVTFSEELANLYHHVCMCNNETPNRVMLDYYKEGKGGGRISPEGKGRRSPVLLSKGLLAIDLGKAEGGSGDSSPSPGSSLPSPVSDPRKEPMNIYNLIAIIRDQIKHLQAAVDRTMELSRQRVATQELGPVVDKDKEALMEEILKLKSLLSTKREQIATLRTVLKANKQHVRRSRLPTQSSTLLGGRRAEAWVTPQQTAEVALANLKSKYENEKAMVTETMMKLRNELKALKEDAATFSSLRAMFATRCDEYVTQLDEMQRQLAAAEDEKKTLNSLLRMAIQQKLALTQRLEHLELDHEQAKRGRTKSASKGKSSSPSL	1	80	1	80	3.909E-37	143	1.000	0.095
VOMUR19877	AF-A0A7N4PV29-F1-model_v4	0.962	80	3	MAGAMEEEEYTKLVMESQPEWLRAEVKRLFHELGETTREKIQAAEYGLVVLEEKQQLKLQYEELELEYETIRSEMEQLKE	MAGPMEEEEYAKLVMESQPEWLRAEVKRLFHELGETTREKIQAAEYGLVVLEEKQQLKLQYEELELEYETIRGEMEQLKEAFGQAHTNHKKVAADGESREETLIQESATKEEYYVRKVLELQTELKQLRNVLTNTQSENERLNSVAQELREINQNVEIQRARLRDDIKEYKFREARLLQDYTELEEENISLQKQVSVLKQNQVEFEGLKHEIKRLEEETEYLNSQLEDAIRLKEISERQLEEALETLKTEREQKNNLRKELSHYMNINDSMYTSHLSFSLDGLKFSDETAEPNNDDVLVNGFEQNGLHKTAACDSNKTSTPKKDEGFPPAPSLVSDLLSELNISEIQKLKQQLMQMEREKVTLLSTLQESQKQLECTRGALSEQHEKVSRLTENLTAMKKLQVSKERQSALDNEKDRDSHEDGDYYEVDINGPEILECKYKVAMAEMGELREELKGLKSHYEACEARYEEERSRYENEGQSLAEKVALLEKAGRLEREHAARLEKELKKVSDVAGETQGSLSVAQDELVTFSEELANLYHHVCMCNNETPNRVMLDYYKEGKGGGRISPEGKGRRSPVLLSKGLLAIDLGKAEGGSGDSSPSPGSSLPSPVSDPRKEPMNIYNLIAIIRDQIKHLQAAVDRTMELSRQRVATQELGPVVDKDKEALMEEILKLKSLLSTKREQIATLRTVLKANKQTAEVALANLKSKYENEKAMVTETMMKLRNELKALKEDAATFSSLRAMFATRCDEYVTQLDEMQRQLAAAEDEKKTLNSLLRMAIQQKLALTQRLEHLELDHEQAKRGRTKSASKGKSSSPSVSHLRSCADRPEAAVLGGQVFCSEKYKIYCD	1	80	1	80	3.909E-37	143	1.000	0.094
VOMUR19877	AF-F6PIY7-F1-model_v4	0.962	80	3	MAGAMEEEEYTKLVMESQPEWLRAEVKRLFHELGETTREKIQAAEYGLVVLEEKQQLKLQYEELELEYETIRSEMEQLKE	MAGAMEEDEYTKLVMESQPEWLRAEVKRLFQELGETTREKIQAAEYGLVVLEEKQQLKLQYEELELEYETIRGEMEQLKEAFGQAHTNHKKVAADGESREETLIQESATKEEYYVRKVLELQTELKQLRNVLTNTQSENERLNSVAQELRETNQNVEIQRARLRDDIKEYKFREARLLQDYTELEEENISLQKQVSVLKQNQVEFEGLKHEIKRLEEETEYLNSQLEDAIRLKEISERQLEEALETLKTEREQKNNLRKELSHYMNINDSMYTSHLNFSLDGLKFSDEAAEPNNDDVLVNGFEQNGLNKMAACDSNKTSTPKKDDGFPPAPSLVSDLLSELNISEIQKLKQQLMQMEREKVGLLSTLQESQKQLESTRGALSEQREKVSRLTENLTAMKKLQVSKERQSALDNEKERDSHEDGDYYEVDINGPEILECKYKVAVAEMGDLKEELKSLKAKYEECESRYEEEKGRYETEGQALAEKIVLLEKSSRLDRERLARLEKELKKMSDVAGETQGSLSVAQDELVTFSEELANLYHHVCMCNNETPNRVMLDYYKEGKGGGRISPEGKGRRSPILLSKGLLAIDLGKTENGSGDSSPSPGSSLPSPVLDLRKEPMNIYNLIAIIRDQIKHLQAAVDRTTELSRQRVATQELGPVVDKDKEALMEEILKLKSLLSTKREQIATLRTVLKANKQTAEVALANLKSKYENEKAMVTETMMKLRNELKALKEDAATFSSLRAMFATRCDEYVTQLDEMQRQLAAAEDEKKTLNSLLRMAIQQKLALTQRLEHLELDHEQAKRGRTKSASKGKSGAPSL	1	80	1	80	5.365E-37	142	1.000	0.098
VOMUR19877	AF-F6X7P3-F1-model_v4	0.912	80	7	MAGAMEEEEYTKLVMESQPEWLRAEVKRLFHELGETTREKIQAAEYGLVVLEEKQQLKLQYEELELEYETIRSEMEQLKE	MSGATEEEEYTKLVMESQPEWLRSEVKRLFHELSETTREKIQAAEYGLAVLEEKQQLKQQYEELEVEYETIRSEMEQLKEAFGQAHTNHKKVAADGESREETLIQESATKEEYYVKKVLELQTELKQLRNVLANTQSENERLNSVAQELKEINQNVEIQRARLRDDIKEYKFREARLLQDYTELEEENICLQKQVSVLKQNQVEFEGLKHEIKRLEEETEYLNSQLEDAIRLKEISERQLEEALETLKTEREQKNNLRKELSHYMNINDSMYTSHLNISLDGLKFSDETTEPNNDDIMMNGFEQSCLSKMNSDNRMSTPRKDDSFPPAPSLVSDLLSELNISEIQKLKQQLMQVEREKVNLLSTLQESQKQLENTRGALSEQHEKISRLTENLNALKKLHVSKERQSALDNEKERDSHEDGDYYEVDINGPEILECKYKVAVAEISDLKDELKALKSKCEECESKYEAEKGRYETDSQVLTEKIALLEKSSRQDRDHVTRLEKELKKVSDVAGETQGSLSVAQDELVTFSEELANLYHHVCMCNNETPNRVMLDYYKEGKGGGRSSPEGKGRRSPILLSKGLLAIDLGKSESGSGESTPSPVSSLPSPISDPRKEPMNIYNLIAIIRDQIKHLQAAVDRTTELSRQRVASQELGPVVDKDKEALMEEILKLKSLLSTKREQIATLRTVLKANKQTAEVALANLKSKYENEKAMVTETMMKLRNELKALKEDAATFSSLRAMFATRCDEYVTQLDEMQRQLAAAEDEKKTLNSLLRMAIQQKLALTQRLEHLELDHEQSKRVRTKSASKAKTSTPSL	1	80	1	80	8.506E-35	136	1.000	0.098
VOMUR19877	AF-A0A6J1UZR7-F1-model_v4	0.900	80	8	MAGAMEEEEYTKLVMESQPEWLRAEVKRLFHELGETTREKIQAAEYGLVVLEEKQQLKLQYEELELEYETIRSEMEQLKE	MSLAMEEEEYAKLVMESEPEWLRAEIKRLFQELGETTREKIQAAEYGLVVLEEKQQLKQQYEELELEYETIRTEMEQLKEAFGQAHTNHKKVAADGESREETLIQESATKEEYYMKKVMELQTELKQLKNVLANTQSENERLNSVAQELREINQNVEIQRGRLRDDIKEYKFRESRLLQDYTELEEENICLQKQVSILKQNQVEFEGLKHEIKRLEEVTEFLNSQLEDAIRLKEISERQLEEALETLKTEREQKNNLRKELSHYMNINDSMYTSHLNISLDGLKFSDETTEPNNDEIVNGFEPNCLSKINNGNNKASTPKKTDSFPPAPSLVNDLLSELNISEIQKLKQQLMQMEREKMNLLSTLQESQKQLENTRGALSEQHEKVGRLTENLNAMKKLQVSKERQSALDNEKERDSHEDGDYYEVDINGPEILECKYKVAMAEISDLKEELKALKTKYEECESKYEEDKSRYETESQVLTEKISSLDKSSRQDREQVIRLEKELRKVTDVAGETQGSLSVAQDELVTFSEELANLYHHVCMCNNETPNRVMLDYYKQGKGGHTSPEVKGHRSPILLSKGLLLIDLGKAETGSGESSPSPVSSLPSPVSEVSRKEPMNVYNLIAIIRDQIKHLQAAVDRTTELSRQRVTTQELGPVVDKDKEALMEEILKLKSLLSTKREQIATLRTVLKANKQTAEVALANLKSKYENEKAMVTETMMKLRNELKALKEDAATFSSLRAMFATRCDEYVTQLDEMQRQLAAAEDEKKTLNSLLRMAIQQKLALTQRLEHLELDHEQSKRVRAKSASKAKSSNPSL	1	80	1	80	1.071E-33	133	1.000	0.098
VOMUR19877	AF-A0A6P9DLP9-F1-model_v4	0.900	80	8	MAGAMEEEEYTKLVMESQPEWLRAEVKRLFHELGETTREKIQAAEYGLVVLEEKQQLKLQYEELELEYETIRSEMEQLKE	MSLAMEEEEYAKLVMESEPEWLRAEIKRLFQELGETTREKIQAAEYGLVVLEEKQQLKQQYEELELEYETIRTEMEQLKEAFGQAHTNHKKVAADGESREETLIQESATKEEYYMKKVMELQTELKQLRNVLANTQSENERLNSVAQELREINQNVENQRGRLRDDIKEYKFRESRLLQDYTELEEENICLQKQVSILKQNQVEFEGLKHEIKRLEEVTEFLNSQLEDAIRLKEISERQLEEALETLKTEREQKNNLRKELSHYMNINDSMYTSHLNISLDGLKFSDETTEPNNDEIVNGFEPNCLSKINNGNNKASTPKKSDSFPPAPSLVNDLLSELNISEIQKLKQQLMQMEREKMNLLSTLQESQKQLENTRGALSEQHEKVGRLTENLNAMKKLQVSKERQSALDNEKERDSHEDGDYYEVDINGPEILECKYKVAMAEISDLKEELKAVKAKYEECESKYEEDKSRYETESQALTEKISSLDKSSRQDREQVIRLEKELRKVTDVAGETQGSLSVAQDELVTFSEELANLYHHVCMCNNETPNRVMLDYYKQGKGGHTSPEVKGHRSPILLSKGLLSIDLGKPETGSGESSPSPVSSLPSPVSEVSRKEPMNVYNLIAIIRDQIKHLQAAVDRTTELSRQRVTTQELGPVVDKDKEALMEEILKLKSLLSTKREQIATLRTVLKANKQTAEVALANLKSKYENEKAMVTETMMKLRNELKALKEDAATFSSLRAMFATRCDEYVTQLDEMQRQLAAAEDEKKTLNSLLRMAIQQKLALTQRLEHLELDHEQSKRVRTKSASKAKSSNPSL	1	80	1	80	1.071E-33	133	1.000	0.098
VOMUR19877	AF-A0A6J1UQ72-F1-model_v4	0.900	80	8	MAGAMEEEEYTKLVMESQPEWLRAEVKRLFHELGETTREKIQAAEYGLVVLEEKQQLKLQYEELELEYETIRSEMEQLKE	MSLAMEEEEYAKLVMESEPEWLRAEIKRLFQELGETTREKIQAAEYGLVVLEEKQQLKQQYEELELEYETIRTEMEQLKEAFGQAHTNHKKVAADGESREETLIQESATKEEYYMKKVMELQTELKQLKNVLANTQSENERLNSVAQELREINQNVEIQRGRLRDDIKEYKFRESRLLQDYTELEEENICLQKQVSILKQNQVEFEGLKHEIKRLEEVTEFLNSQLEDAIRLKEISERQLEEALETLKTEREQKNNLRKELSHYMNINDSMYTSHLNISLDGLKFSDETTEPNNDEIVNGFEPNCLSKINNGNNKASTPKKTDSFPPAPSLVNDLLSELNISEIQKLKQQLMQMEREKMNLLSTLQESQKQLENTRGALSEQHEKVGRLTENLNAMKKLQVSKERQSALDNEKERDSHEDGDYYEVDINGPEILECKYKVAMAEISDLKEELKALKTKYEECESKYEEDKSRYETESQVLTEKISSLDKSSRQDREQVIRLEKELRKVTDVAGETQGSLSVAQDELVTFSEELANLYHHVCMCNNETPNRVMLDYYKQGKGGHTSPEVKGHRSPILLSKGLLLIDLGKAETGSGESSPSPVSSLPSPVSEVSRKEPMNVYNLIAIIRDQIKHLQAAVDRTTELSRQRVTTQELGPVVDKDKEALMEEILKLKSLLSTKREQIATLRTVLKANKQTAEVALANLKSKYENEKAMVTETMMKLRNELKALKEDAATFSSLRAMFATRCDEYVTQLDEMQRQLAAAEDEKKTLNSLLRMAIQQKLALTQRLEHLELDHEQSKRVRAKSASKAKSSNPSPSPTSASGTSLLSDFTASLYWLA	1	80	1	80	1.071E-33	133	1.000	0.095
VOMUR19877	AF-A0A6J1UQ51-F1-model_v4	0.900	80	8	MAGAMEEEEYTKLVMESQPEWLRAEVKRLFHELGETTREKIQAAEYGLVVLEEKQQLKLQYEELELEYETIRSEMEQLKE	MSLAMEEEEYAKLVMESEPEWLRAEIKRLFQELGETTREKIQAAEYGLVVLEEKQQLKQQYEELELEYETIRTEMEQLKEAFGQAHTNHKKVAADGESREETLIQESATKEEYYMKKVMELQTELKQLKNVLANTQSENERLNSVAQELREINQNVEIQRGRLRDDIKEYKFRESRLLQDYTELEEENICLQKQVSILKQNQVEFEGLKHEIKRLEEVTEFLNSQLEDAIRLKEISERQLEEALETLKTEREQKNNLRKELSHYMNINDSMYTSHLNISLDGLKFSDETTEPNNDEIVNGFEPNCLSKINNGNNKASTPKKTDSFPPAPSLVNDLLSELNISEIQKLKQQLMQMEREKMNLLSTLQESQKQLENTRGALSEQHEKVGRLTENLNAMKKLQVSKERQSALDNEKERDSHEDGDYYEVDINGPEILECKYKVAMAEISDLKEELKALKTKYEECESKYEEDKSRYETESQVLTEKISSLDKSSRQDREQVIRLEKELRKVTDVAGETQGSLSVAQDELVTFSEELANLYHHVCMCNNETPNRVMLDYYKQGKGGHTSPEVKGHRSPILLSKGLLLIDLGKAETGSGESSPSPVSSLPSPVSEVSRKEPMNVYNLIAIIRDQIKHLQAAVDRTTELSRQRVTTQELGPVVDKDKEALMEEILKLKSLLSTKREQIATLRTVLKANKQTAEVALANLKSKYENEKAMVTETMMKLRNELKALKEDAATFSSLRAMFATRCDEYVTQLDEMQRQLAAAEDEKKTLNSLLRMAIQQKLALTQRLEHLELDHEQSKRVRAKSASKAKSSNPSVSHIRSCGDKSEGSVLNNQVFCSDKYKICCD	1	80	1	80	1.071E-33	133	1.000	0.095
VOMUR19877	AF-A0A0F7ZD06-F1-model_v4	0.900	80	8	MAGAMEEEEYTKLVMESQPEWLRAEVKRLFHELGETTREKIQAAEYGLVVLEEKQQLKLQYEELELEYETIRSEMEQLKE	MSLAMEEEEYAKLVMESEPEWLRAEIKRLFQELGETTREKIQAAEYGLVVLEEKQQLKQQYEELELEYETIRTEMEQLKEAFGQAHTNHKKVAADGESREETLIQESATKEEYYMKKVMELQTELKQLRNVLANTQSENERLNSVAQELREINQNVEIQRGRLRDDIKEYKFRESRLLQDYTELEEENICLQKQVSILKQNQVEFEGLKHEIKRLEEVTEFLNSQLEDAIRLKEISERQLEEALETLKTEREQKNNLRKELSHYMNINDSMYTSHLNISLDGLKFSDETTEPNNDEIVNGFEPNCLSKINNGNNKASTPKKPDSFPPAPSLVNDLLSELNISEIQKLKQQLMQMEREKMNLLSTLQESQKQLENTRGALSEQREKVGRLTENLSAMKKLQVSKERQSALDNEKDRDSHEDGDYYEVDINDPEILECKYKVAVAEISDLKEELKALKTKYEECESKYEEDKGRYETETQALTEKIGSLDKSSRQDREQVIRLEKELRKVTDVAGETQGSLSVAQDELVTFSEELANLYHHVCMCNNETPNRVMLDYYKQGKGGHTSPEVKGHRSPILLSKGLLSIDLGKSETGSGESSPSPVSSLPSPVSEVSRKEPMNVYNLIAIIRDQIKHLQAAVDRTTELSRHRVTTQELGPVVDKDKEAFMEEILKLKSLLSTKREQIATLRTVLKANKQTAEVALANLKSKYENEKAMVTETMMKLRNELKALKEDAATFSSLRAMFATRCDEYVTQLDEMQRQLAAAEDEKKTLNSLLRMAIQQKLALTQRLEHLELDNEQSKRVRTKSASKVKSSSPSVSHIRSCGDKSEGSVLNNQVFCSDKYKICCD	1	80	1	80	1.071E-33	133	1.000	0.095
VOMUR19877	AF-A0A6P9DA55-F1-model_v4	0.900	80	8	MAGAMEEEEYTKLVMESQPEWLRAEVKRLFHELGETTREKIQAAEYGLVVLEEKQQLKLQYEELELEYETIRSEMEQLKE	MSLAMEEEEYAKLVMESEPEWLRAEIKRLFQELGETTREKIQAAEYGLVVLEEKQQLKQQYEELELEYETIRTEMEQLKEAFGQAHTNHKKVAADGESREETLIQESATKEEYYMKKVMELQTELKQLRNVLANTQSENERLNSVAQELREINQNVENQRGRLRDDIKEYKFRESRLLQDYTELEEENICLQKQVSILKQNQVEFEGLKHEIKRLEEVTEFLNSQLEDAIRLKEISERQLEEALETLKTEREQKNNLRKELSHYMNINDSMYTSHLNISLDGLKFSDETTEPNNDEIVNGFEPNCLSKINNGNNKASTPKKSDSFPPAPSLVNDLLSELNISEIQKLKQQLMQMEREKMNLLSTLQESQKQLENTRGALSEQHEKVGRLTENLNAMKKLQVSKERQSALDNEKERDSHEDGDYYEVDINGPEILECKYKVAMAEISDLKEELKAVKAKYEECESKYEEDKSRYETESQALTEKISSLDKSSRQDREQVIRLEKELRKVTDVAGETQGSLSVAQDELVTFSEELANLYHHVCMCNNETPNRVMLDYYKQGKGGHTSPEVKGHRSPILLSKGLLSIDLGKPETGSGESSPSPVSSLPSPVSEVSRKEPMNVYNLIAIIRDQIKHLQAAVDRTTELSRQRVTTQELGPVVDKDKEALMEEILKLKSLLSTKREQIATLRTVLKANKQTAEVALANLKSKYENEKAMVTETMMKLRNELKALKEDAATFSSLRAMFATRCDEYVTQLDEMQRQLAAAEDEKKTLNSLLRMAIQQKLALTQRLEHLELDHEQSKRVRTKSASKAKSSNPSVSHIRSCGDKSEGSVLNNQVFCSDKYKICCD	1	80	1	80	1.071E-33	133	1.000	0.095
VOMUR19877	AF-A0A6P9DA43-F1-model_v4	0.900	80	8	MAGAMEEEEYTKLVMESQPEWLRAEVKRLFHELGETTREKIQAAEYGLVVLEEKQQLKLQYEELELEYETIRSEMEQLKE	MSLAMEEEEYAKLVMESEPEWLRAEIKRLFQELGETTREKIQAAEYGLVVLEEKQQLKQQYEELELEYETIRTEMEQLKEAFGQAHTNHKKVAADGESREETLIQESATKEEYYMKKVMELQTELKQLRNVLANTQSENERLNSVAQELREINQNVENQRGRLRDDIKEYKFRESRLLQDYTELEEENICLQKQVSILKQNQVEFEGLKHEIKRLEEVTEFLNSQLEDAIRLKEISERQLEEALETLKTEREQKNNLRKELSHYMNINDSMYTSHLNISLDGLKFSDETTEPNNDEIVNGFEPNCLSKINNGNNKASTPKKSDSFPPAPSLVNDLLSELNISEIQKLKQQLMQMEREKMNLLSTLQESQKQLENTRGALSEQHEKVGRLTENLNAMKKLQVSKERQSALDNEKERDSHEDGDYYEVDINGPEILECKYKVAMAEISDLKEELKAVKAKYEECESKYEEDKSRYETESQALTEKISSLDKSSRQDREQVIRLEKELRKVTDVAGETQGSLSVAQDELVTFSEELANLYHHVCMCNNETPNRVMLDYYKQGKGGHTSPEVKGHRSPILLSKGLLSIDLGKPETGSGESSPSPVSSLPSPVSEVSRKEPMNVYNLIAIIRDQIKHLQAAVDRTTELSRQRVTTQELGPVVDKDKEALMEEILKLKSLLSTKREQIATLRTVLKANKQTAEVALANLKSKYENEKAMVTETMMKLRNELKALKEDAATFSSLRAMFATRCDEYVTQLDEMQRQLAAAEDEKKTLNSLLRMAIQQKLALTQRLEHLELDHEQSKRVRTKSASKAKSSNPSPSPTSGSGTSLLSDFTAHCIGWHDILTHLHACEEAAASLINSLVNLPLFIYA	1	80	1	80	1.071E-33	133	1.000	0.092
VOMUR19877	AF-A0A2D4NJT7-F1-model_v4	0.900	80	8	MAGAMEEEEYTKLVMESQPEWLRAEVKRLFHELGETTREKIQAAEYGLVVLEEKQQLKLQYEELELEYETIRSEMEQLKE	VLRGSSFCLLSLPHFLPFLPVWKPPSRPPPPAAKMSLAMEEEEYGKLVMESEPEWLRAEIKRLFQELGETTREKIQAAEYGLVVLEEKQQLKQQYEELELEYETIRTEMEQLKEAFGQAHTNHKKVAADGESREETLIQESATKEEYYMKKVMELQTELKQLRNVLANTQSENERLNSVAQELREINQNVEIQRGRLRDDIKEYKFRESRLLQDYTELEEENICLQKQVSILKQNQVEFEGLKHEIKRLEEVTEFLNSQLEDAIRLKEISERQLEEALETLKTEREQKNNLRKELSHYMNINDSMYTSHLNISLDGLKFSDETTEPNNDEIVNGFEPNCLSKINNGNNKASIPKKTDSFPPAPSLVNDLLSELNISEIQKLKQQLMQMEREKMHLL	1	80	35	114	2.018E-33	132	1.000	0.202
VOMUR19877	AF-A0A2D4IBI0-F1-model_v4	0.900	80	8	MAGAMEEEEYTKLVMESQPEWLRAEVKRLFHELGETTREKIQAAEYGLVVLEEKQQLKLQYEELELEYETIRSEMEQLKE	MSLAMEEEEYGKLVMESEPEWLRAEIKRLFQELGETTREKIQAAEYGLVVLEEKQQLKQQYEELELEYETIRTEMEQLKEAFGQAHTNHKKVAADGESREETLIQESATKEEYYMKKVMELQTELKQLRNVLANTQSENERLNSVAQELREINQNVEIQRGRLRDDIKEYKFRESRLLQDYTELEEENICLQKQVSILKQNQVEFEGLKHEIKRLEEVTEFLNSQLEDAIRLKEISERQLEEALETLKTEREQKNNLRKELSHYMNINDSMYTSHLNISLDGLKFSDETTEPNNDEIVNGFEPNCLSKINNDNNKASTPKKPDSFPPAPSLVNDLLSELNISEIQKLKQQLMQMEREKMNLLSTLQESQKQLENTRGALSEQHEKVGRLTENLNAMKKLQVSKERQSALDNEKERDSHEDGDYYEVDINGPEILECKYKVAMAEISDLKEELKALKAKYEECESKYEEDKSRYETESQALTEKISSLDKSSRQDREQVIRLEKELRKVTDVAGETQGSLSVAQDELVTFSEELANLYHHVCMCNNETPNRVMLDYYKQGKGGHTSPEVKGHRSPILLSKGLLSIDLGKPETGSGESSPSPVSSLPSPVSEVSRKEPMNVYNLIAIIRDQIKHLQAAVDRTTELSRQRVTTQELGPVVDKDKEVLMEEILKLKSLLSTKREQIATLRTVLKANKQTAEVALANLKSKYENEKAMVTETMMKLRNELKALKEDAATFSSLRAMFATRCDEYVTQLDEMQRQLAAAEDEKKTLNSLLRMAIQQKLALTQRLEHLELDHEQSKRVRAKSASKAKSSNPSL	1	80	1	80	2.018E-33	132	1.000	0.098
