"Type"	"Length"	"Start"	"End"	"Species"
"COIL"	5	1	5	"human"
"HELIX"	264	6	269	"human"
"COIL"	62	270	331	"human"
"HELIX"	83	332	414	"human"
"COIL"	17	415	431	"human"
"HELIX"	113	432	544	"human"
"COIL"	16	1	16	"A0A096ME17"
"HELIX"	255	17	271	"A0A096ME17"
"COIL"	67	272	338	"A0A096ME17"
"HELIX"	81	339	419	"A0A096ME17"
"COIL"	16	420	435	"A0A096ME17"
"HELIX"	114	436	549	"A0A096ME17"
"COIL"	7	1	7	"A0A0D9R4A5"
"HELIX"	261	8	268	"A0A0D9R4A5"
"COIL"	64	269	332	"A0A0D9R4A5"
"HELIX"	81	333	413	"A0A0D9R4A5"
"COIL"	18	414	431	"A0A0D9R4A5"
"HELIX"	113	432	544	"A0A0D9R4A5"
"COIL"	11	1	11	"A0A1S3FZ92"
"HELIX"	4	12	15	"A0A1S3FZ92"
"COIL"	2	16	17	"A0A1S3FZ92"
"HELIX"	251	18	268	"A0A1S3FZ92"
"COIL"	65	269	333	"A0A1S3FZ92"
"HELIX"	83	334	416	"A0A1S3FZ92"
"COIL"	16	417	432	"A0A1S3FZ92"
"HELIX"	113	433	545	"A0A1S3FZ92"
"COIL"	2	1	2	"A0A1S3MCV5"
"HELIX"	81	3	83	"A0A1S3MCV5"
"COIL"	24	84	107	"A0A1S3MCV5"
"HELIX"	192	108	299	"A0A1S3MCV5"
"COIL"	66	300	365	"A0A1S3MCV5"
"HELIX"	83	366	448	"A0A1S3MCV5"
"COIL"	16	449	464	"A0A1S3MCV5"
"COIL"	8	1	8	"A0A286XTY8"
"HELIX"	260	9	268	"A0A286XTY8"
"COIL"	65	269	333	"A0A286XTY8"
"HELIX"	81	334	414	"A0A286XTY8"
"COIL"	18	415	432	"A0A286XTY8"
"HELIX"	114	433	546	"A0A286XTY8"
"COIL"	8	1	8	"A0A2K5E631"
"HELIX"	260	9	268	"A0A2K5E631"
"COIL"	64	269	332	"A0A2K5E631"
"HELIX"	81	333	413	"A0A2K5E631"
"COIL"	18	414	431	"A0A2K5E631"
"HELIX"	113	432	544	"A0A2K5E631"
"COIL"	1	1	1	"A0A2K5HPQ3"
"HELIX"	232	2	233	"A0A2K5HPQ3"
"COIL"	63	234	296	"A0A2K5HPQ3"
"HELIX"	79	297	375	"A0A2K5HPQ3"
"COIL"	20	376	395	"A0A2K5HPQ3"
"HELIX"	113	396	508	"A0A2K5HPQ3"
"COIL"	8	1	8	"A0A2K5MV07"
"HELIX"	260	9	268	"A0A2K5MV07"
"COIL"	64	269	332	"A0A2K5MV07"
"HELIX"	81	333	413	"A0A2K5MV07"
"COIL"	18	414	431	"A0A2K5MV07"
"HELIX"	113	432	544	"A0A2K5MV07"
"COIL"	11	1	11	"A0A2K5RC54"
"HELIX"	4	12	15	"A0A2K5RC54"
"COIL"	2	16	17	"A0A2K5RC54"
"HELIX"	251	18	268	"A0A2K5RC54"
"COIL"	64	269	332	"A0A2K5RC54"
"HELIX"	81	333	413	"A0A2K5RC54"
"COIL"	18	414	431	"A0A2K5RC54"
"HELIX"	113	432	544	"A0A2K5RC54"
"COIL"	1	1	1	"A0A2K5XQC5"
"HELIX"	189	2	190	"A0A2K5XQC5"
"COIL"	63	191	253	"A0A2K5XQC5"
"HELIX"	82	254	335	"A0A2K5XQC5"
"COIL"	18	336	353	"A0A2K5XQC5"
"HELIX"	113	354	466	"A0A2K5XQC5"
"COIL"	8	1	8	"A0A2K6E709"
"HELIX"	260	9	268	"A0A2K6E709"
"COIL"	64	269	332	"A0A2K6E709"
"HELIX"	81	333	413	"A0A2K6E709"
"COIL"	18	414	431	"A0A2K6E709"
"HELIX"	113	432	544	"A0A2K6E709"
"COIL"	11	1	11	"A0A2K6ETR7"
"HELIX"	257	12	268	"A0A2K6ETR7"
"COIL"	63	269	331	"A0A2K6ETR7"
"HELIX"	82	332	413	"A0A2K6ETR7"
"COIL"	18	414	431	"A0A2K6ETR7"
"HELIX"	113	432	544	"A0A2K6ETR7"
"COIL"	11	1	11	"A0A2K6K773"
"HELIX"	257	12	268	"A0A2K6K773"
"COIL"	65	269	333	"A0A2K6K773"
"HELIX"	81	334	414	"A0A2K6K773"
"COIL"	17	415	431	"A0A2K6K773"
"HELIX"	113	432	544	"A0A2K6K773"
"COIL"	8	1	8	"A0A2K6PZY9"
"HELIX"	260	9	268	"A0A2K6PZY9"
"COIL"	64	269	332	"A0A2K6PZY9"
"HELIX"	81	333	413	"A0A2K6PZY9"
"COIL"	18	414	431	"A0A2K6PZY9"
"HELIX"	113	432	544	"A0A2K6PZY9"
"COIL"	1	1	1	"A0A2K6TN32"
"HELIX"	194	2	195	"A0A2K6TN32"
"COIL"	62	196	257	"A0A2K6TN32"
"HELIX"	82	258	339	"A0A2K6TN32"
"COIL"	18	340	357	"A0A2K6TN32"
"HELIX"	113	358	470	"A0A2K6TN32"
"COIL"	11	1	11	"A0A2R9B954"
"HELIX"	257	12	268	"A0A2R9B954"
"COIL"	63	269	331	"A0A2R9B954"
"HELIX"	82	332	413	"A0A2R9B954"
"COIL"	18	414	431	"A0A2R9B954"
"HELIX"	113	432	544	"A0A2R9B954"
"COIL"	17	1	17	"A0A3B3D8U6"
"HELIX"	248	18	265	"A0A3B3D8U6"
"COIL"	70	266	335	"A0A3B3D8U6"
"HELIX"	80	336	415	"A0A3B3D8U6"
"COIL"	18	416	433	"A0A3B3D8U6"
"HELIX"	113	434	546	"A0A3B3D8U6"
"COIL"	5	1	5	"A0A3B4CRA6"
"HELIX"	252	6	257	"A0A3B4CRA6"
"COIL"	66	258	323	"A0A3B4CRA6"
"HELIX"	82	324	405	"A0A3B4CRA6"
"COIL"	18	406	423	"A0A3B4CRA6"
"HELIX"	113	424	536	"A0A3B4CRA6"
"COIL"	20	1	20	"A0A3B4T4U3"
"HELIX"	248	21	268	"A0A3B4T4U3"
"COIL"	67	269	335	"A0A3B4T4U3"
"HELIX"	80	336	415	"A0A3B4T4U3"
"COIL"	18	416	433	"A0A3B4T4U3"
"HELIX"	113	434	546	"A0A3B4T4U3"
"COIL"	18	1	18	"A0A3B5QWW2"
"HELIX"	246	19	264	"A0A3B5QWW2"
"COIL"	69	265	333	"A0A3B5QWW2"
"HELIX"	80	334	413	"A0A3B5QWW2"
"COIL"	18	414	431	"A0A3B5QWW2"
"HELIX"	113	432	544	"A0A3B5QWW2"
"COIL"	17	1	17	"A0A3P8TB97"
"HELIX"	251	18	268	"A0A3P8TB97"
"COIL"	68	269	336	"A0A3P8TB97"
"HELIX"	80	337	416	"A0A3P8TB97"
"COIL"	18	417	434	"A0A3P8TB97"
"HELIX"	113	435	547	"A0A3P8TB97"
"COIL"	17	1	17	"A0A3P8WZE3"
"HELIX"	248	18	265	"A0A3P8WZE3"
"COIL"	65	266	330	"A0A3P8WZE3"
"HELIX"	82	331	412	"A0A3P8WZE3"
"COIL"	18	413	430	"A0A3P8WZE3"
"HELIX"	113	431	543	"A0A3P8WZE3"
"COIL"	18	1	18	"A0A3P9AC75"
"HELIX"	250	19	268	"A0A3P9AC75"
"COIL"	66	269	334	"A0A3P9AC75"
"HELIX"	81	335	415	"A0A3P9AC75"
"COIL"	18	416	433	"A0A3P9AC75"
"HELIX"	113	434	546	"A0A3P9AC75"
"COIL"	16	1	16	"A0A3P9NX11"
"HELIX"	251	17	267	"A0A3P9NX11"
"COIL"	67	268	334	"A0A3P9NX11"
"HELIX"	80	335	414	"A0A3P9NX11"
"COIL"	18	415	432	"A0A3P9NX11"
"HELIX"	114	433	546	"A0A3P9NX11"
"COIL"	20	1	20	"A0A3Q0R481"
"HELIX"	248	21	268	"A0A3Q0R481"
"COIL"	67	269	335	"A0A3Q0R481"
"HELIX"	80	336	415	"A0A3Q0R481"
"COIL"	18	416	433	"A0A3Q0R481"
"HELIX"	113	434	546	"A0A3Q0R481"
"COIL"	20	1	20	"A0A3Q1B1T4"
"HELIX"	248	21	268	"A0A3Q1B1T4"
"COIL"	68	269	336	"A0A3Q1B1T4"
"HELIX"	78	337	414	"A0A3Q1B1T4"
"COIL"	20	415	434	"A0A3Q1B1T4"
"HELIX"	113	435	547	"A0A3Q1B1T4"
"COIL"	20	1	20	"A0A3Q2CYM8"
"HELIX"	248	21	268	"A0A3Q2CYM8"
"COIL"	65	269	333	"A0A3Q2CYM8"
"HELIX"	82	334	415	"A0A3Q2CYM8"
"COIL"	18	416	433	"A0A3Q2CYM8"
"HELIX"	113	434	546	"A0A3Q2CYM8"
"COIL"	19	1	19	"A0A3Q2X4E4"
"HELIX"	249	20	268	"A0A3Q2X4E4"
"COIL"	66	269	334	"A0A3Q2X4E4"
"HELIX"	81	335	415	"A0A3Q2X4E4"
"COIL"	18	416	433	"A0A3Q2X4E4"
"HELIX"	113	434	546	"A0A3Q2X4E4"
"COIL"	19	1	19	"A0A3Q2XMF1"
"HELIX"	249	20	268	"A0A3Q2XMF1"
"COIL"	62	269	330	"A0A3Q2XMF1"
"HELIX"	80	331	410	"A0A3Q2XMF1"
"COIL"	18	411	428	"A0A3Q2XMF1"
"HELIX"	113	429	541	"A0A3Q2XMF1"
"COIL"	20	1	20	"A0A3Q3ARM2"
"HELIX"	248	21	268	"A0A3Q3ARM2"
"COIL"	67	269	335	"A0A3Q3ARM2"
"HELIX"	80	336	415	"A0A3Q3ARM2"
"COIL"	18	416	433	"A0A3Q3ARM2"
"HELIX"	113	434	546	"A0A3Q3ARM2"
"COIL"	1	1	1	"A0A3Q3XHA7"
"HELIX"	246	2	247	"A0A3Q3XHA7"
"COIL"	66	248	313	"A0A3Q3XHA7"
"HELIX"	83	314	396	"A0A3Q3XHA7"
"COIL"	16	397	412	"A0A3Q3XHA7"
"HELIX"	113	413	525	"A0A3Q3XHA7"
"COIL"	32	1	32	"A0A3Q4IC86"
"HELIX"	194	33	226	"A0A3Q4IC86"
"COIL"	38	227	264	"A0A3Q4IC86"
"HELIX"	4	265	268	"A0A3Q4IC86"
"COIL"	23	269	291	"A0A3Q4IC86"
"HELIX"	80	292	371	"A0A3Q4IC86"
"COIL"	20	372	391	"A0A3Q4IC86"
"HELIX"	113	392	504	"A0A3Q4IC86"
"COIL"	8	1	8	"A0A3Q7RDD7"
"HELIX"	260	9	268	"A0A3Q7RDD7"
"COIL"	58	269	326	"A0A3Q7RDD7"
"HELIX"	80	327	406	"A0A3Q7RDD7"
"COIL"	18	407	424	"A0A3Q7RDD7"
"HELIX"	113	425	537	"A0A3Q7RDD7"
"COIL"	1	1	1	"A0A401RUN3"
"HELIX"	195	2	196	"A0A401RUN3"
"COIL"	60	197	256	"A0A401RUN3"
"HELIX"	82	257	338	"A0A401RUN3"
"COIL"	18	339	356	"A0A401RUN3"
"HELIX"	113	357	469	"A0A401RUN3"
"COIL"	14	1	14	"A0A452FM02"
"HELIX"	260	15	274	"A0A452FM02"
"COIL"	55	275	329	"A0A452FM02"
"HELIX"	80	330	409	"A0A452FM02"
"COIL"	18	410	427	"A0A452FM02"
"HELIX"	114	428	541	"A0A452FM02"
"COIL"	9	1	9	"A0A452RFE6"
"HELIX"	259	10	268	"A0A452RFE6"
"COIL"	58	269	326	"A0A452RFE6"
"HELIX"	80	327	406	"A0A452RFE6"
"COIL"	18	407	424	"A0A452RFE6"
"HELIX"	113	425	537	"A0A452RFE6"
"COIL"	11	1	11	"A0A4W2D949"
"HELIX"	4	12	15	"A0A4W2D949"
"COIL"	2	16	17	"A0A4W2D949"
"HELIX"	251	18	268	"A0A4W2D949"
"COIL"	58	269	326	"A0A4W2D949"
"HELIX"	80	327	406	"A0A4W2D949"
"COIL"	18	407	424	"A0A4W2D949"
"HELIX"	114	425	538	"A0A4W2D949"
"COIL"	1	1	1	"A0A4W3IFU2"
"HELIX"	206	2	207	"A0A4W3IFU2"
"COIL"	60	208	267	"A0A4W3IFU2"
"HELIX"	82	268	349	"A0A4W3IFU2"
"COIL"	18	350	367	"A0A4W3IFU2"
"HELIX"	113	368	480	"A0A4W3IFU2"
"COIL"	18	1	18	"A0A4W4DWV7"
"HELIX"	245	19	263	"A0A4W4DWV7"
"COIL"	67	264	330	"A0A4W4DWV7"
"HELIX"	81	331	411	"A0A4W4DWV7"
"COIL"	19	412	430	"A0A4W4DWV7"
"HELIX"	129	431	559	"A0A4W4DWV7"
"COIL"	6	1	6	"A0A4X1U8R3"
"HELIX"	262	7	268	"A0A4X1U8R3"
"COIL"	57	269	325	"A0A4X1U8R3"
"HELIX"	81	326	406	"A0A4X1U8R3"
"COIL"	18	407	424	"A0A4X1U8R3"
"HELIX"	114	425	538	"A0A4X1U8R3"
"COIL"	10	1	10	"A0A4X2L4E7"
"HELIX"	258	11	268	"A0A4X2L4E7"
"COIL"	64	269	332	"A0A4X2L4E7"
"HELIX"	82	333	414	"A0A4X2L4E7"
"COIL"	18	415	432	"A0A4X2L4E7"
"HELIX"	113	433	545	"A0A4X2L4E7"
"COIL"	17	1	17	"A0A5F5XLE2"
"HELIX"	248	18	265	"A0A5F5XLE2"
"COIL"	64	266	329	"A0A5F5XLE2"
"HELIX"	73	330	402	"A0A5F5XLE2"
"COIL"	21	403	423	"A0A5F5XLE2"
"HELIX"	113	424	536	"A0A5F5XLE2"
"COIL"	5	1	5	"A0A5F7ZWW2"
"HELIX"	79	6	84	"A0A5F7ZWW2"
"COIL"	22	85	106	"A0A5F7ZWW2"
"HELIX"	190	107	296	"A0A5F7ZWW2"
"COIL"	63	297	359	"A0A5F7ZWW2"
"HELIX"	81	360	440	"A0A5F7ZWW2"
"COIL"	18	441	458	"A0A5F7ZWW2"
"COIL"	1	1	1	"A0A663MN79"
"HELIX"	154	2	155	"A0A663MN79"
"COIL"	61	156	216	"A0A663MN79"
"HELIX"	82	217	298	"A0A663MN79"
"COIL"	18	299	316	"A0A663MN79"
"HELIX"	114	317	430	"A0A663MN79"
"COIL"	5	431	435	"A0A663MN79"
"HELIX"	9	436	444	"A0A663MN79"
"COIL"	59	445	503	"A0A663MN79"
"COIL"	17	1	17	"A0A665VZP9"
"HELIX"	251	18	268	"A0A665VZP9"
"COIL"	66	269	334	"A0A665VZP9"
"HELIX"	81	335	415	"A0A665VZP9"
"COIL"	18	416	433	"A0A665VZP9"
"HELIX"	113	434	546	"A0A665VZP9"
"COIL"	17	1	17	"A0A668VWE2"
"HELIX"	251	18	268	"A0A668VWE2"
"COIL"	67	269	335	"A0A668VWE2"
"HELIX"	80	336	415	"A0A668VWE2"
"COIL"	18	416	433	"A0A668VWE2"
"HELIX"	113	434	546	"A0A668VWE2"
"COIL"	17	1	17	"A0A669EWE9"
"HELIX"	251	18	268	"A0A669EWE9"
"COIL"	66	269	334	"A0A669EWE9"
"HELIX"	83	335	417	"A0A669EWE9"
"COIL"	16	418	433	"A0A669EWE9"
"HELIX"	114	434	547	"A0A669EWE9"
"COIL"	17	1	17	"A0A669P294"
"HELIX"	250	18	267	"A0A669P294"
"COIL"	64	268	331	"A0A669P294"
"HELIX"	83	332	414	"A0A669P294"
"COIL"	16	415	430	"A0A669P294"
"HELIX"	113	431	543	"A0A669P294"
"COIL"	17	1	17	"A0A670HPE4"
"HELIX"	251	18	268	"A0A670HPE4"
"COIL"	63	269	331	"A0A670HPE4"
"HELIX"	81	332	412	"A0A670HPE4"
"COIL"	18	413	430	"A0A670HPE4"
"HELIX"	114	431	544	"A0A670HPE4"
"COIL"	17	1	17	"A0A670YC23"
"HELIX"	251	18	268	"A0A670YC23"
"COIL"	62	269	330	"A0A670YC23"
"HELIX"	82	331	412	"A0A670YC23"
"COIL"	18	413	430	"A0A670YC23"
"HELIX"	113	431	543	"A0A670YC23"
"COIL"	16	1	16	"A0A671EQR9"
"HELIX"	250	17	266	"A0A671EQR9"
"COIL"	61	267	327	"A0A671EQR9"
"HELIX"	77	328	404	"A0A671EQR9"
"COIL"	20	405	424	"A0A671EQR9"
"HELIX"	113	425	537	"A0A671EQR9"
"COIL"	19	1	19	"A0A671VWL6"
"HELIX"	249	20	268	"A0A671VWL6"
"COIL"	64	269	332	"A0A671VWL6"
"HELIX"	80	333	412	"A0A671VWL6"
"COIL"	18	413	430	"A0A671VWL6"
"HELIX"	113	431	543	"A0A671VWL6"
"COIL"	18	1	18	"A0A672ISK0"
"HELIX"	247	19	265	"A0A672ISK0"
"COIL"	66	266	331	"A0A672ISK0"
"HELIX"	81	332	412	"A0A672ISK0"
"COIL"	18	413	430	"A0A672ISK0"
"HELIX"	113	431	543	"A0A672ISK0"
"COIL"	6	1	6	"A0A672MWG4"
"HELIX"	257	7	263	"A0A672MWG4"
"COIL"	62	264	325	"A0A672MWG4"
"HELIX"	80	326	405	"A0A672MWG4"
"COIL"	20	406	425	"A0A672MWG4"
"HELIX"	113	426	538	"A0A672MWG4"
"COIL"	9	1	9	"A0A672U0S3"
"HELIX"	3	10	12	"A0A672U0S3"
"COIL"	5	13	17	"A0A672U0S3"
"HELIX"	251	18	268	"A0A672U0S3"
"COIL"	64	269	332	"A0A672U0S3"
"HELIX"	82	333	414	"A0A672U0S3"
"COIL"	16	415	430	"A0A672U0S3"
"HELIX"	114	431	544	"A0A672U0S3"
"COIL"	17	1	17	"A0A673Z2A4"
"HELIX"	248	18	265	"A0A673Z2A4"
"COIL"	67	266	332	"A0A673Z2A4"
"HELIX"	80	333	412	"A0A673Z2A4"
"COIL"	18	413	430	"A0A673Z2A4"
"HELIX"	113	431	543	"A0A673Z2A4"
"COIL"	46	1	46	"A0A674GUP4"
"HELIX"	243	47	289	"A0A674GUP4"
"COIL"	63	290	352	"A0A674GUP4"
"HELIX"	83	353	435	"A0A674GUP4"
"COIL"	16	436	451	"A0A674GUP4"
"COIL"	20	1	20	"A0A674PJL4"
"HELIX"	245	21	265	"A0A674PJL4"
"COIL"	64	266	329	"A0A674PJL4"
"HELIX"	82	330	411	"A0A674PJL4"
"COIL"	18	412	429	"A0A674PJL4"
"HELIX"	113	430	542	"A0A674PJL4"
"COIL"	9	1	9	"A0A7M4FQT5"
"HELIX"	5	10	14	"A0A7M4FQT5"
"COIL"	3	15	17	"A0A7M4FQT5"
"HELIX"	249	18	266	"A0A7M4FQT5"
"COIL"	66	267	332	"A0A7M4FQT5"
"HELIX"	82	333	414	"A0A7M4FQT5"
"COIL"	16	415	430	"A0A7M4FQT5"
"HELIX"	113	431	543	"A0A7M4FQT5"
"COIL"	13	1	13	"B7PH72"
"HELIX"	254	14	267	"B7PH72"
"COIL"	61	268	328	"B7PH72"
"HELIX"	33	329	361	"B7PH72"
"COIL"	4	362	365	"B7PH72"
"HELIX"	29	366	394	"B7PH72"
"COIL"	7	395	401	"B7PH72"
"HELIX"	3	402	404	"B7PH72"
"COIL"	1	405	405	"B7PH72"
"HELIX"	11	406	416	"B7PH72"
"COIL"	6	417	422	"B7PH72"
"HELIX"	15	423	437	"B7PH72"
"COIL"	3	438	440	"B7PH72"
"HELIX"	34	441	474	"B7PH72"
"COIL"	2	1	2	"E3N415"
"HELIX"	253	3	255	"E3N415"
"COIL"	36	256	291	"E3N415"
"HELIX"	35	292	326	"E3N415"
"COIL"	11	327	337	"E3N415"
"HELIX"	80	338	417	"E3N415"
"COIL"	5	418	422	"E3N415"
"HELIX"	16	423	438	"E3N415"
"COIL"	35	439	473	"E3N415"
"COIL"	9	1	9	"F6PIY7"
"HELIX"	6	10	15	"F6PIY7"
"COIL"	2	16	17	"F6PIY7"
"HELIX"	249	18	266	"F6PIY7"
"COIL"	66	267	332	"F6PIY7"
"HELIX"	82	333	414	"F6PIY7"
"COIL"	18	415	432	"F6PIY7"
"HELIX"	113	433	545	"F6PIY7"
"COIL"	4	1	4	"F6U254"
"HELIX"	252	5	256	"F6U254"
"COIL"	30	257	286	"F6U254"
"HELIX"	4	287	290	"F6U254"
"COIL"	21	291	311	"F6U254"
"HELIX"	67	312	378	"F6U254"
"COIL"	14	379	392	"F6U254"
"HELIX"	104	393	496	"F6U254"
"COIL"	9	1	9	"F6X7P3"
"HELIX"	259	10	268	"F6X7P3"
"COIL"	63	269	331	"F6X7P3"
"HELIX"	81	332	412	"F6X7P3"
"COIL"	18	413	430	"F6X7P3"
"HELIX"	113	431	543	"F6X7P3"
"COIL"	104	1	104	"F7DPZ1"
"HELIX"	254	105	358	"F7DPZ1"
"COIL"	55	359	413	"F7DPZ1"
"HELIX"	79	414	492	"F7DPZ1"
"COIL"	20	1	20	"fibsh"
"HELIX"	245	21	265	"fibsh"
"COIL"	64	266	329	"fibsh"
"HELIX"	82	330	411	"fibsh"
"COIL"	18	412	429	"fibsh"
"HELIX"	113	430	542	"fibsh"
"COIL"	1	1	1	"G1PLU3"
"HELIX"	191	2	192	"G1PLU3"
"COIL"	56	193	248	"G1PLU3"
"HELIX"	82	249	330	"G1PLU3"
"COIL"	17	331	347	"G1PLU3"
"HELIX"	113	348	460	"G1PLU3"
"COIL"	4	1	4	"G1S3E3"
"HELIX"	223	5	227	"G1S3E3"
"COIL"	62	228	289	"G1S3E3"
"HELIX"	82	290	371	"G1S3E3"
"COIL"	18	372	389	"G1S3E3"
"HELIX"	113	390	502	"G1S3E3"
"COIL"	11	1	11	"G1SZW5"
"HELIX"	257	12	268	"G1SZW5"
"COIL"	65	269	333	"G1SZW5"
"HELIX"	80	334	413	"G1SZW5"
"COIL"	18	414	431	"G1SZW5"
"HELIX"	113	432	544	"G1SZW5"
"COIL"	9	1	9	"G3N3P0"
"HELIX"	259	10	268	"G3N3P0"
"COIL"	57	269	325	"G3N3P0"
"HELIX"	81	326	406	"G3N3P0"
"COIL"	18	407	424	"G3N3P0"
"HELIX"	113	425	537	"G3N3P0"
"COIL"	16	1	16	"G3RH83"
"HELIX"	228	17	244	"G3RH83"
"COIL"	63	245	307	"G3RH83"
"HELIX"	81	308	388	"G3RH83"
"COIL"	18	389	406	"G3RH83"
"HELIX"	113	407	519	"G3RH83"
"COIL"	9	1	9	"G3UHE4"
"HELIX"	259	10	268	"G3UHE4"
"COIL"	68	269	336	"G3UHE4"
"HELIX"	80	337	416	"G3UHE4"
"COIL"	18	417	434	"G3UHE4"
"HELIX"	113	435	547	"G3UHE4"
"COIL"	16	1	16	"gorilla"
"HELIX"	228	17	244	"gorilla"
"COIL"	63	245	307	"gorilla"
"HELIX"	81	308	388	"gorilla"
"COIL"	18	389	406	"gorilla"
"HELIX"	113	407	519	"gorilla"
"COIL"	11	1	11	"H0WL58"
"HELIX"	257	12	268	"H0WL58"
"COIL"	64	269	332	"H0WL58"
"HELIX"	81	333	413	"H0WL58"
"COIL"	18	414	431	"H0WL58"
"HELIX"	113	432	544	"H0WL58"
"COIL"	10	1	10	"H2PSP8"
"HELIX"	258	11	268	"H2PSP8"
"COIL"	63	269	331	"H2PSP8"
"HELIX"	82	332	413	"H2PSP8"
"COIL"	18	414	431	"H2PSP8"
"HELIX"	114	432	545	"H2PSP8"
"COIL"	9	1	9	"H2QXG9"
"HELIX"	222	10	231	"H2QXG9"
"COIL"	63	232	294	"H2QXG9"
"HELIX"	82	295	376	"H2QXG9"
"COIL"	18	377	394	"H2QXG9"
"HELIX"	113	395	507	"H2QXG9"
"COIL"	1	1	1	"H3DKP7"
"HELIX"	191	2	192	"H3DKP7"
"COIL"	62	193	254	"H3DKP7"
"HELIX"	81	255	335	"H3DKP7"
"COIL"	18	336	353	"H3DKP7"
"HELIX"	113	354	466	"H3DKP7"
"COIL"	18	1	18	"K7F5V1"
"HELIX"	250	19	268	"K7F5V1"
"COIL"	61	269	329	"K7F5V1"
"HELIX"	81	330	410	"K7F5V1"
"COIL"	19	411	429	"K7F5V1"
"HELIX"	113	430	542	"K7F5V1"
"COIL"	9	1	9	"M3XLQ0"
"HELIX"	259	10	268	"M3XLQ0"
"COIL"	61	269	329	"M3XLQ0"
"HELIX"	82	330	411	"M3XLQ0"
"COIL"	18	412	429	"M3XLQ0"
"HELIX"	113	430	542	"M3XLQ0"
"COIL"	8	1	8	"M3XZI8"
"HELIX"	260	9	268	"M3XZI8"
"COIL"	57	269	325	"M3XZI8"
"HELIX"	81	326	406	"M3XZI8"
"COIL"	18	407	424	"M3XZI8"
"HELIX"	113	425	537	"M3XZI8"
"COIL"	5	1	5	"monke"
"HELIX"	79	6	84	"monke"
"COIL"	22	85	106	"monke"
"HELIX"	190	107	296	"monke"
"COIL"	63	297	359	"monke"
"HELIX"	81	360	440	"monke"
"COIL"	18	441	458	"monke"
"COIL"	7	1	7	"Q496Z1"
"HELIX"	259	8	266	"Q496Z1"
"COIL"	70	267	336	"Q496Z1"
"HELIX"	77	337	413	"Q496Z1"
"COIL"	20	414	433	"Q496Z1"
"HELIX"	114	434	547	"Q496Z1"
"COIL"	7	1	7	"rat"
"HELIX"	259	8	266	"rat"
"COIL"	70	267	336	"rat"
"HELIX"	77	337	413	"rat"
"COIL"	20	414	433	"rat"
"HELIX"	114	434	547	"rat"
"COIL"	2	1	2	"T2M8Z9"
"HELIX"	244	3	246	"T2M8Z9"
"COIL"	45	247	291	"T2M8Z9"
"HELIX"	175	292	466	"T2M8Z9"
"COIL"	24	1	24	"U3J6N0"
"HELIX"	251	25	275	"U3J6N0"
"COIL"	62	276	337	"U3J6N0"
"HELIX"	83	338	420	"U3J6N0"
"COIL"	16	421	436	"U3J6N0"
"HELIX"	114	437	550	"U3J6N0"
"COIL"	18	1	18	"W5N9R0"
"HELIX"	248	19	266	"W5N9R0"
"COIL"	64	267	330	"W5N9R0"
"HELIX"	81	331	411	"W5N9R0"
"COIL"	18	412	429	"W5N9R0"
"HELIX"	113	430	542	"W5N9R0"
"COIL"	2	1	2	"W5PEC2"
"HELIX"	193	3	195	"W5PEC2"
"COIL"	56	196	251	"W5PEC2"
"HELIX"	81	252	332	"W5PEC2"
"COIL"	18	333	350	"W5PEC2"
"HELIX"	113	351	463	"W5PEC2"
